da,le,pe,ja,ju,p,j,i,bal,is,bar,abr,a,ab,ij,d,k,c,jóg,ijóg,kr,krẽ,jó,ijó,cr
,,,,,,jesus,,,,,,,,,,,,,,,,,,
,,,,,,jo,,,,,,,,,,,,,,,,,,
,,,,,,,,,,,,,,,,ko,,,,,,,,
,,,,,,,,,,,,,,,do,,,,,,,,,
,,,,,,,,,iso,,,,,,,,,,,,,,,
,,,,,po,,,,,,,,,,,,,,,,,,,
,,,,,,,,,,,,,,ijo,,,,,,,,,,
,,,,justo,,,,,,,,,,,,,,,,,,,,
,,,,,,,,,,,,,,,,,,,,,,,,cristo
,,,,,,,,,,,,,,,,,cristo,,,,,,,
,,,,,,,,,,,,,,,,,,,,,,,ijóg,
,,,,,,,,,,,,,,,,,,,,,krẽg,,,
,,,,,,,,,,,,ag,,,,,,,,,,,,
,,,,,,,,,,,,,,,,,,,,,,jóg,,
,,,,,,,,,,,,,,,,,,,,króg,,,,
,,,,,,jóg,,,,,,,,,,,,,,,,,,
,,,,,,,,,,,,,,ijóg,,,,,,,,,,
,,,,,,,,,isóg,,,,,,,,,,,,,,,
,,,,,,,ijóg,,,,,,,,,,,,,,,,,
,,,,,,,,,,,,,,,,,,jógꞌjóg,,,,,,
,,,,,,,,,,,,,,,,,,,ijógꞌjóg,,,,,
,,,,,,,,,,,,,,,,,,,,,,jógꞌjóg,,
,,,,,,,,,,,,,,,,,,,,,,,ijógꞌjóg,
,,,,,,jógꞌjóg,,,,,,,,,,,,,,,,,,
,,,,,,,,,,,,,,ijógꞌjóg,,,,,,,,,,
,,,,,,je,,,,,,,,,,,,,,,,,,
,,,,,pe,,,,,,,,,,,,,,,,,,,
,,,,,,,,,,,,,,,,,,,,kre,,,,
,,,,,,,,,,,,,,,,ke,,,,,,,,
,,,,,,,,,ise,,,,,,,,,,,,,,,
,,,,,,,in,,,,,,,,,,,,,,,,,
,,,jan,,,,,,,,,,,,,,,,,,,,,
,,,,jun,,,,,,,,,,,,,,,,,,,,
,,,,,,,,,,,,,,,,kán,,,,,,,,
,,,,,,jẽ,,,,,,,,,,,,,,,,,,
,,,,,,,,,,,,,,,,,,,,krẽ,,,,
,,,,,pẽ,,,,,,,,,,,,,,,,,,,
,,,,,,jỹ,,,,,,,,,,,,,,,,,,
,,,,,,,,,,,,,,,,,,,,krỹ,,,,
,,,,,,,,,isỹ,,,,,,,,,,,,,,,
,,,,,,,,,,,,,,,,kỹ,,,,,,,,
,,,,,,,,,,,,,,,,,,,,kri,,,,
,,,,,,,,,,,,,,,,ki,,,,,,,,
,,,,,pi,,,,,,,,,,,,,,,,,,,
,lei,,,,,,,,,,,,,,,,,,,,,,,
,,,,,,ji,,,,,,,,,,,,,,,,,,
davi,,,,,,,,,,,,,,,,,,,,,,,,
,levi,,,,,,,,,,,,,,,,,,,,,,,
,,,,,,,,,,,,,,,davi,,,,,,,,,
,,,,,,,,,,,,,,,,krẽ,,,,,,,,
,,,,,,,,,,,,,,,,,,,,,krẽꞌkrẽ,,,
,,,,,,,,,,,,,,,,,,,,krẽꞌkrẽ,,,,
,,,,,,,,,,,,,,,,krẽꞌkrẽ,,,,,,,,
,,,,,pĩ,,,,,,,,,,,,,,,,,,,
,,,,,,,,,,,,,,,,,,,,krĩ,,,,
,,,,,,,,,isĩ,,,,,,,,,,,,,,,
,,,,,pão,,,,,,,,,,,,,,,,,,,
,,,,,,,,,,,abraão,,,,,,,,,,,,,
,,,,,,,,balaão,,,,,,,,,,,,,,,,
,,,,,,,,,,,,,abraão,,,,,,,,,,,
,,,,,,,,,,,,abraão,,,,,,,,,,,,
,,,,,,,,balaque,,,,,,,,,,,,,,,,
,,,,,,,,,isaque,,,,,,,,,,,,,,,
,,,,,,,,,,baraque,,,,,,,,,,,,,,
,,,,,,,isaque,,,,,,,,,,,,,,,,,
,,,,,pan,,,,,,,,,,,,,,,,,,,
,,,,,,jan,,,,,,,,,,,,,,,,,,
,,,,,,,,,,,,,,,,kan,,,,,,,,
,,,,,,jó,,,,,,,,,,,,,,,,,,
,,,,,pó,,,,,,,,,,,,,,,,,,,
,,,,,,,,,,,,,,,,kó,,,,,,,,
,,,jacó,,,,,,,,,,,,,,,,,,,,,
,,,,,,jacó,,,,,,,,,,,,,,,,,,
,,,,,,,,,,,,,,,,ká,,,,,,,,
,,,,,,já,,,,,,,,,,,,,,,,,,
,,,,judá,,,,,,,,,,,,,,,,,,,,
,,,,,,judá,,,,,,,,,,,,,,,,,,
,,,,,,jé,,,,,,,,,,,,,,,,,,
,,,,,,,,,,,,,,ijé,,,,,,,,,,
,,,,,,,,,isé,,,,,,,,,,,,,,,
,,,,,pé,,,,,,,,,,,,,,,,,,,
,,,,,,,,,,,,,,,,,,,,kré,,,,
,,,,,,,,,,,,,,,,ké,,,,,,,,
,,,,,,,,,,,,,,,,kré,,,,,,,,
,,peres,,,,,,,,,,,,,,,,,,,,,,
,,,,,peres,,,,,,,,,,,,,,,,,,,
,,,,,,,,,,,,,aba,,,,,,,,,,,
,,,,,pa,,,,,,,,,,,,,,,,,,,
,,,,,,,,,,,,,,,da,,,,,,,,,
,,,,,,,,,,,,,,,,ka,,,,,,,,
,,,,,,ja,,,,,,,,,,,,,,,,,,
,,,,,,,,,,,,,,,,,,,,kra,,,,
,,,,,,,,,isa,,,,,,,,,,,,,,,
,,,,,,,,,,,,,,,,kra,,,,,,,,
,,,,,pra,,,,,,,,,,,,,,,,,,,
,,,,,,,,,isũ,,,,,,,,,,,,,,,
,,,,,,,,,,,,,,ijũ,,,,,,,,,,
,,,,,,jũ,,,,,,,,,,,,,,,,,,
,,,,,prũ,,,,,,,,,,,,,,,,,,,
,,,,jur,,,,,,,,,,,,,,,,,,,,
,,,jar,,,,,,,,,,,,,,,,,,,,,
,,,,,par,,,,,,,,,,,,,,,,,,,
,,,,,,jar,,,,,,,,,,,,,,,,,,
,,,,,,,,,,,,,,,,kar,,,,,,,,
,,,,,,,,,isar,,,,,,,,,,,,,,,
,,,,,,,,,,,,,,,,kyn,,,,,,,,
,,,,,,,,,,,,,,,,,,,,,krẽm,,,
,,,,,,,,,,,,arão,,,,,,,,,,,,
,,,,,,,,,,,,amom,,,,,,,,,,,,
,,,,,,,,balde,,,,,,,,,,,,,,,,
,,,,,,,isé,,,,,,,,,,,,,,,,,
,,,,,,jessé,,,,,,,,,,,,,,,,,,
,,,,,pãꞌi,,,,,,,,,,,,,,,,,,,
,,,,,,,,,,,,,,,dias,,,,,,,,,
,,,,,,,,,,,,,abias,,,,,,,,,,,
,,,,,,joão,,,,,,,,,,,,,,,,,,
,,,,,,,,,,,,abias,,,,,,,,,,,,
,,,,,,,,,,,,asa,,,,,,,,,,,,
,,,,,,,isa,,,,,,,,,,,,,,,,,
,,,,,,josafá,,,,,,,,,,,,,,,,,,
,,,,,,jorão,,,,,,,,,,,,,,,,,,
,,,,,,jotão,,,,,,,,,,,,,,,,,,
,,,,,,,,,,,,acaz,,,,,,,,,,,,
,,,,,,josias,,,,,,,,,,,,,,,,,,
,,,,,,jy,,,,,,,,,,,,,,,,,,
,,,,,,,,,,,,,,,,,,,,kry,,,,
,,,,,,,,,,,,,,ijy,,,,,,,,,,
,,,,,,,,,,,,,,,,kãvy,,,,,,,,
,,,,,,jãvy,,,,,,,,,,,,,,,,,,
,,,,,,,,,,,,,abel,,,,,,,,,,,
,,,,,,,,,israel,,,,,,,,,,,,,,,
,,,,,,,israel,,,,,,,,,,,,,,,,,
,,,,,,,,,,,,,,,,,cidade,,,,,,,
,,,,,,,,,,,,,,,dia,,,,,,,,,
,,,,,,jã,,,,,,,,,,,,,,,,,,
,,,,,,,,,,,,,,,,,,,,krã,,,,
,,,,,,,,,,,,,,,,kã,,,,,,,,
,,,,,,,ise,,,,,,,,,,,,,,,,,
,,,,,,,,,isỹn,,,,,,,,,,,,,,,
,,,,,,,,,,,,,,,,kỹn,,,,,,,,
,,,,,pỹn,,,,,,,,,,,,,,,,,,,
,,,,,,,,,,,,abel,,,,,,,,,,,,
,,,,,,,,,isabel,,,,,,,,,,,,,,,
,,,,,,,,,,,,,abiúde,,,,,,,,,,,
,,,,,,,,,,,,abiúde,,,,,,,,,,,,
,,,,,,,,,,,,aquim,,,,,,,,,,,,
,,,,,por,,,,,,,,,,,,,,,,,,,
,,,,,,,,,,,,azor,,,,,,,,,,,,
,,,,,,josé,,,,,,,,,,,,,,,,,,
,,,,,,,,,,,,,,,,kén,,,,,,,,
,,,,,,,,,,,,,,,,,,,,krén,,,,
,,,,,,jén,,,,,,,,,,,,,,,,,,
,,,,,,,,,isén,,,,,,,,,,,,,,,
,,,,,,,,,,,,,,,,kur,,,,,,,,
,,,,,pur,,,,,,,,,,,,,,,,,,,
,,,,,,jur,,,,,,,,,,,,,,,,,,
,,,,,,,,,,,,,,,,krén,,,,,,,,
,,,,,pãte,,,,,,,,,,,,,,,,,,,
,,,,,,,inh,,,,,,,,,,,,,,,,,
,,,,,,jũnh,,,,,,,,,,,,,,,,,,
,,,,,prũnh,,,,,,,,,,,,,,,,,,,
,,,,,,,,,iser,,,,,,,,,,,,,,,
,,,,,,,,,,,,,,,,ker,,,,,,,,
,,,jagnẽ,,,,,,,,,,,,,,,,,,,,,
,,,,,,jagnẽ,,,,,,,,,,,,,,,,,,
,,,,,,,,,,,,,,,,kufy,,,,,,,,
,,,,,,,,,isĩg,,,,,,,,,,,,,,,
,,,,,,,,,,,,,,,,,,,,krĩg,,,,
,,,,,,,,,,,,,,,,krĩg,,,,,,,,
,,,,,,,,,,,,,,,,kuprĩg,,,,,,,,
,,,,,,jẽg,,,,,,,,,,,,,,,,,,
,,,,,,,,,,,,,,,,,,,,krẽg,,,,
,,,,,pẽg,,,,,,,,,,,,,,,,,,,
,,,,,pir,,,,,,,,,,,,,,,,,,,
,,,jakré,,,,,,,,,,,,,,,,,,,,,
,,,,,,jykré,,,,,,,,,,,,,,,,,,
,,,,,,,,,,,,,,,,kuryj,,,,,,,,
,,,,,,,,,isãg,,,,,,,,,,,,,,,
,,,,,pãg,,,,,,,,,,,,,,,,,,,
,,,,,,,,,,,,,,,,kór,,,,,,,,
,,,,,pin,,,,,,,,,,,,,,,,,,,
,,,,,pĩnh,,,,,,,,,,,,,,,,,,,
,,,,,,,,,isãnh,,,,,,,,,,,,,,,
,,,,,pãnh,,,,,,,,,,,,,,,,,,,
,,,,,,,,,isovãnh,,,,,,,,,,,,,,,
,,,,,,jykrén,,,,,,,,,,,,,,,,,,
,,,,,,jẽnẽ,,,,,,,,,,,,,,,,,,
,,,jafã,,,,,,,,,,,,,,,,,,,,,
,,,,,,,,,,,,,,,,kafã,,,,,,,,
,,,,,,jafã,,,,,,,,,,,,,,,,,,
,,,,,,jẽnh,,,,,,,,,,,,,,,,,,
,,,,,,,,,,,,,,,,ken,,,,,,,,
,,,,,,,,,,,,,,,,,,,,kren,,,,
,,,,,péti,,,,,,,,,,,,,,,,,,,
,,,,,,,,,,,,,,,,,,,,krãn,,,,
,,,,,,,,,,,,,,,,kãn,,,,,,,,
,,,,,,jãn,,,,,,,,,,,,,,,,,,
,,,,,,,,,,,,,,,,kónãn,,,,,,,,
,,,,,pun,,,,,,,,,,,,,,,,,,,
,,,,,,jun,,,,,,,,,,,,,,,,,,
,,,jatun,,,,,,,,,,,,,,,,,,,,,
,,,,,,jatun,,,,,,,,,,,,,,,,,,
,,,,,prũg,,,,,,,,,,,,,,,,,,,
,,,,,,,,,,,,,,,,,,,ijógꞌ,,,,,
,,,,,,,,,,,,,,,,,,,,,krẽꞌ,,,
,,,,,,,,,,,,,,,,,,jógꞌ,,,,,,
,,,,,,jéꞌ,,,,,,,,,,,,,,,,,,
,,,,,pijéꞌ,,,,,,,,,,,,,,,,,,,
,,,,,,,,,,,,,,,,kósin,,,,,,,,
,,,,,,,,,,,,,,,,kemnĩ,,,,,,,,
,,,javo,,,,,,,,,,,,,,,,,,,,,
,,,,,povo,,,,,,,,,,,,,,,,,,,
,,,,,,,,,,,,,,,,kren,,,,,,,,
,,,,,,,,,,,,,,,,,,,,krenkren,,,,
,,,,,panh,,,,,,,,,,,,,,,,,,,
,,,,,,,,,isanh,,,,,,,,,,,,,,,
,,,,,,,isỹ,,,,,,,,,,,,,,,,,
,,,,,,,,,isenh,,,,,,,,,,,,,,,
,,,,,,,,,,,,,,,,,,,,krenh,,,,
,,,,,,,,,,,,,,,,kenh,,,,,,,,
,,,,,póm,,,,,,,,,,,,,,,,,,,
,,,,,,,,,,,,,,,,,,,,króm,,,,
,,,,,,,,,,,,,,,,kóm,,,,,,,,
,,,,,,,,,,,,,,,,króm,,,,,,,,
,,,,,pẽn,,,,,,,,,,,,,,,,,,,
,,,,,,,,,,,,,,ijẽn,,,,,,,,,,
,,,,,,jẽn,,,,,,,,,,,,,,,,,,
,,,,,,,ijẽn,,,,,,,,,,,,,,,,,
,,,,,,,,,,,,,,,,kejẽn,,,,,,,,
,,,,,,,,,iség,,,,,,,,,,,,,,,
,,,,,,,,,,,,,,,,,,,,krég,,,,
,,,,,,jijin,,,,,,,,,,,,,,,,,,
,,,,,,,,,,,,,,,,kãmũfi,,,,,,,,
,,,,,,,,,,,,,,,,,,,,krém,,,,
,,,,judéia,,,,,,,,,,,,,,,,,,,,
,,,,,,judéia,,,,,,,,,,,,,,,,,,
,,,,,,,,,,,,,,,,krã,,,,,,,,
,,,,,,,,,,,,,,,,kurã,,,,,,,,
,,,,junjun,,,,,,,,,,,,,,,,,,,,
,,,,,,junjun,,,,,,,,,,,,,,,,,,
,,,,,,,,,,,,,,,,kuvar,,,,,,,,
,,,,,,,,,,,,,,,,kãmũ,,,,,,,,
,,,,,,,,,,,,ajag,,,,,,,,,,,,
,,,jamã,,,,,,,,,,,,,,,,,,,,,
,,,,,,,,,,,,,,ijamã,,,,,,,,,,
,,,,,,jamã,,,,,,,,,,,,,,,,,,
,,,,,,,,,,,,,,,,kri,,,,,,,,
,,,,,pĩn,,,,,,,,,,,,,,,,,,,
,,,,,,,,,isĩn,,,,,,,,,,,,,,,
,,,,,,,,,,,,,,,,,,,,krĩn,,,,
,,,,,,,,,,,,,,,,krĩ,,,,,,,,
,,,,,prẽr,,,,,,,,,,,,,,,,,,,
,,,,,,,,,,,,,,,,kãfór,,,,,,,,
,,,jarĩn,,,,,,,,,,,,,,,,,,,,,
,,,,,,,,,,,,,,,,krĩn,,,,,,,,
,,,,,,,,,isugrĩn,,,,,,,,,,,,,,,
,,,,,pugrĩn,,,,,,,,,,,,,,,,,,,
,,,,,pu,,,,,,,,,,,,,,,,,,,
,,,,,péju,,,,,,,,,,,,,,,,,,,
,,,,,,jẽgnẽg,,,,,,,,,,,,,,,,,,
,,,,,,jãvãnh,,,,,,,,,,,,,,,,,,
,,,,,,,,,,,,,,ijãvãnh,,,,,,,,,,
,,,,,,jẽmnĩ,,,,,,,,,,,,,,,,,,
,,,,,,jẽmẽmnĩ,,,,,,,,,,,,,,,,,,
,,,,,,,,,,,,,,,,,,,,krónh,,,,
,,,,,,,,,isónh,,,,,,,,,,,,,,,
,,,,,,,,,,,,,,,,kãmũmnĩ,,,,,,,,
,,,,,,,,,,,,,,,,,,,,krĩm,,,,
,,,,juja,,,,,,,,,,,,,,,,,,,,
,,,,,,,,,,,,,,,,kãra,,,,,,,,
,,,,,,,,,,,,,,,,,,,,krẽm,,,,
,,,,,,,,,,,,,,,,krẽm,,,,,,,,
,,,,,,,ijo,,,,,,,,,,,,,,,,,
,,,,,,,,,,,,anjo,,,,,,,,,,,,
,,,,,,jẽnjo,,,,,,,,,,,,,,,,,,
,,,,,,,iso,,,,,,,,,,,,,,,,,
,,,,,,,incenso,,,,,,,,,,,,,,,,,
,,,,,pũn,,,,,,,,,,,,,,,,,,,
,,,,,,jũn,,,,,,,,,,,,,,,,,,
,,,,,,,,,,,,,,,,kry,,,,,,,,
,,,japry,,,,,,,,,,,,,,,,,,,,,
,,,jagma,,,,,,,,,,,,,,,,,,,,,
,,,,,,jagma,,,,,,,,,,,,,,,,,,
,,,jamĩn,,,,,,,,,,,,,,,,,,,,,
,,,,,pigjuag,,,,,,,,,,,,,,,,,,,
,,,,,,,,,,,,,,,,kuty,,,,,,,,
,,,,,,jẽgnẽ,,,,,,,,,,,,,,,,,,
,,,jagrẽn,,,,,,,,,,,,,,,,,,,,,
,,,,,,,,,,,,,,,,kygrẽn,,,,,,,,
,,,,,,,,,,,,,,,,,,,,krỹg,,,,
,,,,,,,,,,,,,,,,krỹg,,,,,,,,
,,,,,prỹg,,,,,,,,,,,,,,,,,,,
,,,,,,,,,,,,anos,,,,,,,,,,,,
,,,,,,,,,,,,ano,,,,,,,,,,,,
,,,,,polícia,,,,,,,,,,,,,,,,,,,
,,,,,,,,,,,,,,,,kãgtén,,,,,,,,
,,,,,,jiji,,,,,,,,,,,,,,,,,,
,,,,,,,,,,,,,,ijiji,,,,,,,,,,
,lemá,,,,,,,,,,,,,,,,,,,,,,,
,,,,,,,,,,,,,,,,kygfỹ,,,,,,,,
,,,,,,,,,,,,,,,,kénh,,,,,,,,
,,,,,,jũꞌ,,,,,,,,,,,,,,,,,,
,,,,,,,,,,,,,,,,kekejẽn,,,,,,,,
,,,,,,,,,,,,,,,,kre,,,,,,,,
,,,,,pére,,,,,,,,,,,,,,,,,,,
,,,,,,,ijy,,,,,,,,,,,,,,,,,
,,,,,,jyjy,,,,,,,,,,,,,,,,,,
,,,,,,jẽmẽg,,,,,,,,,,,,,,,,,,
,,,,,,,,,,,,,,,,kamẽg,,,,,,,,
,,,jamãn,,,,,,,,,,,,,,,,,,,,,
,,,,,,jamãn,,,,,,,,,,,,,,,,,,
,,,,,,,,,,,,,,,,krég,,,,,,,,
,,,,,,,,,,,,,,,,kórég,,,,,,,,
,,,,,,jyvẽn,,,,,,,,,,,,,,,,,,
,,,,,,,,,,,,,,ijykre,,,,,,,,,,
,,,,,,jykre,,,,,,,,,,,,,,,,,,
,,,,,,,,,,,,,,,,kanhkã,,,,,,,,
,,,,,,,,,,,,,,,,kãtĩg,,,,,,,,
,,,,,,,,,,,,,,,,,,,,krig,,,,
,,,,,,,,,,,,,,,,krig,,,,,,,,
,,,,,,,,,,,,,,,,,,,,krigkrig,,,,
,,,,,,,,,,,,,,,,kurég,,,,,,,,
,,,,,,jynh,,,,,,,,,,,,,,,,,,
,,,,,,,,,,,,,,,,kynh,,,,,,,,
,,,,,,,,,,,,,,,,kurynh,,,,,,,,
,,,,,pãno,,,,,,,,,,,,,,,,,,,
,,,,,,,,,isogvãnh,,,,,,,,,,,,,,,
,,,,,,,,,,,,,,,,,cavalo,,,,,,,
,,,,,,,,,,,,,,,,kãnĩ,,,,,,,,
,,,,,pãnĩ,,,,,,,,,,,,,,,,,,,
,,,,,,,,,,,,,,,,kyki,,,,,,,,
,,,,,,,,,,,,,,,,,,,,,krẽfĩn,,,
,,,,,,,,,,,,adão,,,,,,,,,,,,
,,,,,,jordão,,,,,,,,,,,,,,,,,,
,,,,,,,,,,,,,,,,kygpég,,,,,,,,
,,,,,,,,,,,,,,,,kygpe,,,,,,,,
,,,jagtar,,,,,,,,,,,,,,,,,,,,,
,,,,,,jagtar,,,,,,,,,,,,,,,,,,
,,,,,,,,,,,,,,ijagtar,,,,,,,,,,
,,,,,,,,,,,,,,,,kanhró,,,,,,,,
,,,,,,,,,,,,,,,,kanẽn,,,,,,,,
,,,jagrẽ,,,,,,,,,,,,,,,,,,,,,
,,,,,,jagrẽ,,,,,,,,,,,,,,,,,,
,,,,,,,,,,,,,,,,kygpenh,,,,,,,,
,,,,,,,,,,,,,,,,kanẽ,,,,,,,,
,,,,,,,,,,,,,,,,kãtĩ,,,,,,,,
,,,,,,,,,,,,,,,,kypé,,,,,,,,
,,,,,,,,,,,,,,,,kypenh,,,,,,,,
,,,,,,,,,,,,,,,,kypég,,,,,,,,
,,,,,,,,,,,,,,,,kype,,,,,,,,
,,,,,,,,,,,,,,,,kãtá,,,,,,,,
,,,,,,,,,,,,,,,,kãpa,,,,,,,,
,,,,,,,,,,,,,,,,kãtére,,,,,,,,
,,,,,prãg,,,,,,,,,,,,,,,,,,,
,,,,,,jẽgtĩ,,,,,,,,,,,,,,,,,,
,,,japo,,,,,,,,,,,,,,,,,,,,,
,,,,,,japo,,,,,,,,,,,,,,,,,,
,,,,,,,,,,,,,,,,kókĩr,,,,,,,,
,,,,,,,,,,,,,,,,kẽjẽn,,,,,,,,
,,,jamĩ,,,,,,,,,,,,,,,,,,,,,
,,,,,,,,,,,,,,,,kon,,,,,,,,
,,,,,,,,,,,,,,,,,,,,kron,,,,
,,,,,,,ijé,,,,,,,,,,,,,,,,,
,,,,,pijé,,,,,,,,,,,,,,,,,,,
,,,jamẽn,,,,,,,,,,,,,,,,,,,,,
,,,,,,jamẽn,,,,,,,,,,,,,,,,,,
,,,,,,,,,,,,,,,,kãgnó,,,,,,,,
,,,,,,,,,,,,,,,,kema,,,,,,,,
,,,,,,,,,,,,,,,,kũm,,,,,,,,
,,,,,pãnónh,,,,,,,,,,,,,,,,,,,
,,,,,,,,,,,,,,,,,,,,kréj,,,,
,,,,,,,isũ,,,,,,,,,,,,,,,,,
,,,jakrĩ,,,,,,,,,,,,,,,,,,,,,
,,,,,,jakrĩ,,,,,,,,,,,,,,,,,,
,,,,,,,,,,,,,,,,kỹꞌ,,,,,,,,
,,,,,,,,,,,,,,,,,,,,krỹꞌ,,,,
,,,,,,,,,,,,,,,,krỹꞌ,,,,,,,,
,,,,,,,,,,,,anás,,,,,,,,,,,,
,,,,,,,,,,,,,,,,kutẽ,,,,,,,,
,,,,,,,,,,,,,,,,kãkutẽ,,,,,,,,
,,,,,,,,,,,,,,,,kagtĩg,,,,,,,,
,,,,,,,,,,,,,,,,kyr,,,,,,,,
,,,,,,,,,,,,,,,,kurãg,,,,,,,,
,,,,,,,,,,,,,,,,krãn,,,,,,,,
,,,,,,,,,,,,,,,,kanhrãn,,,,,,,,
,,,,,,,,,,,,,,,,kãgter,,,,,,,,
,,,jagre,,,,,,,,,,,,,,,,,,,,,
,,pedro,,,,,,,,,,,,,,,,,,,,,,
,,,,,pedro,,,,,,,,,,,,,,,,,,,
,,,,,,,,,,,,andré,,,,,,,,,,,,
,,,,,pirã,,,,,,,,,,,,,,,,,,,
,,,,,,,,,,,,,,,,kugmĩ,,,,,,,,
,,,,,,,,,,,,,,,,kãki,,,,,,,,
,,,,,,,,,,,,,,,,kugmĩg,,,,,,,,
,,,,,,,,,,,,,,,,kãmũjẽg,,,,,,,,
,,,,judeu,,,,,,,,,,,,,,,,,,,,
,,,,,,,,,,,,,,,,,canoa,,,,,,,
,,,,,,judeu,,,,,,,,,,,,,,,,,,
,,,,,,,,,,,,,,,,kagyga,,,,,,,,
,,,,,,,,,,,,,,,,kãme,,,,,,,,
,,,,,,,,,,,,,,,,kaga,,,,,,,,
,,,,,,jãpry,,,,,,,,,,,,,,,,,,
,,,,,,,,,,,,,,,,kãmén,,,,,,,,
,,,,,,jagrẽn,,,,,,,,,,,,,,,,,,
,,,,,,,,,,,,,,,,komẽr,,,,,,,,
,,,jagãgtãn,,,,,,,,,,,,,,,,,,,,,
,,,,,,jãnhkri,,,,,,,,,,,,,,,,,,
,,,,,,,,,,,,,,,,kãnhvyꞌ,,,,,,,,
,,,,,,,isugrĩn,,,,,,,,,,,,,,,,,
,,,,,,,,,,,,,,,,kato,,,,,,,,
,,,,,,,,,,,,,,,,kãhór,,,,,,,,
,,,,,,jẽngrẽ,,,,,,,,,,,,,,,,,,
,,,,,,,,,,,,,,,,,,,,krov,,,,
,,,,,,,,,,,,,,,,krov,,,,,,,,
,,,,,,,,,,,,,,,,kãsir,,,,,,,,
,,,,jurmnĩ,,,,,,,,,,,,,,,,,,,,
,,,,,,,,,,,,,,,,kuri,,,,,,,,
,,,,,,,,,,,,,,,,kutẽnh,,,,,,,,
,,,,,,,inferno,,,,,,,,,,,,,,,,,
,,,,,,,,,,,,,,,,kajãm,,,,,,,,
,,,,,,,,,,,,,,,,kãnhmar,,,,,,,,
,,,,,,,,,,,,,,,,,,,,krẽꞌ,,,,
,,,,,,jẽꞌ,,,,,,,,,,,,,,,,,,
,,,,,pũr,,,,,,,,,,,,,,,,,,,
,,,jagy,,,,,,,,,,,,,,,,,,,,,
,,,,,,jagy,,,,,,,,,,,,,,,,,,
,,,,,,,,,,,,,,,,kyvó,,,,,,,,
,,,,,,,,,,,,,,,,kym,,,,,,,,
,,,,,,jope,,,,,,,,,,,,,,,,,,
,,,,,,jãvo,,,,,,,,,,,,,,,,,,
,,,,,,,,,,,,,,ijãvo,,,,,,,,,,
,,,,,,,isóg,,,,,,,,,,,,,,,,,
,,,,,,,,,,,,,,,,kuprig,,,,,,,,
,,,,,,,,,,,,,,,,kej,,,,,,,,
,,,,,,,,,,,,,,,,kãtén,,,,,,,,
,,,,,pãtén,,,,,,,,,,,,,,,,,,,
,,,jamẽ,,,,,,,,,,,,,,,,,,,,,
,,,,,,,,,,,,,,,,kamẽ,,,,,,,,
,,,,,,jamẽ,,,,,,,,,,,,,,,,,,
,,,,,palitó,,,,,,,,,,,,,,,,,,,
,,,,,,,,,,,,,,,,,camisa,,,,,,,
,,,,,,,,,,,,,,,,kakó,,,,,,,,
,,,,,prestar,,,,,,,,,,,,,,,,,,,
,,,,junꞌ,,,,,,,,,,,,,,,,,,,,
,,,,,,,,,,,,,,,,krẽg,,,,,,,,
,,,,,,jẽngrẽg,,,,,,,,,,,,,,,,,,
,,,,,,jãnkamy,,,,,,,,,,,,,,,,,,
,,,,,,,,,,,,,,,,kaja,,,,,,,,
,,,jagãgtar,,,,,,,,,,,,,,,,,,,,,
,,,,,,,,,,,,,,,,,,jógtánh,,,,,,
,,,,,,jẽgjẽ,,,,,,,,,,,,,,,,,,
,,,,,,jãnkã,,,,,,,,,,,,,,,,,,
,,,,,,,,,,,,,,,,,,,,,,jónjãn,,
,,,janjãn,,,,,,,,,,,,,,,,,,,,,
,,,,,,jãnjãn,,,,,,,,,,,,,,,,,,
,,,,,,,,,,,,,,,,kãꞌ,,,,,,,,
,,,,,,,inhhãꞌ,,,,,,,,,,,,,,,,,
,,,,,,,,,,,,,,,,kãkre,,,,,,,,
,,,,,,,,,,,,,,,,kupemnĩ,,,,,,,,
,,,,,,,,,,,,,,,,konh,,,,,,,,
,,,,,,jonh,,,,,,,,,,,,,,,,,,
,,,,,,,,,,barco,,,,,,,,,,,,,,
,,,,,,jãgfanh,,,,,,,,,,,,,,,,,,
,,,,,pigju,,,,,,,,,,,,,,,,,,,
,,,,,,,inhhã,,,,,,,,,,,,,,,,,
,,,,,punh,,,,,,,,,,,,,,,,,,,
,,,,,,,isĩ,,,,,,,,,,,,,,,,,
,,,,,,jẽsĩ,,,,,,,,,,,,,,,,,,
,,,,,pãjó,,,,,,,,,,,,,,,,,,,
,,,,,,,,,,,,,,,,,,,,krog,,,,
,,,,,,,,,,,,,,,,kaj,,,,,,,,
,,,,,,,,,,,,,,,,kron,,,,,,,,
,,,,,,,,,,,,,,,,kãmun,,,,,,,,
,,,,,,,,,,,,,abaꞌ,,,,,,,,,,,
,,,,,porco,,,,,,,,,,,,,,,,,,,
,,,,,,,,,,,,,,,,kavéj,,,,,,,,
,,,,,pipir,,,,,,,,,,,,,,,,,,,
,,,,jukén,,,,,,,,,,,,,,,,,,,,
,,,,,,,,,,,,,,,,kókén,,,,,,,,
,,,,,,,,,isugnỹm,,,,,,,,,,,,,,,
,,,,,,,,,,,,,,,,,,,,,,jóhó,,
,,,,,,jóhó,,,,,,,,,,,,,,,,,,
,,,,,pẽnva,,,,,,,,,,,,,,,,,,,
,,,,,pãró,,,,,,,,,,,,,,,,,,,
,,,,,,,,,,,,ana,,,,,,,,,,,,
,,,,,,,,,,,,,,,,kóho,,,,,,,,
,lepra,,,,,,,,,,,,,,,,,,,,,,,
,,,,,,,,,,,,,,,,,capitão,,,,,,,
,,,,,,,,,,,,,,,,kutĩg,,,,,,,,
,,,,,,,,,,,,,,,,kunĩg,,,,,,,,
,,,,,,,,,,,,,,,,kãmũnh,,,,,,,,
,,,jagfy,,,,,,,,,,,,,,,,,,,,,
,,,,,,jagfy,,,,,,,,,,,,,,,,,,
,,,,,pénĩn,,,,,,,,,,,,,,,,,,,
,,,jagfe,,,,,,,,,,,,,,,,,,,,,
,,,,,,jagfe,,,,,,,,,,,,,,,,,,
,,,,,,,,,,,,,,,,kãmĩ,,,,,,,,
,,,,,,jãmĩ,,,,,,,,,,,,,,,,,,
,,,,,,,,,,,,,,,,krog,,,,,,,,
,,,,,,,,,,,,,,,,krém,,,,,,,,
,,,,,,,,,,,,,,,,katyꞌ,,,,,,,,
,,,,,,,,,,,,,,,,katy,,,,,,,,
,,,,,pinꞌ,,,,,,,,,,,,,,,,,,,
,,,,,,,,,,,,,,,,kósinꞌ,,,,,,,,
,,,,,,jẽgnẽnh,,,,,,,,,,,,,,,,,,
,,,,,pétẽ,,,,,,,,,,,,,,,,,,,
,,,,,,,,,,,,,,,,,cama,,,,,,,
,,,,,,,,,,,,,,,,kãnhgrĩ,,,,,,,,
,,,,,,,,,,,,,,,,kónhgrĩ,,,,,,,,
,,,,,,,imposto,,,,,,,,,,,,,,,,,
,,,,,,jẽgjẽg,,,,,,,,,,,,,,,,,,
,,,,,,,,,,,,,,,,kyprũg,,,,,,,,
,,,,,,,,,,,,,,,,krenh,,,,,,,,
,,,,,,,,,,,,,,,,kygnej,,,,,,,,
,,,jaran,,,,,,,,,,,,,,,,,,,,,
,,,,,,jaran,,,,,,,,,,,,,,,,,,
,,,,,,,,,,,,,,,,kajãg,,,,,,,,
,,,,,,,,,,,,,,,,kujẽg,,,,,,,,
,,,,,,,,,,,,,,,,kunãnh,,,,,,,,
,,,,,,,,,,,,,,,,kógnãj,,,,,,,,
,,,,,,,,,,,,,,,,kajã,,,,,,,,
,,,,,,,,,,,,,,,,kujẽn,,,,,,,,
,,,,,,,,,,,,,,,,kyvénh,,,,,,,,
,,,,,pĩrĩn,,,,,,,,,,,,,,,,,,,
,,,,,,jẽnky,,,,,,,,,,,,,,,,,,
,,,,,,,,,,,,,,,,kynkyn,,,,,,,,
,,,,,,,,,,,,,,,,kãgmĩg,,,,,,,,
,,,jakỹ,,,,,,,,,,,,,,,,,,,,,
,,,,,,,,,,,,,,,,kutẽm,,,,,,,,
,,,,,,,,,,,,agkỹ,,,,,,,,,,,,
,,,jairo,,,,,,,,,,,,,,,,,,,,,
,,,,,,jakré,,,,,,,,,,,,,,,,,,
,,,,,,jygjyn,,,,,,,,,,,,,,,,,,
,,,,,,,,,,,,alfeu,,,,,,,,,,,,
,,,,,,,,,,,,,,,,kuprẽg,,,,,,,,
,,,,,,,,,,,,,,,,kanhgág,,,,,,,,
,,,,,,,,,,,,,,,,kãfor,,,,,,,,
,,,,,,,,,,,,,,,,kãtó,,,,,,,,
,,,,,,javo,,,,,,,,,,,,,,,,,,
,,,,,,,,,,,,,,,,kãge,,,,,,,,
,,,,,,,,,,,,,,,,kãpamnĩ,,,,,,,,
,,,,,,,,,,,,,,,,kykũnh,,,,,,,,
,,,,,pafa,,,,,,,,,,,,,,,,,,,
,,,,,,,isovãnh,,,,,,,,,,,,,,,,,
,,,,,pétẽmnĩ,,,,,,,,,,,,,,,,,,,
,,,,,,,,,,,,aluno,,,,,,,,,,,,
,,,,,patrão,,,,,,,,,,,,,,,,,,,
,,,,,,,,,,,,,,,,,,,,,,,,cruz
,,,,,,,,,,,,,,,,,cruz,,,,,,,
,,,,,,,,,,,,aser,,,,,,,,,,,,
,,,,,,,iser,,,,,,,,,,,,,,,,,
,,,,,,,,,,,,,,ijẽnẽg,,,,,,,,,,
,,,,,,jẽnẽg,,,,,,,,,,,,,,,,,,
,,,,,,,,,,,,,,,,kãrã,,,,,,,,
,,,,,,,,,,,,,,,,keꞌ,,,,,,,,
,,,,,pãteꞌ,,,,,,,,,,,,,,,,,,,
,,,jatu,,,,,,,,,,,,,,,,,,,,,
,,,,,,,,,,,,,,,,kutu,,,,,,,,
,,,,,,,,,,,,,,,,kãka,,,,,,,,
,,,,,,jẽnẽnh,,,,,,,,,,,,,,,,,,
,,,,,,,,,,,,,,,,kure,,,,,,,,
,,,,,,jẽmẽ,,,,,,,,,,,,,,,,,,
,,,,,,,ijũ,,,,,,,,,,,,,,,,,
,,,,,,jũgjũ,,,,,,,,,,,,,,,,,,
,,,,,,,,,,,,,,,,kãkyn,,,,,,,,
,,,,,,,,,,,,,,,,,,,,kronkron,,,,
,,,,,,jagre,,,,,,,,,,,,,,,,,,
,,,,,,,,,,,,,,,,,corazim,,,,,,,
,,,,,,,,,,,,,,,,,,,,,,,ijógꞌ,
,,,,,,,,,,,,,,,,,,,,,,jógꞌ,,
,,,,,,,,,,,,agꞌ,,,,,,,,,,,,
,,,,,,,,,,,,,,ijógꞌ,,,,,,,,,,
,,,,,,jógꞌ,,,,,,,,,,,,,,,,,,
,,,,,,,,,,,,,,,,kuprãꞌ,,,,,,,,
,,,japỹ,,,,,,,,,,,,,,,,,,,,,
,,,,,,,,,,,,,,,,kam,,,,,,,,
,,,,,,,,,,,,,,,,kiꞌ,,,,,,,,
,,,,,,jamĩ,,,,,,,,,,,,,,,,,,
,,,,,,,,,,,,,,,,kygtãg,,,,,,,,
,,,,,,,,,,,,,,,,kunũnh,,,,,,,,
,,,,,,,,,,,,,,,,,,,,krỹgꞌ,,,,
,,,,,,,,,,,,,,,,krỹgꞌ,,,,,,,,
,,,,,,jakỹ,,,,,,,,,,,,,,,,,,
,,,,,,,,,,,,,,,,kãpãm,,,,,,,,
,,,,,,,,,,,,,,,,kygvãn,,,,,,,,
,,,,,,,,,,,,,,,,kãkã,,,,,,,,
,,,jaha,,,,,,,,,,,,,,,,,,,,,
,,,,,prur,,,,,,,,,,,,,,,,,,,
,,,,,,,,,,,,,,,,kuprã,,,,,,,,
,,,,,,jãre,,,,,,,,,,,,,,,,,,
,,,,,,,,,,,,,,,,kãre,,,,,,,,
,,,,,,,,,,,,,,,,kãnꞌ,,,,,,,,
,,,,,,jatu,,,,,,,,,,,,,,,,,,
,,,,,,,,,,,,,,ijapỹ,,,,,,,,,,
,,,,,,japỹ,,,,,,,,,,,,,,,,,,
,,,,,,,,,,,,,,,,kutyg,,,,,,,,
,,,,,,,,,,,,,,,,kókégꞌ,,,,,,,,
,,,,,pẽgja,,,,,,,,,,,,,,,,,,,
,,,,,,jẽgja,,,,,,,,,,,,,,,,,,
,,,,jumento,,,,,,,,,,,,,,,,,,,,
,,,,,,jẽgjãg,,,,,,,,,,,,,,,,,,
,,,,,,,,,,,,,,,,kãménag,,,,,,,,
,,,,,,,,,,,,,,,,,colher,,,,,,,
,,,,,,,,,,,,,,,,kókov,,,,,,,,
,,,,,pérola,,,,,,,,,,,,,,,,,,,
,,,,,,jãnka,,,,,,,,,,,,,,,,,,
,,,,,,,,,,,,,,,,kãkofár,,,,,,,,
,,,,judas,,,,,,,,,,,,,,,,,,,,
,,,,,,judas,,,,,,,,,,,,,,,,,,
,,,,,,,,,isugnĩn,,,,,,,,,,,,,,,
,,,,,pénky,,,,,,,,,,,,,,,,,,,
,,,,,,,,,,,,,,,,,comprar,,,,,,,
,,,,,,,,,,,,,,,,kẽj,,,,,,,,
,,,,,,,,,,,,,,,,kutãn,,,,,,,,
,,,,,,jũrũn,,,,,,,,,,,,,,,,,,
,,,,,,,,,,,,,,,,kavénh,,,,,,,,
,,,,,,,,,,,,,,,,,canaã,,,,,,,
,,,,,,,,,,,,,,,,kekỹ,,,,,,,,
,,,,,,,,,,,,,,,,kãkufár,,,,,,,,
,,,,,,,,,,,,,,,,kãkénh,,,,,,,,
,,,jakãnh,,,,,,,,,,,,,,,,,,,,,
,,,,,,,,,,,,,,,,kusã,,,,,,,,
,,,,,,jonas,,,,,,,,,,,,,,,,,,
,,,,,,,,,,,,,,,,koꞌ,,,,,,,,
,,,,,,,igreja,,,,,,,,,,,,,,,,,
,,,,,,,,,,,,,,,,,chave,,,,,,,
,,,,,,,,,,,,,,,,kófa,,,,,,,,
,,,,,,,isén,,,,,,,,,,,,,,,,,
,,,,,,,,,,,,,,,,kakã,,,,,,,,
,,,,,préj,,,,,,,,,,,,,,,,,,,
,,,,,,,,,,,,,,,,kréj,,,,,,,,
,,,,,,,,,,,,,,,,kópréj,,,,,,,,
,,,,,,,,,,,,,,,,kysã,,,,,,,,
,,,,,,,,,,,,,,,,kyrũ,,,,,,,,
,,,,,,,,,,,,,,,,kajãmkỹ,,,,,,,,
,,,,,,,,,,,,,,,,kãgmĩnh,,,,,,,,
,,,,,,,,,,,,,,,,kãgmĩ,,,,,,,,
,,,,,,,,,,,,,,,,kuju,,,,,,,,
,,,,,,jẽꞌỹn,,,,,,,,,,,,,,,,,,
,,,,,,,,,,,,,,,,kutẽn,,,,,,,,
,,,,,,,,,,,,,,,,kanẽnh,,,,,,,,
,,,,,,jẽmẽnh,,,,,,,,,,,,,,,,,,
,,,,,pãgsĩ,,,,,,,,,,,,,,,,,,,
,,,,,,,,,,,,,,,,,,,,,,,,cruzeiro
,,,,,,,,,,,,,,,,kãgũg,,,,,,,,
,,,,,,,,,,,,,,,,kygnẽ,,,,,,,,
,,,,,,,,,,,,,,,,kurĩ,,,,,,,,
,,,,,péjug,,,,,,,,,,,,,,,,,,,
,,,,,,,,,,,,,,,,kãke,,,,,,,,
,,,,,,,,,,,,,,,,krónh,,,,,,,,
,,,,,,jakãnh,,,,,,,,,,,,,,,,,,
,,,,,,jericó,,,,,,,,,,,,,,,,,,
,,,,,,,,,,,,,,,,kavãn,,,,,,,,
,,,,,,,,,,,,,,,,kugjén,,,,,,,,
,,,,,,jamĩn,,,,,,,,,,,,,,,,,,
,,,,,,jẽnẽn,,,,,,,,,,,,,,,,,,
,,,,,,,,,,,,,,,,kynhmỹ,,,,,,,,
,,,,,pigjug,,,,,,,,,,,,,,,,,,,
,,,,,,jẽgmĩ,,,,,,,,,,,,,,,,,,
,,,,,,,,,,,,,,,,kynkar,,,,,,,,
,,,,,,,,,,,,,,,,kugprũg,,,,,,,,
,,,,,,,,,,,,,,,,,camrada,,,,,,,
,,,,,,,,,,,,,,,,kãpóv,,,,,,,,
,,,,,,,,,,,,,,,,,clube,,,,,,,
,,,,,,jẽmẽn,,,,,,,,,,,,,,,,,,
,,,,,,,,,,,,,,,,kãggrá,,,,,,,,
,,,jafãn,,,,,,,,,,,,,,,,,,,,,
,,,,,,jafãn,,,,,,,,,,,,,,,,,,
,,,,,,,,,,,,,,,,kafãn,,,,,,,,
,,,,,,,,,,,,,,,,kãpov,,,,,,,,
,,,,,,jãprynh,,,,,,,,,,,,,,,,,,
,,,,,,,,,,,,,,,,kygnẽg,,,,,,,,
,,,,,,,,,,,,,,,dízimo,,,,,,,,,
,,,,,,,,,,,,,,,doce,,,,,,,,,
,,,,,,,,,,,,,,,,,cominho,,,,,,,
,,,,,,,,,,,,,,,,,copo,,,,,,,
,,,,,,,,,,,,,,,,kupég,,,,,,,,
,,,,,,,,,,,,,,,,kuka,,,,,,,,
,,,,,,,,,,baraquias,,,,,,,,,,,,,,
,,,,,,,,,,,,,,,,,,,,krĩnkrĩn,,,,
,,,,,pigjunh,,,,,,,,,,,,,,,,,,,
,,,,,pygfãm,,,,,,,,,,,,,,,,,,,
,,,,,,,,,,,,,,,,kusa,,,,,,,,
,,,,,,,,,isérem,,,,,,,,,,,,,,,
,,,,,,jãtã,,,,,,,,,,,,,,,,,,
,,,,,,,,,,,,,,,,,,,,,,jógtánh,,
,,,japy,,,,,,,,,,,,,,,,,,,,,
,,,,,,japy,,,,,,,,,,,,,,,,,,
,,,,,,,,,,,,,,,,kãnhmỹ,,,,,,,,
,,,,,,,,,,,,,,,,kapãn,,,,,,,,
,leite,,,,,,,,,,,,,,,,,,,,,,,
,,,,,,,,,,,,azeite,,,,,,,,,,,,
,,,,,,,,,,,,,,,,,ceia,,,,,,,
,,,,,,jeg,,,,,,,,,,,,,,,,,,
,,,,,,,,,,,,,,,,kãteg,,,,,,,,
,,,,,,,,,,,,,,,,kãmur,,,,,,,,
,,,,,,,,,,,,,,,,,cabrito,,,,,,,
,,,,,,,,,,,,,,,,,,,,krenꞌ,,,,
,,,,,,junꞌ,,,,,,,,,,,,,,,,,,
,,,,,páscoa,,,,,,,,,,,,,,,,,,,
,,,,,,,,,,,,,,,,,caifás,,,,,,,
,,,,,,,,,,,,,,,,kupri,,,,,,,,
,,,,,,jyjyn,,,,,,,,,,,,,,,,,,
,,,,,punpun,,,,,,,,,,,,,,,,,,,
,,,,,,,isĩg,,,,,,,,,,,,,,,,,
,,,,,,,,,,,,,,,,kugpãn,,,,,,,,
,,,,,panhꞌ,,,,,,,,,,,,,,,,,,,
,,,,,pétẽm,,,,,,,,,,,,,,,,,,,
,,,,,,,,,,,,,,,,kyv,,,,,,,,
,,,,,,,,,,,,,,,,kykyv,,,,,,,,
,,,,,,,iség,,,,,,,,,,,,,,,,,
,,,jaranꞌ,,,,,,,,,,,,,,,,,,,,,
,,,,,,jaranꞌ,,,,,,,,,,,,,,,,,,
,,,,,pilatos,,,,,,,,,,,,,,,,,,,
,,,,,prata,,,,,,,,,,,,,,,,,,,
,,,,,,jãján,,,,,,,,,,,,,,,,,,
,,,,,pasa,,,,,,,,,,,,,,,,,,,
,,,,,,,,,,,,,,,,kavãg,,,,,,,,
,,,,,,,,,,,,,,,,kyvãg,,,,,,,,
,,,,,,,,,,barrabás,,,,,,,,,,,,,,
,,,,,,,,,,,,,,,,kavar,,,,,,,,
,,,,,palácio,,,,,,,,,,,,,,,,,,,
,,,,,,,,,,,,,,,,kunũg,,,,,,,,
,,,,,,,,,,,,,,,,kusũg,,,,,,,,
,,,,,pirĩn,,,,,,,,,,,,,,,,,,,
,,,,,pãꞌiꞌ,,,,,,,,,,,,,,,,,,,
,,,,,,,,,,,,,,,,,cirene,,,,,,,
,,,,,,,,,,,,,,,,kagta,,,,,,,,
,,,,,,,,,,,,agar,,,,,,,,,,,,
,,,,,,jogar,,,,,,,,,,,,,,,,,,
,,,,,,,,,,,,,,,,kemaꞌ,,,,,,,,
,,,,,,,,,,,,,,,,kutyꞌ,,,,,,,,
,,,,jurỹn,,,,,,,,,,,,,,,,,,,,
,,,,,,jurỹn,,,,,,,,,,,,,,,,,,
,,,,,,,,,,,,,,,,kusón,,,,,,,,
,,,,,,,,,,,,,,,,kãkym,,,,,,,,
,,,,,péjunh,,,,,,,,,,,,,,,,,,,
,,,,,,,,,,,,,,,,kukryr,,,,,,,,
,,,jatuꞌ,,,,,,,,,,,,,,,,,,,,,
,,,,,,jatuꞌ,,,,,,,,,,,,,,,,,,
,,,,,prun,,,,,,,,,,,,,,,,,,,
,,,,,,,,,,,,,,,,,chefe,,,,,,,
,,,,,,jesusꞌ,,,,,,,,,,,,,,,,,,
,,,,,,,,,,,,,,,,kanẽg,,,,,,,,
,,,,,,jãnkãn,,,,,,,,,,,,,,,,,,
,,,,,,,,,,,,,,,,kãnkãn,,,,,,,,
,,,,,,,,,,,,,,,,kugnãj,,,,,,,,
,,,,,,,,,,,,,abiatar,,,,,,,,,,,
,,,,,,,,,,,,abiatar,,,,,,,,,,,,
,,,,,,,iduméia,,,,,,,,,,,,,,,,,
,,,,,,,,,,,,,,,,krỹ,,,,,,,,
,,,,,,,,,,,,,,,,kygvãg,,,,,,,,
,,,,,paꞌi,,,,,,,,,,,,,,,,,,,
,,,,,,,isãnh,,,,,,,,,,,,,,,,,
,,,,,,,,,,,,,,,,kórégꞌ,,,,,,,,
,,,,,,jairo,,,,,,,,,,,,,,,,,,
,,,jairon,,,,,,,,,,,,,,,,,,,,,
,,,,,,jairon,,,,,,,,,,,,,,,,,,
,,,,,,,,,,,,,,,,,cumi,,,,,,,
,,,,,,,,,,,,,,,,kánẽ,,,,,,,,
,,,,,,,,,,,,,,,,,,,,krĩnꞌ,,,,
,,,,,,,,,,,,,,,,,,,,krỹgkrỹg,,,,
,,,,,,,,,,,,,,,,kãgemnĩ,,,,,,,,
,,,,,,,,,,,,,,,,kãpãpãm,,,,,,,,
,,,,,,,,,,,,,,,,kãpópãm,,,,,,,,
,,,,,,jẽggryg,,,,,,,,,,,,,,,,,,
,,,,,,,,,,,,,,,,,caneca,,,,,,,
,,,,,,,,,,,,,,,,kukrũ,,,,,,,,
,,,,,,jẽggry,,,,,,,,,,,,,,,,,,
,,,,,,,,,,,,,,,,kãpan,,,,,,,,
,,,,,prego,,,,,,,,,,,,,,,,,,,
,,,,juféj,,,,,,,,,,,,,,,,,,,,
,,,,,,juféj,,,,,,,,,,,,,,,,,,
,,,jagfénh,,,,,,,,,,,,,,,,,,,,,
,,,,,,,,,,,,,,,,kupãgꞌ,,,,,,,,
,,,,,,jẽnger,,,,,,,,,,,,,,,,,,
,,,,,,,,,,,,,,,,kuté,,,,,,,,
,,,,,,,ijagtar,,,,,,,,,,,,,,,,,
,,,,,,jãrãn,,,,,,,,,,,,,,,,,,
,,,,,,,,,,,,,,,,kãrãn,,,,,,,,
,,,,,,,,,,,,,,,,karꞌ,,,,,,,,
,,,,,,,,,,,,,,,,krĩnꞌ,,,,,,,,
,,,,,,,,,,,,,,,,kutuꞌ,,,,,,,,
,,,,,,,ijẽnẽg,,,,,,,,,,,,,,,,,
,,,,,,,,,,,,,,,,kajãꞌ,,,,,,,,
,,,,,,,isĩn,,,,,,,,,,,,,,,,,
,,,,,,,,,,,,,,,,krẽꞌ,,,,,,,,
,,,,,,,,,,,,,,,,kukãm,,,,,,,,
,,,,,,,,,,bartimeu,,,,,,,,,,,,,,
,,,,,prẽrꞌ,,,,,,,,,,,,,,,,,,,
,,,,,,,,,,,,,,,,kyvãn,,,,,,,,
,,,,,,jumento,,,,,,,,,,,,,,,,,,
,,,,,,japry,,,,,,,,,,,,,,,,,,
,,,,,,,,,,,,,,,,,centavo,,,,,,,
,,,,,,,,,,,,,,,,kakãm,,,,,,,,
,,,,,,,ijiji,,,,,,,,,,,,,,,,,
,,,,,,,isenh,,,,,,,,,,,,,,,,,
,,,,,,jẽngrẽꞌ,,,,,,,,,,,,,,,,,,
,,,,,,,ijãvãnh,,,,,,,,,,,,,,,,,
,,,,,,,,,,,,,,,,kugjẽg,,,,,,,,
,,,,,,jẽnjẽn,,,,,,,,,,,,,,,,,,
,,,,,,,,,,,,,,,,,,,,kroggrog,,,,
,,,,,,,,,,,,,,,,kajꞌ,,,,,,,,
,,,,,,,,,,,,,,,,kãmẽ,,,,,,,,
,,,,,,,,,,,,abaꞌ,,,,,,,,,,,,
,,,,,,,,,,,,,,,,,,,,krój,,,,
,,,,,,,,,,,,,,,,krój,,,,,,,,
,,,,,,,,,,,,,,,,kãtor,,,,,,,,
,,,,,,,,,,,,,,,,kator,,,,,,,,
,,,,,,,,,,,,,,,,kava,,,,,,,,
,,,,,,,,,,,,,,,,kãtérem,,,,,,,,
,,,,,,,,,,,,,,,,kygfỹꞌ,,,,,,,,
,,,,,,,ijykre,,,,,,,,,,,,,,,,,
,,,,,,,isabel,,,,,,,,,,,,,,,,,
,,,,,,,,,,,,,,,,kufyg,,,,,,,,
,,,,,,,,,,,,,,,,kugrynh,,,,,,,,
,,,,,,jãnkỹ,,,,,,,,,,,,,,,,,,
,,,,,,,,,,,,,,,,kãnkỹ,,,,,,,,
,,,,junun,,,,,,,,,,,,,,,,,,,,
,,,,,,junun,,,,,,,,,,,,,,,,,,
,,,,,,justo,,,,,,,,,,,,,,,,,,
,,,,,,,,,,,,augusto,,,,,,,,,,,,
,,,,,,,,,,,,,,,,,cirênio,,,,,,,
,,,,,,,,,,,,,,,,koso,,,,,,,,
,,,,,pôncio,,,,,,,,,,,,,,,,,,,
,,,,,,,ituréia,,,,,,,,,,,,,,,,,
,,,,,,,,,,,,,abilene,,,,,,,,,,,
,,,,,,,,,,,,abilene,,,,,,,,,,,,
,,,,,,,,,,,,,,,,kyjerꞌ,,,,,,,,
,,,,,,jonjor,,,,,,,,,,,,,,,,,,
,,,,,,,,,,,,,,,,kãmũn,,,,,,,,
,,,,,,,,,,,,,,,,kunũ,,,,,,,,
,,,,,,,,,,,,,,,,kuprãg,,,,,,,,
,,,janai,,,,,,,,,,,,,,,,,,,,,
,,,,,,janai,,,,,,,,,,,,,,,,,,
,,,,,,joda,,,,,,,,,,,,,,,,,,
,,,,,,joanã,,,,,,,,,,,,,,,,,,
,,,,,,,,,,,,adi,,,,,,,,,,,,
,,,,,,,,,,,,,,,,,cosã,,,,,,,
,,,,,,jorim,,,,,,,,,,,,,,,,,,
,,,,,,jonã,,,,,,,,,,,,,,,,,,
,,,,,,,,,,,,admim,,,,,,,,,,,,
,,,,,,,,,,,,arni,,,,,,,,,,,,
,,,,,,,,,,,,,,,,,cainã,,,,,,,
,,,jarete,,,,,,,,,,,,,,,,,,,,,
,,,,,,jarete,,,,,,,,,,,,,,,,,,
,,,,,,,,,,,,,,,,,culto,,,,,,,
,,,,,,,,,,,,,,,,kókég,,,,,,,,
,,,,,,,,,,,,,,,,kyjer,,,,,,,,
,,,,,,,isugnĩn,,,,,,,,,,,,,,,,,
,,,,,,,,,,,,,,,,,capa,,,,,,,
,,,,,,,,,,,,,,,,,,,,krĩgmỹ,,,,
,,,,,,,,,,,,,,,,krĩgmỹ,,,,,,,,
,,,,,prãnh,,,,,,,,,,,,,,,,,,,
,,,,,,,,,,,,,,,,kãrãnh,,,,,,,,
,,,,,,,,,,,,,,,,,caim,,,,,,,
,,,,,,,,,,,,,,,,kyrũꞌ,,,,,,,,
,,,,,,,,,,,,,,,,kykũg,,,,,,,,
,,,,,,,,,,,,,,,,kugpég,,,,,,,,
,,,,,,jãvó,,,,,,,,,,,,,,,,,,
,,,,,,,,,,,,,,,,kugpe,,,,,,,,
,,,,,,joana,,,,,,,,,,,,,,,,,,
,,,,,,,,,,,,,,,,,cuza,,,,,,,
,,,,,,,,,,,,,,,,kãgen,,,,,,,,
,,,,,,,,,,,,,,,,,,,,kraug,,,,
,,,,,,,,,,,,,,,,kraug,,,,,,,,
,,,,,,,,,,,,,,,,króg,,,,,,,,
,,,,,,,,,,,,,,,,kykym,,,,,,,,
,,,,,pẽre,,,,,,,,,,,,,,,,,,,
,,,,,,,,,,,,,,,,kãpanh,,,,,,,,
,,,,,,jẽgnẽn,,,,,,,,,,,,,,,,,,
,,,,,pũnꞌ,,,,,,,,,,,,,,,,,,,
,,,,,,jũrũnꞌ,,,,,,,,,,,,,,,,,,
,,,,,,,,,,,,arado,,,,,,,,,,,,
,,,,,,jũkỹ,,,,,,,,,,,,,,,,,,
,,,,,,,,,,,,,,,,komnĩ,,,,,,,,
,,,,,,,,,,,,,,,,kómkóm,,,,,,,,
,,,,,,,,,,,,,,,,kakrã,,,,,,,,
,,,,,,,,,,,,,,,,,carta,,,,,,,
,,,,,pafãm,,,,,,,,,,,,,,,,,,,
,,,,,,,,,,,,arruda,,,,,,,,,,,,
,,,,,,,,,,,,,,,,kãgmĩn,,,,,,,,
,,,,,,,,,,,,,,,,kékén,,,,,,,,
,,,,,,,,,,,,,,,,kuge,,,,,,,,
,,,,,,,,,,,,,,,,kãsa,,,,,,,,
,,,,,pépév,,,,,,,,,,,,,,,,,,,
,,,,,,jũgjũnh,,,,,,,,,,,,,,,,,,
,,,jamré,,,,,,,,,,,,,,,,,,,,,
,,,,,,jamré,,,,,,,,,,,,,,,,,,
,,,,,,,,,,,,,,,,kãtĩn,,,,,,,,
,,,,,,,,,,,,,,,,kagãg,,,,,,,,
,,,,,,,,,,,,,,,,kãfãn,,,,,,,,
,,,,,,,,,,,,,,,,,cocho,,,,,,,
,,,,,,jagfénh,,,,,,,,,,,,,,,,,,
,,,,,,jãgja,,,,,,,,,,,,,,,,,,
,,,,,pãgja,,,,,,,,,,,,,,,,,,,
,,,,,,jẽgjẽn,,,,,,,,,,,,,,,,,,
,,,,,,jãnfyn,,,,,,,,,,,,,,,,,,
,,,,,,,,,,,,,,,,kógfyn,,,,,,,,
,,,,,,,,,,,,,,,,kurãn,,,,,,,,
,,,,,,,ijapỹ,,,,,,,,,,,,,,,,,
,,,,,,,,,,,,,,,,,,,,króggróg,,,,
,,,,,péno,,,,,,,,,,,,,,,,,,,
,,,,,,,,,,,,,,,,kãnĩm,,,,,,,,
,,,,,,,ijógꞌ,,,,,,,,,,,,,,,,,
,,,,,,juja,,,,,,,,,,,,,,,,,,
,,,,,,,,,,,,,,,,kyrã,,,,,,,,
,,,,,,,,,,,,,,,,kygjãm,,,,,,,,
,,,,,pránh,,,,,,,,,,,,,,,,,,,
,,,,,,,,,,,,,,,,kũmꞌkũm,,,,,,,,
,,,,,,jykren,,,,,,,,,,,,,,,,,,
,,,,junjur,,,,,,,,,,,,,,,,,,,,
,,,,,,junjur,,,,,,,,,,,,,,,,,,
,,,,,,,,,,,,,,,,kánkán,,,,,,,,
,,,,,,,,,,,,,,,,,copa,,,,,,,
,,,,,,,,,,,,,,,,kupãn,,,,,,,,
,,,,,pipin,,,,,,,,,,,,,,,,,,,
,,,,,,,isónh,,,,,,,,,,,,,,,,,
,,,,,,,,,,,,,,,,kãkag,,,,,,,,
,,,,,,,,,,,,,,,,,,,,krónhꞌ,,,,
,,,,,,,,,,,,,,,,krónhꞌ,,,,,,,,
,,,,judasꞌ,,,,,,,,,,,,,,,,,,,,
,,,,,,judasꞌ,,,,,,,,,,,,,,,,,,
,,,,,,jẽkỹ,,,,,,,,,,,,,,,,,,
,,,,,,jẽmẽkỹ,,,,,,,,,,,,,,,,,,
,,,,,,jẽgꞌ,,,,,,,,,,,,,,,,,,
,,,,,paraíso,,,,,,,,,,,,,,,,,,,
,,,,,,,,,,,,,,,,kyrãgrã,,,,,,,,
,,,,,,,,,,,,,,,,,cleopas,,,,,,,
,,,,,pijẽ,,,,,,,,,,,,,,,,,,,
,,,,,,,,,,,,,,,,ketỹ,,,,,,,,
,,,,,,,,,,,,,,,,kygpé,,,,,,,,
,,,,,prẽrtỹ,,,,,,,,,,,,,,,,,,,
,,,,,,,,,,,,,,,,,cefas,,,,,,,
,,,,,,,,,,,,,,,,kãrenh,,,,,,,,
,,,,,,,,,,,,,,,,,caná,,,,,,,
,,,,,pijẽꞌ,,,,,,,,,,,,,,,,,,,
,,,,,,,isanh,,,,,,,,,,,,,,,,,
,,,,,,jẽnẽꞌ,,,,,,,,,,,,,,,,,,
,,,,,,,,,,,,,,,,kafór,,,,,,,,
,,,,,poço,,,,,,,,,,,,,,,,,,,
,,,,,,,,,,,,,,,,kagáv,,,,,,,,
,,,,,prẽrmnĩ,,,,,,,,,,,,,,,,,,,
,,,,,,,,,,,,,,,,kosin,,,,,,,,
,,,,,,,,,,,,,,,,ketag,,,,,,,,
,,,,,,,,,,,,,,,,kãménkỹ,,,,,,,,
,,,,,,,,,,,,,,,,,cevada,,,,,,,
,,,,,pãoag,,,,,,,,,,,,,,,,,,,
,,,javãhã,,,,,,,,,,,,,,,,,,,,,
,,,,,,,,,,,,,,,,kupe,,,,,,,,
,,,,,,,,,,,,,,,,kupenh,,,,,,,,
,,,,,,jygji,,,,,,,,,,,,,,,,,,
,,,,,,,,,,,,,,,,kugmĩnh,,,,,,,,
,,,,,pugpóv,,,,,,,,,,,,,,,,,,,
,,,,,,,isãg,,,,,,,,,,,,,,,,,
,,,,,,,,,,,,,,,,kusãg,,,,,,,,
,,,,,,,,,,,,,,,,kujẽ,,,,,,,,
,,,,,,,,,,,,,,,,krĩm,,,,,,,,
,,,,,,,,,,,,,,,,kuneg,,,,,,,,
,,,jakrẽm,,,,,,,,,,,,,,,,,,,,,
,,,,,,jakrẽm,,,,,,,,,,,,,,,,,,
,,,,,,,,,,,,,,,,kãtĩgꞌ,,,,,,,,
,,,,,,,,,,,,,,,,kehã,,,,,,,,
,,,,,,,,,,,,,,,,kugpehã,,,,,,,,
,,,,,pẽfĩ,,,,,,,,,,,,,,,,,,,
,,,,,pẽfĩg,,,,,,,,,,,,,,,,,,,
,,,,,,,,,,,,,,,,kugpenh,,,,,,,,
,,,,,,,,,,,,,,,,kugpé,,,,,,,,
,,,,,,,,,,,,,,,,kume,,,,,,,,
,,,,,,,,,,,,,,,,,compra,,,,,,,
,,,,,,jãvyꞌ,,,,,,,,,,,,,,,,,,
,,,,,,,,,,,,,,,,kynkyr,,,,,,,,
,,,,,,,,,,,,,,,,kãnhvy,,,,,,,,
,,,,,,,,,,,,,,,,kuprẽgꞌ,,,,,,,,
,,,,,,,,,,,,agũ,,,,,,,,,,,,
,,,,,,,,,,,,,,,,keũri,,,,,,,,
,,,,,,,ijãvo,,,,,,,,,,,,,,,,,
,,,,,,,,,,,,,,,,,cedrom,,,,,,,
,,,,,,,,,,,,,,,,,,,,krãnkrãn,,,,
,,,,,,,,,,,,,,,,,,,,,,jónhkó,,
,,,,,,jónhkó,,,,,,,,,,,,,,,,,,
,,,,,,,,,,,,,,,,kónhkó,,,,,,,,
,,,,,,,,,,,,,,,,kurỹr,,,,,,,,
,,,,,,,,,,,,,,,,,clopas,,,,,,,
,,,,,,,,,,,,,,,,kusónkỹ,,,,,,,,
,,,,,,,,,,,,,,,,kãrem,,,,,,,,
,,,,,,jẽnꞌyr,,,,,,,,,,,,,,,,,,
,,,,,,jãpri,,,,,,,,,,,,,,,,,,
,,,,,,,,,,,,aloés,,,,,,,,,,,,
,,,,,,,,,,,,,,,,kakóꞌ,,,,,,,,
,,,,,,,,,,,,,,,,kónhpẽn,,,,,,,,
,,,,,,,,,,,,,,,,,chaven,,,,,,,
,,,,,,jãká,,,,,,,,,,,,,,,,,,
,,,,,,,,,,,,,,,,kugjin,,,,,,,,
,,,,,,,,,,,,,,,,kãménvỹ,,,,,,,,
,,,,,,,,,,,,,,,,kanhro,,,,,,,,
,,,,,,,,,,,,,,,,kanhkãꞌ,,,,,,,,
,,,,,,,,,,barsabás,,,,,,,,,,,,,,
,,,,,pártia,,,,,,,,,,,,,,,,,,,
,,,,,ponto,,,,,,,,,,,,,,,,,,,
,,,,,,,,,,,,,,,,,,,,,,,,creta
,,,,,,,,,,,,,,,,,creta,,,,,,,
,,,,,,,,,,,,arábia,,,,,,,,,,,,
,,,,,pétinh,,,,,,,,,,,,,,,,,,,
,,,jagẽgtar,,,,,,,,,,,,,,,,,,,,,
,,,,,,jũag,,,,,,,,,,,,,,,,,,
,,,,,,,,,,,,,,,,kygvar,,,,,,,,
,,,,,,jykrénꞌ,,,,,,,,,,,,,,,,,,
,,,,,pãi,,,,,,,,,,,,,,,,,,,
,,,,,pirũ,,,,,,,,,,,,,,,,,,,
,,,,,,,,,,barnabé,,,,,,,,,,,,,,
,,,,,,,,,,,,,,,,,chipre,,,,,,,
,,,,,,,,,,,,ananias,,,,,,,,,,,,
,,,,,,,,,,,,,,,,kãnhvég,,,,,,,,
,,,,,,jãfa,,,,,,,,,,,,,,,,,,
,,,,,,,,,,,,,,,,,,,,krigꞌ,,,,
,,,,,,,,,,,,,,,,krigꞌ,,,,,,,,
,,,,,,,,,,,,,,,,kutar,,,,,,,,
,,,,,prócoro,,,,,,,,,,,,,,,,,,,
,,,,,,,,,,,,,,,,,cilícia,,,,,,,
,,,,,,,,,,,,,,,,,caldéia,,,,,,,
,,,,,,,,,,,,,,,,kãꞌug,,,,,,,,
,,,,,,,,,,,,,,,,kãggran,,,,,,,,
,,,,,,,,,,,,,,,,kugprũn,,,,,,,,
,,,,,,,,,israelꞌ,,,,,,,,,,,,,,,
,,,,,,,israelꞌ,,,,,,,,,,,,,,,,,
,,,,,paulo,,,,,,,,,,,,,,,,,,,
,,,,,,,,,,,,,,,,kujá,,,,,,,,
,,,,,,,,,,,,,,,,,candace,,,,,,,
,,,,,,,,,,,,,,,,,carroça,,,,,,,
,,,,,,,,,isaías,,,,,,,,,,,,,,,
,,,,,,,isaías,,,,,,,,,,,,,,,,,
,,,,,,,,,,,,,,,,kãjãpry,,,,,,,,
,,,,,,,,,,,,azoto,,,,,,,,,,,,
,,,jasão,,,,,,,,,,,,,,,,,,,,,
damasco,,,,,,,,,,,,,,,,,,,,,,,,
,,,,,,,,,,,,,,,damasco,,,,,,,,,
,,,,,pauloꞌ,,,,,,,,,,,,,,,,,,,
,,,,,,,,,,,,,,,,kãne,,,,,,,,
,,,,,,,,,,,,,,,dorcas,,,,,,,,,
,,pedron,,,,,,,,,,,,,,,,,,,,,,
,,,,,pedron,,,,,,,,,,,,,,,,,,,
,,,,,,,,,,,,,,,,kugrỹn,,,,,,,,
,,,,,,,,,,,,atália,,,,,,,,,,,,
,,,,,,,itália,,,,,,,,,,,,,,,,,
,,,,,,,,,,,,,,,,kygje,,,,,,,,
,,,,,,,,,,,,,,,,kusaꞌ,,,,,,,,
,,,,,,,,,,,,,,,,,cláudio,,,,,,,
,,,,,,,,,,,,,,,,kyfé,,,,,,,,
,,,,,,jẽgjã,,,,,,,,,,,,,,,,,,
,,,,,pérén,,,,,,,,,,,,,,,,,,,
,,,,,,,,,,,,,,,,kyvar,,,,,,,,
,,,,,,,,,,,,,,,,kagrãg,,,,,,,,
,,,,,,,,,,,,,,,,kymẽn,,,,,,,,
,,,,,,,,,,,,,,,,kugryj,,,,,,,,
,,,,,,jẽmĩg,,,,,,,,,,,,,,,,,,
,,,,,pafos,,,,,,,,,,,,,,,,,,,
,,perge,,,,,,,,,,,,,,,,,,,,,,
,,,,,perge,,,,,,,,,,,,,,,,,,,
,,,,,pisídia,,,,,,,,,,,,,,,,,,,
,,,,,,,,,,,,,,,,kãmĩꞌ,,,,,,,,
,,,,,,,icônio,,,,,,,,,,,,,,,,,
,,,,,,,,,,,,,,,derbe,,,,,,,,,
,,,,,,júpiter,,,,,,,,,,,,,,,,,,
,,,,,,,,,,,,,,,,,coroa,,,,,,,
,,,,,,,,,,,,,,,,kuprũn,,,,,,,,
,,,,,,janjãn,,,,,,,,,,,,,,,,,,
,,,,,,,,,,,,,,,,kósóg,,,,,,,,
,,,,,,jasão,,,,,,,,,,,,,,,,,,
,,,,,,,,,,,,atenas,,,,,,,,,,,,
,,,,,,,isar,,,,,,,,,,,,,,,,,
damáris,,,,,,,,,,,,,,,,,,,,,,,,
,,,,,,,,,,,,,,,damáris,,,,,,,,,
,,,,,,,,,,,,,,,,,corinto,,,,,,,
,,,,,,,,,,,,,,,,,,,,,,,,crispo
,,,,,,,,,,,,,,,,,crispo,,,,,,,
,,,,,,,,,,,,,,,,,,,,,,,,crime
,,,,,,,,,,,,,,,,,crime,,,,,,,
,,,janes,,,,,,,,,,,,,,,,,,,,,
,,,,,,jãrég,,,,,,,,,,,,,,,,,,
,,,,,,,,,,,,apolo,,,,,,,,,,,,
,,,,,,,,,,,,,,,,,ceva,,,,,,,
,,,,,,,,,,,,,,,,kygrẽg,,,,,,,,
,,,,,,,,,,,,,,,,kygvénh,,,,,,,,
,,,,,,,,,,,,,,,diana,,,,,,,,,
,,,,,pirro,,,,,,,,,,,,,,,,,,,
,,,,,,,,,,,,,,,domingo,,,,,,,,,
,,,janela,,,,,,,,,,,,,,,,,,,,,
,,,,,,janela,,,,,,,,,,,,,,,,,,
,,,,,,,,,,,,,,,,,canela,,,,,,,
,,,,,,,,,,,,assôs,,,,,,,,,,,,
,,,jagẽgtãn,,,,,,,,,,,,,,,,,,,,,
,,,,,,jãgmỹ,,,,,,,,,,,,,,,,,,
,,,,,,javãhã,,,,,,,,,,,,,,,,,,
,,,,,,,,,,,,,,,,,cós,,,,,,,
,,,,,pátara,,,,,,,,,,,,,,,,,,,
,,,,,,,,,,,,,,,,kãmĩg,,,,,,,,
,,,,,,jónjãn,,,,,,,,,,,,,,,,,,
,,,,,,,,,,,,,,,,kãmẽnh,,,,,,,,
,,,,,,,,,,,,,,,,kãvénh,,,,,,,,
,,,,,,,,,,,,,,,drusila,,,,,,,,,
,,,,,pórcio,,,,,,,,,,,,,,,,,,,
,,,,,,jẽnẽmnĩ,,,,,,,,,,,,,,,,,,
,,,,,,,,,,,,,,,,katĩg,,,,,,,,
,,,,,,,,,,,,agripa,,,,,,,,,,,,
,,,,,pygsa,,,,,,,,,,,,,,,,,,,
,,,,,,,,,,,,agripaꞌ,,,,,,,,,,,,
,,,,,,júlio,,,,,,,,,,,,,,,,,,
,,,,,,,,,,,,,,,,,cnido,,,,,,,
,,,,,,,,,,,,,,,,,,,,krẽfĩn,,,,
,,,,,,,,,,,,,,,,krẽfĩn,,,,,,,,
,,,,,,,,,,,,aghã,,,,,,,,,,,,
,,,,,,,,,,,,,,,,,cauda,,,,,,,
,,,jagtarꞌ,,,,,,,,,,,,,,,,,,,,,
,,,,,,,,,,,,,,,,kãmẽg,,,,,,,,
,,,,,,,,,,,,,,,,kaganh,,,,,,,,
,,,,,,,,,,,,,,,,kujén,,,,,,,,
,,,,,,,,,,,,,,,,kãvén,,,,,,,,
,,,,,,,,,,,,,,,,kãnhpar,,,,,,,,
,,,,,públio,,,,,,,,,,,,,,,,,,,
,,,,,,jãgfa,,,,,,,,,,,,,,,,,,
,,,,,pozuoli,,,,,,,,,,,,,,,,,,,
,,,,,,,,,,,,alugar,,,,,,,,,,,,
,,,,,pãnohã,,,,,,,,,,,,,,,,,,,
,,,,,,,,,,,,amém,,,,,,,,,,,,
,,,,,,jũfóg,,,,,,,,,,,,,,,,,,
,,,,,,jaha,,,,,,,,,,,,,,,,,,
,,,,,profeta,,,,,,,,,,,,,,,,,,,
,,,,,,,,,,,,,,,,kãnha,,,,,,,,
,,,jagãtãn,,,,,,,,,,,,,,,,,,,,,
,,,,,,jagãtãn,,,,,,,,,,,,,,,,,,
,,,,,,jérĩn,,,,,,,,,,,,,,,,,,
,,,jagrẽkỹ,,,,,,,,,,,,,,,,,,,,,
,,,,,,jagrẽkỹ,,,,,,,,,,,,,,,,,,
,,,,,,,,,,,,aba,,,,,,,,,,,,
,,,,,,,,,,,,,,,,keinh,,,,,,,,
,,,,,,,,,,,,,,,,kupar,,,,,,,,
,,,,,,,,,,,,,,,,kygnẽnh,,,,,,,,
,,,,,,jẽnjẽr,,,,,,,,,,,,,,,,,,
,,,,,,,,,,,,agẽg,,,,,,,,,,,,
,,,,,,jurmnĩ,,,,,,,,,,,,,,,,,,
,,,,,,,,,,,,,,,,konãn,,,,,,,,
,,,jaãjag,,,,,,,,,,,,,,,,,,,,,
,,,,,,,,,,,,,,,,keũ,,,,,,,,
,,,,,,,,,,,,,,,,keha,,,,,,,,
,,,,,,,ilíria,,,,,,,,,,,,,,,,,
,,,,,pasanh,,,,,,,,,,,,,,,,,,,
,,,,,,júnias,,,,,,,,,,,,,,,,,,
,,,,,,,,,,,,apeles,,,,,,,,,,,,
,,,,,pérside,,,,,,,,,,,,,,,,,,,
,,,,,,júlia,,,,,,,,,,,,,,,,,,
,,,,,,,,,,,,,,,,,cloe,,,,,,,
,,,,,,,,,,,,,,,,keĩn,,,,,,,,
,,,,,,,,,,,,agãjag,,,,,,,,,,,,
,,,,,,,,,,,,,,,,kónẽg,,,,,,,,
,,,,,,,isugnỹm,,,,,,,,,,,,,,,,,
,,,,,,,irmão,,,,,,,,,,,,,,,,,
,,,,,,,,,,,,,,,,keãjag,,,,,,,,
,,,,,,jykreũn,,,,,,,,,,,,,,,,,,
,,,,,,jykrekỹ,,,,,,,,,,,,,,,,,,
,,,,,,,,,,,,açougue,,,,,,,,,,,,
,,,,,pygfa,,,,,,,,,,,,,,,,,,,
,,,,,,,,,,,,,,,,kygfa,,,,,,,,
,,,,,,jãnkre,,,,,,,,,,,,,,,,,,
,,,,,,jãnkrég,,,,,,,,,,,,,,,,,,
,,,,,,,,,,,,,,,,,corrida,,,,,,,
,,,,,,,,,,,,,,,,kaggrá,,,,,,,,
,,,,,,jykrehỹ,,,,,,,,,,,,,,,,,,
,,,,,,,,,,,,,,,,kaggran,,,,,,,,
,,,,,,,,,,,,,,,,,,,,kronꞌ,,,,
,,,,,,,,,,,,,,,,kronꞌ,,,,,,,,
,,,,,,,,,,,,,,,,kỹẽg,,,,,,,,
,,,,,,jarĩn,,,,,,,,,,,,,,,,,,
,,,,,,jékỹ,,,,,,,,,,,,,,,,,,
,,,,,,,,,,,,,,,,,cantar,,,,,,,
,,,,,,,,,,,,,,,,kusan,,,,,,,,
,,,,,,jẽinh,,,,,,,,,,,,,,,,,,
,,,,,,,,,,,,,,,,krenꞌ,,,,,,,,
,,,,,,,,,,,,,,,,kugnãnh,,,,,,,,
,,,,,,,,,,,,,,,,kókrãnh,,,,,,,,
,,,,,,,,,,,,acaico,,,,,,,,,,,,
,,,,,,,,,,,,,,,,ketopẽ,,,,,,,,
,,,,,,,,,,,,,,,,kanhir,,,,,,,,
,,,,,,,,,isavĩn,,,,,,,,,,,,,,,
,,,,,,,isavĩn,,,,,,,,,,,,,,,,,
,,,,,,,,,,,,,,,,kufyha,,,,,,,,
,,,,,,,,,,,,,,,,,caneta,,,,,,,
,,,,,pãkrĩ,,,,,,,,,,,,,,,,,,,
,,,,,pugrĩ,,,,,,,,,,,,,,,,,,,
,,,,,pije,,,,,,,,,,,,,,,,,,,
,,,,,,,,,,,,,,,,kajan,,,,,,,,
,,,jagãgtan,,,,,,,,,,,,,,,,,,,,,
,,,,,,,ijamã,,,,,,,,,,,,,,,,,
,,,,,,,,,,,,,,,,keiso,,,,,,,,
,,,,,pãnpin,,,,,,,,,,,,,,,,,,,
,,,,,,,,,,,,agiso,,,,,,,,,,,,
,,,jagtarha,,,,,,,,,,,,,,,,,,,,,
,,,,,,,,,,,,aretas,,,,,,,,,,,,
,,,,,,,isérem,,,,,,,,,,,,,,,,,
,,,,,,jéisỹ,,,,,,,,,,,,,,,,,,
,,,,,,,,,,,,,,,,kãgrá,,,,,,,,
,,,,,,jagtarꞌ,,,,,,,,,,,,,,,,,,
,,,,,,jẽgry,,,,,,,,,,,,,,,,,,
,,,,,,,,,,,,,,,,kygvã,,,,,,,,
,,,,,,,,,,,,,,,,kujãgja,,,,,,,,
,,,,,,,,,,,,ajudar,,,,,,,,,,,,
,,,,,,,,,,,,,,,,kygven,,,,,,,,
,,,,,,jygjy,,,,,,,,,,,,,,,,,,
,,,,,,,,,,,,,,,,kãménhã,,,,,,,,
,,,,,,jãrén,,,,,,,,,,,,,,,,,,
,,,,,,,,,,,,agtopẽ,,,,,,,,,,,,
,,,,,pénmãn,,,,,,,,,,,,,,,,,,,
,,,,,,jémẽn,,,,,,,,,,,,,,,,,,
,,,,,,jũrn,,,,,,,,,,,,,,,,,,
,,,,,,,,,,,,,,,,katõ,,,,,,,,
,,,,,,,,,,,,,,,,kãménꞌ,,,,,,,,
,,,,,pãgsĩꞌ,,,,,,,,,,,,,,,,,,,
,,,,,,,,,,,,,,,,kygva,,,,,,,,
,,,,,,jaãjag,,,,,,,,,,,,,,,,,,
,,,,,,jykreha,,,,,,,,,,,,,,,,,,
,,,,,,,,,,,,,,,,kujej,,,,,,,,
,,,,,,,,,,,,,,,,kãnhmég,,,,,,,,
,,,,,,,,,,,,,,,demas,,,,,,,,,
,,,,,,,,,,,,arquipo,,,,,,,,,,,,
,,,,,,,,,,,,,,,,kufyinh,,,,,,,,
,,,,,pénmév,,,,,,,,,,,,,,,,,,,
,,,,,,jéjãvo,,,,,,,,,,,,,,,,,,
,,,,,,,,,,,,,,,,kygnẽn,,,,,,,,
,,,,,,,,,,,,,,,,keã,,,,,,,,
,,,,,,jykreã,,,,,,,,,,,,,,,,,,
,,,,,,,,,,,,,,,,kãsirkỹ,,,,,,,,
,,,,,,,,,,,,,,,,kãmeã,,,,,,,,
,,,,,,,,,,,,agha,,,,,,,,,,,,
,,,,,,,,,,,,,,,,ketá,,,,,,,,
,,,,,,jykretá,,,,,,,,,,,,,,,,,,
,,,,,,,,,,,,agẽprã,,,,,,,,,,,,
,,,,,,janes,,,,,,,,,,,,,,,,,,
,,,jambres,,,,,,,,,,,,,,,,,,,,,
,,,,,,jambres,,,,,,,,,,,,,,,,,,
,,,,,,,icônia,,,,,,,,,,,,,,,,,
,,,jakuri,,,,,,,,,,,,,,,,,,,,,
,,,,,,jakuri,,,,,,,,,,,,,,,,,,
dalmácia,,,,,,,,,,,,,,,,,,,,,,,,
,,,,,,,,,,,,,,,,,carpo,,,,,,,
,,,,,,,,,,,,,,,,,cláudia,,,,,,,
,,,,,,,,,,,abraços,,,,,,,,,,,,,
,,,,,,,,,,,,,abraços,,,,,,,,,,,
,,,,,,,,,,,,abraços,,,,,,,,,,,,
,,,,,,,,,,,,,,,,keag,,,,,,,,
,,,,,,jykreag,,,,,,,,,,,,,,,,,,
,,,,,,,,,,,,,,,,kãnhpẽn,,,,,,,,
,,,,,,,,,,,,,,,,kófãn,,,,,,,,
,,,,,,,,,,,,,,,,kukã,,,,,,,,
,,,,,,,,,,,,,,,,keti,,,,,,,,
,,,,,,,,,,,,,,,,,caixa,,,,,,,
,,,,,,,,,,,,,,,,kãtĩghã,,,,,,,,
,,,,,,,,,,,,,,,,kujãjãg,,,,,,,,
,,,,,,jefté,,,,,,,,,,,,,,,,,,
,,,,,,,,,,,,,,,,kãnhrãn,,,,,,,,
,,,,,,,,,,,,,,,,kygnég,,,,,,,,
,,,,,,,,,,,,,,,,kekrónh,,,,,,,,
,,,,,pẽvãsỹ,,,,,,,,,,,,,,,,,,,
,,,,,,,,,,,,,,,,,cartatỹ,,,,,,,
,,,,,,jykreẽg,,,,,,,,,,,,,,,,,,
,,,,,,,,,,,,,,,,kupũn,,,,,,,,
,,,,,,,,,,,,,,,,kagtĩgꞌ,,,,,,,,
,,,,,,jymi,,,,,,,,,,,,,,,,,,
,,,,,,,,,,,,,,,,,,,,krũj,,,,
,,,,,,,,,,,,,,,,krũj,,,,,,,,
,,,,,,,,,,,,,,,,kevãhã,,,,,,,,
,,,,,,,,,,,,,,,,kómóg,,,,,,,,
,,,,,,,,,,,,,,,,,,,,krĩmkrĩm,,,,
,,,,,pastor,,,,,,,,,,,,,,,,,,,
,,,,,,,,,,,,,,,,kesỹ,,,,,,,,
,,,,,,,,,,,,,,,,kugpũr,,,,,,,,
,,,,,,,,,,,,aginh,,,,,,,,,,,,
,,,,,,,,,,,,,,,,,coré,,,,,,,
,,,,,,jẽngéj,,,,,,,,,,,,,,,,,,
,,,,,patmos,,,,,,,,,,,,,,,,,,,
,,,,,pérgamo,,,,,,,,,,,,,,,,,,,
,,,,,,jẽnkã,,,,,,,,,,,,,,,,,,
,,,,,,jẽnẽkỹ,,,,,,,,,,,,,,,,,,
,,,,,,,,,,,,antipas,,,,,,,,,,,,
,,,,,,jezabel,,,,,,,,,,,,,,,,,,
,,,,,,,,,,,,,,,,kãtãpry,,,,,,,,
,,,jaspe,,,,,,,,,,,,,,,,,,,,,
,,,,,,jaspe,,,,,,,,,,,,,,,,,,
,,,,,,jógtánh,,,,,,,,,,,,,,,,,,
,,,,,,,,,,,,,,,,kakeꞌ,,,,,,,,
,,,,,,,,,,,,,,,,kusũgꞌ,,,,,,,,
,,,,,,,,,issacar,,,,,,,,,,,,,,,
,,,,,,,issacar,,,,,,,,,,,,,,,,,
,,,,,,,,,,,,,,,,kókir,,,,,,,,
,,,,,,,,,,,,,,,,kavãnkỹ,,,,,,,,
,,,,,,,,,,,,,abadom,,,,,,,,,,,
,,,,,,,,,,,,abadom,,,,,,,,,,,,
,,,,,,,,,,,,apolião,,,,,,,,,,,,
,,,,,,,isỹn,,,,,,,,,,,,,,,,,
,,,,,,,,,,,,,,,,kyrkỹ,,,,,,,,
,,,,,,,,,,,,,,,,kãmekỹ,,,,,,,,
,,,japon,,,,,,,,,,,,,,,,,,,,,
,,,,,,japon,,,,,,,,,,,,,,,,,,
,,,,,,,,,,,,,,,,,cadeia,,,,,,,
,,,,,,,,,,,,,,,,kagtén,,,,,,,,
,,,,,,,,,,,,,,,,kónãnkỹ,,,,,,,,
,,,,,,jukén,,,,,,,,,,,,,,,,,,
,,,,,,jẽgmĩg,,,,,,,,,,,,,,,,,,
,,,,,pyrfé,,,,,,,,,,,,,,,,,,,
,,,,,,,,,,,,,,,,kugjẽn,,,,,,,,
,,,,,,,,,,,,,,,,kyprãg,,,,,,,,
,,,,,pépo,,,,,,,,,,,,,,,,,,,
,,,,,pãnfĩ,,,,,,,,,,,,,,,,,,,
,,,,,prũgkỹ,,,,,,,,,,,,,,,,,,,
,,,,,,,,,,,,,,,,kãsirꞌ,,,,,,,,
,,,,,,jẽgmĩnh,,,,,,,,,,,,,,,,,,
,,,,,,,,,,,,,,,,kurãkỹ,,,,,,,,
,,,jacinto,,,,,,,,,,,,,,,,,,,,,
,,,,,,jacinto,,,,,,,,,,,,,,,,,,
