jesu,ju,j,òj,jes,lab,tyb,fe,kri,m,te,kr,tyyritidỹỹdu,je,k,tyyritidỹỹduk,t,rỹsỹn
,,,,,,,,,,,,,,,,tu,
,,,,,,,,,,,,,,ku,,,
,juu,,,,,,,,,,,,,,,,
,,,,,,,,,,,,,,,,txu,
,,,,,,tybe,,,,,,,,,,,
,,,,,,,,,,,,,,ke,,,
,,,,,,,,,,,,,,,,tybe,
,,,,,,,,,,,,,,ka,,,
,,,,,,,,,,,,,,,,ta,
,,,,,,,,,,,,,,,,,rỹsỹna
,,,,,,,,,,tera,,,,,,,
,jura,,,,,,,,,,,,,,,,
,,,,,,,,,,,,,,,,tyra,
,,,,,,,,,,,,,,,,tỹmyra,
,,,,,,,,,mateu,,,,,,,,
,,,,,,,,,,teateu,,,,,,,
,,,,,,,,,,teka,,,,,,,
,,,,,,,,,,,,,,,,teka,
,,,,,,,,,,,,,,kaheka,,,
,,,,,,,,,,,,,,,tyyritidỹỹdukaheka,,
,,,,,,,,,,,,,,,,taheka,
,,,,,,,,,,,,,,,,,rỹsỹnaheka
,,,,,,,,,,,,tyyritidỹỹdukaheka,,,,,
,,,,,,,,,,,,,,ki,,,
,,,,,,,,,,,,,,,,ti,
,,,,,,,,,,,,,jei,,,,
jesuisi,,,,,,,,,,,,,,,,,
,,,,jesuisi,,,,,,,,,,,,,
,,,,,,,,,,,,,jesuisi,,,,
,,jesuisi,,,,,,,,,,,,,,,
,justu,,,,,,,,,,,,,,,,
,,,,,,,festu,,,,,,,,,,
,,,,,,,,kristu,,,,,,,,,
,,,,,,,,,,,kristu,,,,,,
,,,,,,,,,,,,,,kristu,,,
,,,,,labiehekỹ,,,,,,,,,,,,
,,,,,,tybiehekỹ,,,,,,,,,,,
,,,,,,,,,,tere,,,,,,,
,,,,,,,,,,,,,,,,tuu,
,,juu,,,,,,,,,,,,,,,
,juhuu,,,,,,,,,,,,,,,,
,,juhuu,,,,,,,,,,,,,,,
,,,òjuhuu,,,,,,,,,,,,,,
,,,,,,,,,mahe,,,,,,,,
,,,,,,,,,,,,,,,,tahe,
,,,,,,,,,,,,,,kahe,,,
,,,,,,,,,,,,,,,,,rỹsỹnaõ
,juaõ,,,,,,,,,,,,,,,,
,,,,,,,,,,,,,,,,taõ,
,juraõ,,,,,,,,,,,,,,,,
,,,,,,tyby,,,,,,,,,,,
,,,,,,,,,my,,,,,,,,
,,,,,,,,,,,,,,,,tumy,
,,,,,,,,,,,,,,kumy,,,
,,,,,,,,,,,,,jeimy,,,,
,,,,,,,,,,,,,,,,timy,
,,,,,,tybynimy,,,,,,,,,,,
,,,,,,,,,mai,,,,,,,,
,,,,,,,,,,,,,,,,tai,
,,,,,,,,,,,,,,kai,,,
,,,,,,,,,,,,,,kò,,,
,,,,,,,,,,,,,,kaò,,,
,,,,,,,,,,,,,,,,taò,
,juda,,,,,,,,,,,,,,,,
,,juda,,,,,,,,,,,,,,,
,,,,,,,,,,,,,,,,tera,
,,,,,,,,,,,,,,kire,,,
,,,,,,,,,,,,,,,,tara,
,,,,,,,,,,,,,,,,tamara,
,,,,,,,,,,,,,,kabe,,,
,,,,,labie,,,,,,,,,,,,
,,,,,,tybie,,,,,,,,,,,
,,,,,,,,,,,,,,kie,,,
,,,,,,,,,,,,,,,,tie,
,,,,,,,,,myy,,,,,,,,
,,,,,,,,,,,,,,,,tyy,
,,,,,,,,,,,,,,kia,,,
,,,,,,,,,myhỹ,,,,,,,,
,,,,,,,,,mana,,,,,,,,
,,,,,,,,,,,,,,kana,,,
,,,,,,,,,,,,,,,,tii,
,,joaõ,,,,,,,,,,,,,,,
,,,,,,,,,,,,,,,,tyby,
,,josafa,,,,,,,,,,,,,,,
,,joraõ,,,,,,,,,,,,,,,
,,jòtaõ,,,,,,,,,,,,,,,
,,,,,,,,,manase,,,,,,,,
,,,,,,,,,,,,,,ko,,,
,,,,,,,,,mo,,,,,,,,
,,josia,,,,,,,,,,,,,,,
,junia,,,,,,,,,,,,,,,,
,,,,,,,,,,,,,jekonia,,,,
,,jekonia,,,,,,,,,,,,,,,
,,,,,,,,,,,,,,,,tiiboho,
,,,,,,,feli,,,,,,,,,,
,,,,,,,,,mieli,,,,,,,,
,,,,,,,,,maki,,,,,,,,
,,,,,,,,,,,,,,,tyyritidỹỹdukaki,,
,,,,,,,,,,,,,,kaki,,,
,,,,,,,,,matỹ,,,,,,,,
,,jyje,,,,,,,,,,,,,,,
,,,,,,,,,marie,,,,,,,,
,,,,,,,,,,teòdỹỹna,,,,,,,
,,,,,,,,,,tewe,,,,,,,
,,,,,,,,krile,,,,,,,,,
,,,,,,,,,,,,,,,,tule,
,,,,,labieboho,,,,,,,,,,,,
,,,,,,,,,,,,,,,,tyre,
,,,,,,,,,,,,,,kyre,,,
,,,,,,tybyreny,,,,,,,,,,,
,,,,,,,,,,teewimy,,,,,,,
,,,,,,,,,,,,,,,,teewimy,
,,,,,,,,,,teòte,,,,,,,
,,,,,,,,,,,,,,kawese,,,
,,,,,,,,,,,kremy,,,,,,
,,,,,,,,,,,,,,kremy,,,
,,,,,,,,,,,,,,kaule,,,
,,,,,,,,,,,,,,,,tyhy,
,,,,,,,,,,teti,,,,,,,
,,,,,,,,,,,,,,,,tere,
,,,,,,,,,,,,,,kau,,,
,,,,,,,,,,,,,,kiau,,,
,,,,,,,,,,,,,,,,tamy,
,,,,,,,,,,,,,,kamy,,,
,,,,,,,,,,,,,,,,,rỹsỹnamy
,,,,,,,,,,teamy,,,,,,,
,,,,,,tybina,,,,,,,,,,,
,,,,,,,,,,,,,jeina,,,,
,,,,,,,,,,,,,,,,tori,
jesuisimy,,,,,,,,,,,,,,,,,
,,,,jesuisimy,,,,,,,,,,,,,
,,,,,,,,,,,,,,kani,,,
,,,,,,,,,,,,,,kiani,,,
,,,,,,,,,makre,,,,,,,,
,,,,,,,,,,,,,,,,tiu,
,,,,,,,,,,,,,,,,tade,
,,,,,,,,,,,,,,,,tõre,
,,,,,,,,,,,,,,kõre,,,
,,,,,,tybyõre,,,,,,,,,,,
,,,,,,,feira,,,,,,,,,,
,,,,,,,,,,,,,,,,tira,
,,,,,,,,,meia,,,,,,,,
,judeia,,,,,,,,,,,,,,,,
,,judeia,,,,,,,,,,,,,,,
,,,,,,,,,mahãdu,,,,,,,,
,,,,,,,,,,,,,,,,taina,
,,,,,,,,,,teramy,,,,,,,
,juramy,,,,,,,,,,,,,,,,
,,,,,,,,,,,,,,,,tyramy,
,,,,,,,,,mahãduõ,,,,,,,,
,,jura,,,,,,,,,,,,,,,
,,,,,,,,,,,,,jerusalẽ,,,,
,judeu,,,,,,,,,,,,,,,,
,,judeu,,,,,,,,,,,,,,,
,,,,,,,,,,terỹboho,,,,,,,
,,,,,,,,,,,,,,,,tainamy,
,,,,,,,,,,,,,,kaiboho,,,
,,,,,,,,,,,,,,,,tibo,
,,,,,,,,,,,,,,,,txibo,
,,,,,,,,,,,,,,,,titxibo,
,,,,,,tybyõ,,,,,,,,,,,
,,,,,,,,,mena,,,,,,,,
,,,,,,,,,,,,,jeidỹỹdu,,,,
,,,,,,,,,,,,,,,,tyyriti,
,,,,,,,,,makemy,,,,,,,,
,,,,,,,,,,,,,,,,timybo,
,,,,,,,,,,,,,jeidỹỹmy,,,,
,,,,,,,,,,,,,,,,tatyhy,
,,,,,,,,,,,,,,,,tỹre,
,,,,,,,,,,,,,,,,txubo,
,,,òjiarỹ,,,,,,,,,,,,,,
,,jiarỹ,,,,,,,,,,,,,,,
,,,,,,,,,myki,,,,,,,,
,,,,,,,,,,,,,,,,tureny,
,juròna,,,,,,,,,,,,,,,,
,,,,,,tybymy,,,,,,,,,,,
,,,,,,,,,,,,,,,,tybymy,
,,,,,,,,,,,,,,,,tariòre,
,,,,,,,,,,teòdu,,,,,,,
,,,,,,,,,,,,,,keki,,,
,,,,,,,,,meki,,,,,,,,
,,,,,,,,,,,,,,,,tỹnyre,
,,,,,,,,,,,,,,kiamy,,,
,,,,,,,,,,,,,jeremia,,,,
,,jeremia,,,,,,,,,,,,,,,
,,,,,,,,,myhỹre,,,,,,,,
,,,,,,,,,,,,,,,,ture,
,,,,,,,,,,teròwymy,,,,,,,
,,,,,,,,,,,,,,kowa,,,
,,,,,,,,,,,,,,,,,rỹsỹnaõmy
,,joaõmy,,,,,,,,,,,,,,,
,,,,,,,,,,,,,,kamelo,,,
,,jordaõ,,,,,,,,,,,,,,,
,,,,,,,,,,,,,,,,taru,
,,,,,,,,,,,,,,kòraru,,,
,,,,,,,,,,,,,,,,tyhymy,
,,,,,,,,,moma,,,,,,,,
,,,,,,,,,,,,,,,,tòru,
,,,,,,,,,,,,,,kõkeki,,,
,,,,,,,,,,,,,,katyre,,,
,,,,,,,,,mykeki,,,,,,,,
,,,,,,,,,maixõmo,,,,,,,,
,,,,,,,,,myna,,,,,,,,
,,,,,,,,,,,,,,,,tahyna,
,,,,,,,,,,,,,,kõkõmy,,,
,,,,,,,,,,,,,,,,txi,
,,,,,,,,,,,,,,,,tukure,
,,,,,,,,,,,,,,kanasi,,,
,,,,,,,,,,,,,,,,txumy,
,,,,,,,,,,,krile,,,,,,
,,,,,,,,,,,,,,,,taile,
,,,,,,,,,,,,,,kaile,,,
,,,,,,,,,,templo,,,,,,,
,,,,,,,,,,,,,,,,templo,
,,,,,,,,,,,,,,,,tukre,
,,,,,,,,,,,,,,,,taỹju,
,,,,,,,,,,tebò,,,,,,,
,,,,,,,,,,,,,,,,tebò,
,,,,,,,,,make,,,,,,,,
,,,,,,,,,,teàlàna,,,,,,,
,,,,,,,,,,,,,,,,teàlàna,
,,,,,,,,,,,,,,,,tiile,
,,,,,,,,,,,,,,,,teòdu,
,,,,,,,,,mabeke,,,,,,,,
,,,,,,,,,,,,,,,,tawo,
,,,,,,,,,,,,,,kawo,,,
,,,,,,,,,manaõ,,,,,,,,
,,,,,,,,,,,,,,kafanaõ,,,
,,,,,,,,,,,,,,katxi,,,
,,,,,,,,,,,,,,kawe,,,
,,,,,,,,,,,,,,,,tawe,
,,,,,,,,,,,,,,kowawe,,,
,,,,,,,,,,,,,,,,tukõdu,
,,,,,,,,,,,,,,,,tasỹ,
,,,,,,,,,,,,,,kowasỹ,,,
,,,,,,,,,,,,,,,,toosòna,
,,,,,,,,,mariamy,,,,,,,,
,,,,,,,,,,,,,,,,timaõ,
,,,,,,,,,,,,,,,,timykre,
,juwesele,,,,,,,,,,,,,,,,
,,,,,,,,,,,,,,,,tarià,
,,,,,,,,,,,,,,,,txiau,
,,,,,,,,,,,,,,,,talawo,
,,,,,,,,,,,,,,,,tybina,
,,,,,,,,,,,,,,,,tiò,
,,,,,,,,,,,,,,,,tya,
,,,,,,,,,,tetya,,,,,,,
,,,,,,,,,,teysana,,,,,,,
,,,,,,,,,,,,,,,,teysana,
,,,,,,,,,makeki,,,,,,,,
,,,,,,,,,,teysamy,,,,,,,
,,,,,,,,,,,,,,,,teysamy,
,,jona,,,,,,,,,,,,,,,
,,,,,,,,,mona,,,,,,,,
,,,,,,,,,,,,,,kanakre,,,
,,,,,,,,,manakre,,,,,,,,
,,,,,,,,,,,,,,,,tyymy,
,,,,,,,,,,,,,,,,tukeki,
,,,,,,,,,,,,,,,,tòena,
,,,,,,,,,,,,,,,,tyky,
,,,,,,,,,,,,,,,,tulesỹ,
,,,,,,,,,,teysakre,,,,,,,
,,jyyra,,,,,,,,,,,,,,,
,,,,,,,,,,,,,,,,tanyte,
,,,,,,,,,,,,,,kaa,,,
,,,,,,,,,maa,,,,,,,,
,,,,,,,,,,,,,,krile,,,
,juhu,,,,,,,,,,,,,,,,
,,,,,,,,,makremy,,,,,,,,
,,,,,,,,,mahãte,,,,,,,,
,,,,,,,,,,,,,,kabede,,,
,,,,,,,,,,,,,,,,tabede,
,,,,,,,,,,,,,,,,tatyy,
,,,,,,,,,moõ,,,,,,,,
,,,,,,,,,,,,,,,,toosòmy,
,,juramy,,,,,,,,,,,,,,,
,,,,,,,,,,,,,,,,tamana,
,,,,,,,,,,,,,,,,tako,
,,,,,,,,,,,,,,,,tõhõti,
,,,,,,,,,,,,,,,,toite,
,,,,,,,,,mynamy,,,,,,,,
,,,,,,,,,,,,,,karybe,,,
,,,,,,,,,,,,,,,,tarybe,
,,,,,,,,,,teate,,,,,,,
,,,,,,,,,,,,,,,,tate,
,,,,,,,,,,,,,,,,teramy,
,,,,,,,,,,,,,,kỹny,,,
,,,,,,,,,,,,,,kõnana,,,
,,,,,,,,,mynyke,,,,,,,,
,,,,,,,,,,,,,,,,,rỹsỹnale
,,,,,,,,,mahumy,,,,,,,,
,,,,,,,,,,,,,,kòke,,,
,,,,,,,,,malòke,,,,,,,,
,,,,,,,,,,,,,,,,tyhyre,
,,,,,,,,,,,,,,kahãwyy,,,
,,,,,,,,,,,,,,,,tahãwyy,
,,,,,,,,,,,,,,,,tỹwe,
,,,,,,,,,,,,,,kaòle,,,
,,,,,,,,,,,,,,,,tiramy,
,,,,,,,,,,,,,,kakile,,,
,,,,,,,,,matxike,,,,,,,,
,,,,,,,,,,teuremy,,,,,,,
,,,,,,,,,,,,,,,,teuremy,
,,,,,,,,,,,,,,kohe,,,
,,,,,,,,,,,,,,kiale,,,
,,,,,,,,,myỹ,,,,,,,,
,,juhu,,,,,,,,,,,,,,,
,,,,,,,,,,,,,,,,tuumy,
,,,,,,,,,,,,,,,,tukumy,
,,,,,,,,,,,,,,,,tyamy,
,jurawo,,,,,,,,,,,,,,,,
,,,,,,,,,,terawo,,,,,,,
,,jurawo,,,,,,,,,,,,,,,
,,,,,,,,,moo,,,,,,,,
,,,,,,,,,myike,,,,,,,,
,,,,,,,,,,,,,,,,tyremy,
,,,,,,tybyle,,,,,,,,,,,
,,,,,,,,,myle,,,,,,,,
,,,,,,tybyboho,,,,,,,,,,,
,,,,,,,,,,,,,,,,,rỹsỹnareny
,,,,,,,,,manake,,,,,,,,
,,,,,,,,,,,,,,kanake,,,
,,,,,,,,,,,,,,,,txuõ,
,,,,,,,,,,,,,,,,txuu,
,,,,,,,,,,terareny,,,,,,,
,,,,,,,,,,terina,,,,,,,
,judòera,,,,,,,,,,,,,,,,
,,judòera,,,,,,,,,,,,,,,
,,,,,,,,,,,,,,,,tỹximy,
,,,,,,,,,,teòdumy,,,,,,,
,,,,,,,,,,,,,,,,teòdumy,
,,,,,,,,,,,,,,kiake,,,
,,,,,,,,,mariake,,,,,,,,
,,,,,,,,,,,,,,kasa,,,
,,,,,,,,,,,,,,,,tykyõ,
,,,,,,,,,,,,,,kyhyna,,,
,,,,,,,,,,,,,,,,tyhyna,
,,,,,,,,,,,,,,,,tykyõmy,
,,,,,,,,,,,,,,kiaòle,,,
,,,,,,,,,,,,,,,,tarasi,
,,,,,,,,,,,,,,,,tarasa,
,,,,,,,,,,teerymy,,,,,,,
,,,,,,,,,,,,,,,,terina,
,,,,,,,,,,,,,,,,tutyhy,
,,,,,,tybiekeki,,,,,,,,,,,
,,,,,,,,,mahake,,,,,,,,
,,,,,,,,,,,,,,kuladu,,,
,,,,,,,,,,tewinymy,,,,,,,
,,,,,,,,,,,,,,kí,,,
,,,,,,,,,moisesi,,,,,,,,
,,,,,,,,,malokre,,,,,,,,
,,,,,,tybyhykỹ,,,,,,,,,,,
,,,,,,,,,,terare,,,,,,,
,,,,,,,,,,,,,,kore,,,
,,,,,,,,,,,,,,,,tỹtỹ,
,,,,,,,,,,teeryte,,,,,,,
,,,,,,,,,,,,,,,,teeryte,
,,,,,,,,,matyty,,,,,,,,
,,,,,,,,,,,,,,,,tadeòdu,
,,,,,,,,,,,,,,,,taheto,
,,,,,,,,,mahãduy,,,,,,,,
,,,,,,,,,,,,,,kahãbu,,,
,,,,,,,,,,,,,,,,tahãbu,
,,,,,,,,,,,,,,,,tiki,
,,,,,,,,,,,,,,,,taiki,
,,,,,,,,,,,,,,,,taita,
,,,,,,,,,,,,,,kaita,,,
,,,,,,,,,,,,,,,,tahi,
,,,,,,,,,,,,,,,,timyre,
,,,,,,,,,myhe,,,,,,,,
,,,,,,,,,,,,,,kanawe,,,
,,,,,,,,,makreu,,,,,,,,
,,,,,,,,,,,,,,,,tetya,
,,,,,,,,,,,,,,,,tỹimy,
,,,,,,,,,,,,,,kadara,,,
,,,,,,,,,,,,,,,,tary,
,,,,,,,,,,,,,,kiary,,,
,jurawomy,,,,,,,,,,,,,,,,
,,,,,,,,,,,,,,,,terawo,
,,,,,,,,,,,,,,,,tahãwã,
,,,,,,,,,,,,,,kahãwã,,,
,,,,,,,,,,,,,,,,taexi,
,,,,,,,,,mahã,,,,,,,,
,,,,,,,,,,,,,,,,tateri,
,,,,,,,,,,,,,,,,taruru,
,,,,,,tybyreki,,,,,,,,,,,
,,,,,,,,,,,,,,,,titxi,
,,,,,,,,,,,,,,,,taery,
,,,,,,,,,,,,,,kiaõ,,,
,,,,,,,,,,,,,,,,tulemy,
,,,,,,,,,,,,,,,,teti,
,,,,,,,,,,,,,,,,tatyby,
,,jikarỹ,,,,,,,,,,,,,,,
,,,,,,,,,,,,,,,,tòòsemy,
,,,,,,,,,,,kreta,,,,,,
,,,,,,,,,,teyteta,,,,,,,
,,,,,,,,,,,,,,,,teyteta,
,,,,,,,,,,teytemy,,,,,,,
,,,,,,,,,,,,,,,,teytemy,
,,,,,,,,,mynymy,,,,,,,,
,,,,,,,,,,tesỹnymy,,,,,,,
,,,,,,,,,,,,,,,,tabita,
,,,,,,,,,,telyymy,,,,,,,
,,,,,,,,,,,,,,,,telyymy,
,,,,,,,,,,,,,,,,tawa,
,,,,,,,,,,,,,,,,tome,
,,,,,,,,,,,,,,kadeu,,,
,,,,,,,,,,,,,,,,tadeu,
,judasi,,,,,,,,,,,,,,,,
,,judasi,,,,,,,,,,,,,,,
,,,,,,,,,mahadu,,,,,,,,
,,,,,,,,,,tetate,,,,,,,
,,,,,,,,,,,,,,,,tetate,
,,,,,,,,,,,,,,kata,,,
,,,,,,,,,mata,,,,,,,,
,jurana,,,,,,,,,,,,,,,,
,,,,,,,,,,,,,,,,taòwy,
,,,,,,,,,,,,,jeihyy,,,,
,,,,,,,,,,,,,,,,taihyy,
,,,,,,,,,malòkeu,,,,,,,,
,,,,,,,,,manamy,,,,,,,,
,,,,,,,,,,,,,,komora,,,
,,,,,,,,,,,,,,,,taòraru,
,,,,,,,,,,,,,,kanau,,,
,,,,,,,,,manale,,,,,,,,
,,,,,,,,,,,,,,,,tybyõ,
,,,,,,,,,,,,,,koludu,,,
,,,,,,,,,,,,,,konana,,,
,,,,,,,,,,,,,,,,tyytyby,
,,,,,,,,,,,,,,,,txule,
,,,,,,,,,,,,,,kiawese,,,
,,,,,,,,,,tewesebo,,,,,,,
,,,,,,,,,,,,,,,,tadi,
,,,,,,,,,,,,,,,,tahõrõ,
,,,,,,,,,mabekre,,,,,,,,
,,,,,,,,,monamy,,,,,,,,
,,,,,,,,,,,,,,,,tybyle,
,,,,,,,,,,,,,,,,tabite,
,,,,,,,,,,,,,,,,tiere,
,juhukỹ,,,,,,,,,,,,,,,,
,,juhukỹ,,,,,,,,,,,,,,,
,,,,,,,,,,,,,,,,tarade,
,,,,,,,,,,,,,,kainymy,,,
,,,,,,,,,,,,,,kaboho,,,
,,,,,,,,,,,,,,kiaboho,,,
,,,,,,,,,,,,,,,,,rỹsỹnaluu
,,,,,,,,,,,,,,,,tabyre,
,,,,,,,,,,,,,,,,tiro,
,,,,,,,,,,,,,,,,taumy,
,,,,,,,,,,texihumy,,,,,,,
,,,,,,,,,,,,,,,,tykymy,
,,,,,,,,,,,,,,,,taijoi,
,,,,,,,,,,,,,,,,tuure,
,,,,,,,,,,teòsamy,,,,,,,
,,,,,,,,,,,,,,,,teòsamy,
,,,,,,,,,,,,,,,,tiribi,
,,,,,,,,,,,,,,,,taijoiy,
,,,,,,,,,,,,,,,,tayreny,
,,,,,,,,,,,,,,,,tibohe,
,,,,,,,,,,,,,,,,taòludu,
,,,,,,,,,,,,,,,,tiehyy,
,,,,,,,,,,,,,,,,tarayky,
,,,,,,,,,,,,,,kalemy,,,
,,jonasi,,,,,,,,,,,,,,,
,,jòò,,,,,,,,,,,,,,,
,,,,,,,,,,,,,,kỹhe,,,
,,,,,,,,,mota,,,,,,,,
,,,,,,,,,,,,,,,,tota,
,,,,,,,,,,tebòhe,,,,,,,
,,,,,,,,,,,,,,,,tebòhe,
,,,,,,,,,,,,,,kotyre,,,
,,,,,,,,,,,,,,,,tòtee,
,,,,,,,,,,teòruty,,,,,,,
,,,,,,,,,,,,,,,,tarue,
,,,,,,,,,mobo,,,,,,,,
,,,,,,,,,,,,,,kanakeu,,,
,,,,,,,,,,,,,,,,tibina,
,,,,,,,,,,,,,,kiemy,,,
,,,,,labiemy,,,,,,,,,,,,
,,,,,,,,,,,,,,,,tiiemy,
,,,,,,,,,,,,,,,,tuhe,
,,,,,,,,,,,,,,,,tiuhe,
,,,,,,,,,,telyyté,,,,,,,
,,,,,,,,,,,,,,,,telyyté,
,,,,,,,,,,,,,,,,taju,
,,,,,,,,,,,,,,,,tadeuxu,
,,,,,,,,,,,,,,,,tauludu,
jesuisini,,,,,,,,,,,,,,,,,
,,,,jesuisini,,,,,,,,,,,,,
jesuisiko,,,,,,,,,,,,,,,,,
,,,,jesuisiko,,,,,,,,,,,,,
,,,,,,,,,,,,,,kiaule,,,
,,,,,,,,,,,,,,,,txura,
jesuisile,,,,,,,,,,,,,,,,,
,,,,jesuisile,,,,,,,,,,,,,
,,jiarỹle,,,,,,,,,,,,,,,
,,,,,,,,,,,,,,kakỹny,,,
,,,,,,,,,,teõteri,,,,,,,
,,,,,,,,,,,,,,,,tatyky,
,,,,,,,,,,tebòreny,,,,,,,
,,,,,,,,,,,,,,,,tadimy,
,,,,,,,,,,,,,,,,tanieru,
,,,,,,,,,,,,,,kanieru,,,
jesuísí,,,,,,,,,,,,,,,,,
,,,,jesuísí,,,,,,,,,,,,,
,,,,,,,,,,,,,jesuísí,,,,
,,jesuísí,,,,,,,,,,,,,,,
,,,,,,,,,,,,,,,,turibi,
,,,,,,,,,,,,,,,,tytymy,
,juwyra,,,,,,,,,,,,,,,,
,,,,,,,,,,,,,,,,takamy,
,,,,,,,,,,,,,,kainy,,,
,,,,,,,,,,,,,,,,tíí,
,,,,,,,,,magadã,,,,,,,,
,,,,,,,,,,,,,,kurina,,,
,,,,,,,,,,,,,,,,txỹxi,
,julia,,,,,,,,,,,,,,,,
,,,,,,,,,mowexe,,,,,,,,
,,,,,,,,,,,,,jeidỹỹ,,,,
,,,,,,,,,,,,,,,,tukremy,
,,,,,,,,,matuari,,,,,,,,
,,,,,,,,,,,,,,karibi,,,
,,,,,,,,,,,,,,,,taitxeò,
,,,,,,,,,,teòsana,,,,,,,
,,,,,,,,,,,,,,kòsana,,,
,,,,,,,,,,,,,,,,tiwese,
,,,,,,,,,,,,,,,,tiòle,
jesuisiòle,,,,,,,,,,,,,,,,,
,,,,,,,,,,,,,,kiehe,,,
,,,,,,,,,mynydu,,,,,,,,
,,,,,,,,,mobohe,,,,,,,,
,,,,,,,,,,,,,,,,tuhyy,
,,,,,,,,,malòkre,,,,,,,,
,,,,,,,,,,,,,,,,tuuõre,
,,,,,,,,,,,,,,,,taijyy,
,,,,,,,,,,,,,,kaijyy,,,
,,,,,,,,,mahakre,,,,,,,,
,,,,,,,,,,,,,,,,tyhyle,
,,,,,,,,,,,,,,kỹnyhe,,,
,,,,,,,,,,,,,,,,txiokre,
,,,,,,,,,,,,,,,,tewe,
,,,,,,,,,,tewinyta,,,,,,,
,,jeina,,,,,,,,,,,,,,,
,,,,,,,,,,teõta,,,,,,,
,,,,,,,,,,,,,,,,tureri,
,,,,,,,,,,,,,,,,tõtxi,
,,,,,,,,,molokre,,,,,,,,
,,,,,,,,,mynodu,,,,,,,,
,,,,,,,,,,,,,,,,taoworu,
,,,,,,,,,,,,,,,,txuòwy,
,,,,,,,,,,,,,,,,txutyeu,
,,,,,,,,,,,,,,,,txutye,
,,,,,,,,,,,,,,,,txuhyy,
,,,,,,,,,,,,,,,,tuheka,
,,,,,,,,,,,,,,,,tawaò,
,,,,,,,,,,,kreku,,,,,,
,,,,,,,,,,,,,,kreku,,,
,,,,,,,,,,,,,,,,tulekre,
,,,,,,,,,,,,,,,,tarora,
,,,,,,,,,,,,,,,,txiaku,
,,,,,,,,,,,,,,,,tuukre,
jesuisihe,,,,,,,,,,,,,,,,,
,,,,jesuisihe,,,,,,,,,,,,,
,jumenta,,,,,,,,,,,,,,,,
,,jumenta,,,,,,,,,,,,,,,
,,,,,,,,,,,,,,,,tawedu,
,,juròna,,,,,,,,,,,,,,,
,,,,,,,,,,,,,,,,txirule,
,,,,,,,,,,teòduõ,,,,,,,
,,,,,,,,,,,,,,,,teòduõ,
,,jei,,,,,,,,,,,,,,,
,,,,,,tybyrybe,,,,,,,,,,,
,,,,,,,,,,,,,,,,txuramy,
,juhuna,,,,,,,,,,,,,,,,
,,juhuna,,,,,,,,,,,,,,,
,,,,,,,,,,,,,,kòri,,,
,,,,,,,,,,tebòmy,,,,,,,
,,,,,,,,,,,,,,,,tukõmy,
,,,,,,,,,,,,,,,,taka,
,,,,,,,,,,,,,,,,tahaka,
,judea,,,,,,,,,,,,,,,,
,,,,,,,,,,,,,,kedea,,,
,,,,,,,,,,,,,,kedeake,,,
,,,,,,,,,,,,,,,,taruti,
,,,,,,,,,,,,,,koa,,,
,,,,,,,,,monibo,,,,,,,,
,,,,,,,,,,teleu,,,,,,,
,,,,,,,,,,,,,,,,teleu,
,,,,,,,,,,telareny,,,,,,,
,,,,,,,,,,,,,,,,tiwexe,
,,,,,,,,,,teeryõte,,,,,,,
,,,,,,,,,,,,,,,,txiò,
,,,,,,,,,,,,,,kasu,,,
,,,,,,,,,,,,,,,,tasu,
,,,,,,,,,mahamy,,,,,,,,
,,,,,,,,,mesia,,,,,,,,
,,,,,,,,,myheka,,,,,,,,
,,,,,,,,,,,,,,,,tusỹmy,
,,juraõ,,,,,,,,,,,,,,,
,,,,,,,,,,,,,,,,tyrare,
,,,,,,,,,,,,,,,,taruetà,
,,,,,,,,,,tetidite,,,,,,,
,juratya,,,,,,,,,,,,,,,,
,,juratya,,,,,,,,,,,,,,,
,,,,,,,,,,,,,,,,tiubohe,
,,,,,,,,,,,,,,,,tiuboho,
,,,,,,,,,,,,,,katahe,,,
,,,,,,,,,matahe,,,,,,,,
,,,,,,,,,,,,,,,,tohouã,
,,,,,,,,,mynyna,,,,,,,,
,,,,,,,,,,,,,,,,txulyby,
,,,,,,,,,,,,,,,,txirubò,
,,,,,,,,,,,,,,kòhòra,,,
,,,,,,,,,,,,,,,,tiubo,
,,,,,,,,,,,,,,konany,,,
,,,,,,,,,momodu,,,,,,,,
,,,,,,,,,,,,,,kõkremy,,,
,,,,,,,,,,,,,,,,toosò,
,,,,,,,,,,,,,,kialemy,,,
,,,,,,,,,,,,,,,,tỹinamy,
,,,,,,,,,,,,,,,,tulere,
,,,,,,,,,,tewinyte,,,,,,,
,,,,,,,,,,,,,,,,tabohe,
,,,,,,,,,,,,,,,,taraò,
,,,,,,,,,,,,,,,,teate,
,,,,,,,,,,,,,,,,tarumy,
,,,,,,,,,,,,,,,,torimy,
,,,,,,,,,,,,,,,,tuhyymy,
,,,,,,,,,,,,,,kaifa,,,
,,,,,,,,,,teburemy,,,,,,,
,,,,,,,,,,,,,,,,tiikre,
,,,,,,,,,,,,,,kaityhy,,,
,,,,,,,,,,,,,,,,tukõre,
,,,,,,,,,mayrehe,,,,,,,,
,,,,,,,,,,,,,,,,tõnori,
,,,,,,,,,maydese,,,,,,,,
,,,,,,,,,,,,,,,,tamyhe,
,,,,,,,,,,,,,,kiamyhe,,,
,,,,,,,,,,,,,,,,txudi,
,,,,,,,,,,,,,,,,tiire,
,,,,,,,,,,,,,,kumymy,,,
,,,,,,,,,,,,,,,,tamyle,
,,,,,,,,,,,,,,,,tikiemy,
,,,,,,,,,,,,,,,,tykysò,
,,,,,,,,,,,,,,kòkòta,,,
,,,,,,,,,,,,,,,,tukemy,
,,,,,,,,,,,,,,,,tateki,
,,,,,,,,,,,,,,,,txioro,
,,,,,,,,,,,,,,,,tabrebu,
,,,,,,,,,,,,,,,,txiause,
,,jyjese,,,,,,,,,,,,,,,
,,,,,,,,,marieõ,,,,,,,,
,,,,,,,,,,,,,,,,toiteri,
,,,,,,,,,,,,,,,,tiobo,
,juhutyhy,,,,,,,,,,,,,,,,
,,,,,,,,,marku,,,,,,,,
,,,,,,,,,,,,tyyritidỹỹdukaki,,,,,
,,,,,,,,kristumy,,,,,,,,,
,,,,,,,,,,,kristumy,,,,,,
,,,,,,,,,,,,,,kiatxu,,,
,,,,,,,,,,,,,,,,tuureny,
,,,,,,,,,,temyta,,,,,,,
,,,,,,,,,,,,,,,,temyta,
,,,,,,,,,,,,,,,,tatehe,
,,,,,,,,,,,,,,,,talòmy,
,,,,,,,,,,,,,,,,tyybina,
,,,,,,,,,mynake,,,,,,,,
,,,,,,,,,myikre,,,,,,,,
,,,,,,,,,moheka,,,,,,,,
,,,,,,,,,,,,,,karare,,,
,,,,,,,,,,,,,,kiata,,,
,,,,,,,,,,,,,,,,txuule,
,,,,,,,,,,,,,,,,talawò,
jesuisise,,,,,,,,,,,,,,,,,
,,,,jesuisise,,,,,,,,,,,,,
,,,,,,,,,mowe,,,,,,,,
,,,,,,,,,,telyyta,,,,,,,
,,,,,,,,,,,,,,,,telyyta,
,,,,,,,,,,,,,,kidekre,,,
,,,,,,,,,,,,,,,,teõteri,
,,,,,,,,,,,,,,,,teõta,
,,,,,,,,,,,,,,,,txulemy,
,,,,,,,,,,,,,,,,tymyra,
,,,,,,,,,mayrabu,,,,,,,,
,,,,,,,,,,,,,,,,tòro,
,,,,,,,,,,,,,,,,teòruty,
,,,,,,,,,mil,,,,,,,,
,,,,,,,,,,,,,,,,terare,
,,,,,,,,,,,,,,,,tairu,
,,,,,,,,,,,,,,,,talita,
,,,,,,,,,,,,,,kumi,,,
,,,,,,,,,,,,,,,,tauladu,
,,,,,,tybiena,,,,,,,,,,,
,,,,,,,,,,,,,,,,tybiena,
,,,,,,,,,,,,,,,,timyta,
,,,,,,,,,,teleta,,,,,,,
,,,,,,tybyni,,,,,,,,,,,
,juhuule,,,,,,,,,,,,,,,,
,,juhuule,,,,,,,,,,,,,,,
,,,,,,,,,,,,,,,,taaõna,
,,,,,,,,,,,,,,,,txuuke,
,,,,,,,,,,tehydymy,,,,,,,
,,,,,,tybywana,,,,,,,,,,,
,,,,,,,,,,,,,,korbỹ,,,
,,,,,,,,,misia,,,,,,,,
,,,,,,,fenisia,,,,,,,,,,
,,,,,,,,,,,,,,,,txioiny,
,,,,,,,,,,,,,,kurile,,,
,,,,,,,,,,,,,,,,tòròtò,
,,,,,,,,,,,,,,kõremy,,,
,,,,,,,,,,,,,,,,tebòmy,
,,,,,,,,,,,,,,,,tuukeki,
,,,,,,,,,,,,,,,,tòti,
,,,,,,,,,mohõ,,,,,,,,
,,,,,,,,,,,,,,,,taaxiò,
,,,,,,,,,,,,,,,,timeu,
,,,,,,,,,,,,,,kialehe,,,
,,,,,,,,,,,,,,,,tauwòhi,
,,,,,,,,,,teòdỹỹdu,,,,,,,
,,,,,,,,,,,,,,kiahe,,,
,juhuure,,,,,,,,,,,,,,,,
,,juhuure,,,,,,,,,,,,,,,
,,,,,,,,,,,,,,,,tiòhe,
,,,,,,,,,,,,,,,,txiòhe,
,,,,,,,,,,,,,,,,tyyrehe,
,,,,,,,,,,,,,,kobexe,,,
,juhule,,,,,,,,,,,,,,,,
,,juhule,,,,,,,,,,,,,,,
,,,,,,,,,,,,,,,,txiru,
,,,,,,,,,,teysare,,,,,,,
,,,,,,,,,,,,,,,,teysare,
,,,,,,,,,,,,,,,,txiorou,
,,,,,,,,,,,,,,,,tamona,
,,,,,,,,,,,,,,,,txumybo,
,,,,,,,,,,,,,,,,taanamy,
,juberere,,,,,,,,,,,,,,,,
,,,,,,,,,,,,,,,,tiumy,
jesuisiumy,,,,,,,,,,,,,,,,,
,juhutxu,,,,,,,,,,,,,,,,
,,juhutxu,,,,,,,,,,,,,,,
,,,,,,,,,,teòfilo,,,,,,,
,,,,,,,,,,,,,,,,teòfilo,
,,,,,,,,,,,,,,,,taiòlò,
,,,,,,,,,,templowo,,,,,,,
,,,,,,,,,,,,,,kiako,,,
,,,,,,,,,,tewòmy,,,,,,,
,,,,,,,,,,teeryõmy,,,,,,,
,,,,,,,,,,tekòdu,,,,,,,
,,,,,,,,,,,,,,,,tekòdu,
,,,,,,,,,momybo,,,,,,,,
,,,,,labiereny,,,,,,,,,,,,
,,,,,,,,,,,,,,kaihe,,,
,,,,,,,,,,,,,,,,taihe,
,,,,,,,,,,,,,,,,taãxiò,
,,,,,,,,,,,,,,,,tabyreõ,
,,,,,,,,,,,,,,,,tiberiò,
,,,,,,,,,,,,,,kio,,,
,,,,,,,,,,,,,,,,tahewo,
,,,,,,,,,matate,,,,,,,,
,,janai,,,,,,,,,,,,,,,
,,,,,,,,,,,,,,km,,,
,,,,,,,,,maate,,,,,,,,
,,joda,,,,,,,,,,,,,,,
,,joana,,,,,,,,,,,,,,,
,,josue,,,,,,,,,,,,,,,
,,jorim,,,,,,,,,,,,,,,
,,,,,,,,,melea,,,,,,,,
,,,,,,,,,,tetata,,,,,,,
,,,,,,,,,matata,,,,,,,,
,,,,,,,,,,,,,,kakò,,,
,,jarete,,,,,,,,,,,,,,,
,,,,,,,,,,,,,,,,taỹjuõ,
,,,,,,,,,,,,,,,,teamy,
,,,,,,,,,,,,,,kaimy,,,
,,,,,,,,,,,,,,kreta,,,
,,,,,,,,,,,,,,,,taumywo,
,,,,,,,,,,,,,,,,taté,
,,,,,,,,,,,,,,,,tibò,
,,,,,,,,,,,,,,,,tawaxi,
,,,,,,,,,manadu,,,,,,,,
,,,,,,,,,,,,,,,,timyhe,
,,,,,,,,,myimy,,,,,,,,
,,,,,,,,,,,,,,,,tỹmyraõ,
,,,,,,,,,,,,,,,,timyki,
,,,,,,,,,,,,,,kiamyki,,,
,,,,,,,,,,,,,,,,tatxuu,
,,,,,,,,,,,,,,kiatxuu,,,
,,,,,,,,,mynyike,,,,,,,,
,,,,,,,,,,teysa,,,,,,,
,,,,,,,,,,,,,,,,teysa,
,,,,,,,,,,,,,,,,tyhyki,
,,,,,,,,,,,,,,kobe,,,
,,,,,,,,,,,,,,,,tyhydỹỹ,
,,,,,,,,,,,,,,,,taraty,
,,,,,,,,,,,,,,kõmyta,,,
,,,,,,,,,,,,,,kiamyta,,,
,,,,,,,,,,tehemyny,,,,,,,
,,,,,,,,,,,,,,kaĩ,,,
,,,,,,,,,,,,,,,,taibru,
,,,,,,,,,,,,,,kaiwe,,,
,,,,,,,,,,,,,,,,txio,
,,joaõko,,,,,,,,,,,,,,,
,,,,,,,,,,,,,,,,tubedi,
,,,,,,,,,,,,,,,,tarube,
,,,,,,,,,,tetateri,,,,,,,
,,,,,,,,,,,,,,kusa,,,
,,,,,,,,,manasuõ,,,,,,,,
,,,,,,,,,,,,,,kerase,,,
,,,,,,,,,,,,,,,,tairy,
,,,,,,,,,,,,,,kotxi,,,
,,,,,,,,,,,,,,,,tykysi,
,,,,,,,,,,,,,,,,tiihe,
,,joaõra,,,,,,,,,,,,,,,
,,,,,,,,,moobo,,,,,,,,
,,,,,,,,,moboho,,,,,,,,
,,,,,,,,,,,,,,,,takomy,
,,,,,,,,,makreò,,,,,,,,
,,,,,,,,,malò,,,,,,,,
,,,,,,,,,,,,,,korasĩ,,,
,,,,,,,,,,,,,,,,tewòmy,
,,,,,,,,,,,,,,kaireny,,,
,,,,,,,,,,,,,,,,taireny,
,,,,,,,,,mobota,,,,,,,,
,,,,,,,,,,,,,,,,tỹtxi,
,,,,,,,,,,,,,,,,tiie,
,,,,,,,,,,,,,,,,tieka,
,,,,,,,,,marta,,,,,,,,
,,,,,,,,,,,,,,,,tòenamy,
,,,,,,,,,,,,,,,,tukõna,
,,,,,,,,,,,,,,,,tuukõna,
,,,,,,,,,,,,,,,,tiimy,
,,,,,,,,,,,,,,,,tikibo,
,,,,,,,,,,tewyteny,,,,,,,
,,,,,,,,,,,,,,,,txiwina,
,,,,,,,,,,telyyte,,,,,,,
,,,,,,,,,,,,,,,,telyyte,
,,,,,,,,,,,,,,,,tasỹse,
,,,,,,,,,,,,,,,,txioini,
,jumytata,,,,,,,,,,,,,,,,
,,,,,,,,,,,,,,kiaremy,,,
,,,,,,,,,,,,,,,,tadera,
,,,,,,,,,,,,,,kixi,,,
,,,,,,,,,,,,,,kanaõke,,,
,,,,,,,,,,,,,,,,taconta,
,,,,,,,,,,tewyta,,,,,,,
,,,,,,,,,,,,,,,,tewyta,
,,,,,,,,,,,,,,,,trigo,
,,,,,,,,,,,,,,,,tamyra,
,,,,,,,,,,,,,,,,,rỹsỹnauhe
,,,,,,,,,,,,,,,,talabie,
,,,,,,,,,,,,,,kaludu,,,
,,,,,,,,,,,,,,,,tarubu,
,,,,,,,,,,,,,,kabera,,,
,juizimy,,,,,,,,,,,,,,,,
,,juizimy,,,,,,,,,,,,,,,
,juizi,,,,,,,,,,,,,,,,
,,juizi,,,,,,,,,,,,,,,
,juhuludu,,,,,,,,,,,,,,,,
,,,,,,,,,,terikõte,,,,,,,
,,,,,,,,,,,,,,kabedeu,,,
,,,,,,,,,,,,,,,,tòbò,
,,,,,,,,,,,,,,kohemy,,,
,,,,,,,,,,teòsare,,,,,,,
,,,,,,,,,,,,,,,,teòsare,
,,jeidỹỹ,,,,,,,,,,,,,,,
,,,,,,,,,,,,,,,,tumyna,
,,,,,,,,,,,,,,,,tohokuã,
,,,,,,,,,,,,,,,,tiku,
,,,,,,,,,,,,,,,,tabreti,
,,jyjemy,,,,,,,,,,,,,,,
,,,,,,,,,,,,,,klopamy,,,
,juhuumy,,,,,,,,,,,,,,,,
,,juhuumy,,,,,,,,,,,,,,,
,,,,,,,,,,,,,,,,tadebò,
,,,,,,,,,,,,,,kòsi,,,
,,,,,,,,,,,,,,,,tỹnyna,
,,,,,,,,,,,,,,,,tanyteò,
,,,,,,,,,,,,,,kiakile,,,
,,,,,,,,,,,,,,,,tadiwo,
,,,,,,,,,,,,,,,,tybie,
,juhuku,,,,,,,,,,,,,,,,
,,juhuku,,,,,,,,,,,,,,,
,,,,,,,,,,,,,,kiabemy,,,
,,,,,,,,,,,,,,kariõke,,,
,,,,,,,,,,teàlàte,,,,,,,
,,,,,,,,,,,,,,,,teàlàte,
,,,,,,,,,,,,,,,,tabutxi,
,,,,,,,,,,,,,,,,txitxu,
,,,,,,,,,myikewa,,,,,,,,
,,,,,,,,,,,,,,kabedey,,,
,,,,,,,,,mynyõmy,,,,,,,,
,,,,,,,,,,,,,,,,tiòbo,
,,,,,,,,,,,,,,,,tiuhyy,
,,,,,,,,,,,,,,,,tõtyky,
,,,,,,,,,,,,,,,,tiike,
,,,,,,,,,,,,,,,,tòemy,
,,,,,,,,,,,,,,,,tuedena,
,,,,,,,,,,,,,,,,teateu,
jesuisiwa,,,,,,,,,,,,,,,,,
,,,,jesuisiwa,,,,,,,,,,,,,
,,,,,,,,,,,,,,kiakeki,,,
,,,,,,,,,,,,,,,,tyybese,
,,,,,,,,,,,,,,,,timyõre,
,,,,,,,,,,,,,,kiarybe,,,
,,,,,,,,,,,,,,,,tawetya,
,,,,,,,,,,,,,,,,tarati,
,,,,,,,,,mokobo,,,,,,,,
,,,,,,,,,,,,,,,,tyhyule,
,,,,,,,,,,,,,,,,tuleke,
,,,,,,,,,,,,,,,,taluuna,
,,,,,,,,,,,,,,,,tanate,
,,,,,,,,,,,,,,,,tòbòra,
,,,,,,,,,malòò,,,,,,,,
,,,,,,,,,,,,,,,,txutàtà,
,,,,,,,,,,tedyte,,,,,,,
,,,,,,,,,,,,,,kabata,,,
,,,,,,,,,,,,,,klopa,,,
,,,,,,,,,,teòdimy,,,,,,,
,,,,,,,,,,,,,,,,teòdimy,
,jurarehe,,,,,,,,,,,,,,,,
,,,,,,,,,,tetakata,,,,,,,
,,justu,,,,,,,,,,,,,,,
,,,,,,,,,matxia,,,,,,,,
,,,,,,,,,,temyteu,,,,,,,
,,,,,,,,,,,,,,,,temyteu,
,,,,,,,,,,teriõte,,,,,,,
,,,,,,,,,,,,,,,,teriõte,
,,,,,,,,,,,,,,koò,,,
,,,,,,,,,,tehute,,,,,,,
,,,,,,,,,,,,,,,,tehute,
,,,,,,,,,,,,,,,,tabeòra,
,,,,,,,,,,,,,,kiawedu,,,
,,,,,,,,,,,,,,,,tariate,
,,,,,,,,,,,,,,kamalie,,,
,,,,,,,,,,teudani,,,,,,,
,,,,,,,,,,,,,,,,teudani,
,,,,,,,,,,,,,,kanaã,,,
,,,,,,,,,midiã,,,,,,,,
,,,,,,,,,mòlòki,,,,,,,,
,,,,,,,,,,,,,,kanakeò,,,
,,,,,,,,,,,,,,,,txyde,
,,juaõ,,,,,,,,,,,,,,,
,judasisỹ,,,,,,,,,,,,,,,,
,,,,,,,,,,,,,,,,tarso,
,,,,,,,,kristule,,,,,,,,,
,,,,,,,,,,,kristule,,,,,,
,,jòpe,,,,,,,,,,,,,,,
,,,,,,,,,,,,,,,,tahety,
,,,,,,,,,,,,,,,,taurina,
,,,,,,,,,markuse,,,,,,,,
,,,,,,,,,manaĩ,,,,,,,,
,,,,,,,,,,,,,,,,tỹina,
,,,,,,,,,,,,,,kõnanau,,,
,,,,,,,,,,tetaõte,,,,,,,
,,,,,,,,,,,,,,,,tetaõte,
,,,,,,,,,,,,,,,,tuuhyy,
,jupitemy,,,,,,,,,,,,,,,,
,jupite,,,,,,,,,,,,,,,,
,,jupite,,,,,,,,,,,,,,,
,,,,,,,,,,,,,,,,teerymy,
,,judea,,,,,,,,,,,,,,,
,,,,,,,,,,,,,,kotyreu,,,
,,,,,,,,,,,,,,,,troaji,
,,,,,,,,,,,,,,,,tylỹre,
,,,,,,,,,,,,,,kiaru,,,
,,,,,,,,,,,,,,,,tỹrỹrỹỹ,
,,,,,,tybynire,,,,,,,,,,,
,,,,,,,,,,,,,,,,tyyheto,
,,,,,,,,,,,,,,,,txisiu,
,,,,,,,,krispu,,,,,,,,,
,,,,,,,,,,,krispu,,,,,,
,,,,,,,,,,,,,,krispu,,,
,,,,,,,,,,,,,,,,tỹnydỹỹ,
,julio,,,,,,,,,,,,,,,,
,,,,,,,,,,,,,,kalio,,,
,,,,,,,,,,,,,,,,txirano,
,,,,,,,,,,,,,,,,tykyyre,
,,,,,,,,,,,,,,,,tỹrỹrỹ,
,,,,,,,,,,,,,,kaio,,,
,,,,,,,,,,,,,,,,tatỹi,
,,,,,,,,,,,,,,,,tiilemy,
,,,,,,,,,,,,,,,,tybyni,
,,,,,,,,,,,,,,,,txitxiò,
,,,,,,,,,,,,,,,,trofimo,
,,janela,,,,,,,,,,,,,,,
,,,,,,,,,miletu,,,,,,,,
,,,,,,,,,,,,,,,,tawahe,
,,,,,,,,,menasõ,,,,,,,,
,,,,,,,,,,,,,,,,txiaumy,
,,jeimy,,,,,,,,,,,,,,,
,,,,,,,,,,,,,,,,tedyte,
,,,,,,,,,,tertuliu,,,,,,,
,,,,,,,,,,,,,,,,txioi,
,,jeihyy,,,,,,,,,,,,,,,
,,,,,,,,,,,,,,kawexe,,,
,,,,,,,,,,,,,,,,teòsana,
,,julio,,,,,,,,,,,,,,,
,,,,,,,,,miha,,,,,,,,
,,,,,,,,,,,,,,kinidu,,,
,,,,,,,,,,,,,,kaurumy,,,
,,,,,,,,,,,,,,,,taisỹdu,
,,,,,,,,,malta,,,,,,,,
,,,,,,,,,,,,,,,,tusỹdu,
,,,,,,,,,mahãreu,,,,,,,,
,,,,,,,,,mywese,,,,,,,,
,,,,,,,,,,teyrewe,,,,,,,
,,,,,,,,,,,,,,,,teyrewe,
,,,,,,,,,,,,,,,,txiwimy,
,judeukõ,,,,,,,,,,,,,,,,
,,judeukõ,,,,,,,,,,,,,,,
,,,,,,,,,,,,,,,,tuuõna,
,,,,,,,,kristuni,,,,,,,,,
,,,,,,,,,,,kristuni,,,,,,
,,,,,,,,,,,,,,kanakré,,,
,,,,,,,,,,,,,,,,txiole,
,,,,,,,,,,,,,,,,tamywi,
,,,,,,,,,,,,,,,,,rỹsỹnarỹsỹ
,,,,,,,,,momo,,,,,,,,
,,junia,,,,,,,,,,,,,,,
,,,,,,,,,,,,,,,,trifena,
,,,,,,,,,,,,,,,,trifosa,
,,julia,,,,,,,,,,,,,,,
,,,,,,,,,,,,,,,,toiteki,
,,,,,,,,,,tercio,,,,,,,
,,,,,,,,,,,,,,,,tercio,
,,,,,,,,,,,,,,,,tòerymy,
,,,,,,,,,,tefana,,,,,,,
,,,,,,,,,,,,,,,,tefana,
,,,,,,,,,,,,,,kiadile,,,
,,,,,,,,,,,,,,,,,rỹsỹnatere
,,,,,,,,,,,,,,,,tauri,
,juhumana,,,,,,,,,,,,,,,,
,,,,,,,,,,tetateki,,,,,,,
,,,,,,,,,,,,,,kiamyre,,,
,,,,,,,,kristury,,,,,,,,,
,,,,,,,,,,,kristury,,,,,,
,,,,,,,,,,,,,,,,teòte,
,,,,,,,,,,,,,,kabexe,,,
,,,,,,,,,manay,,,,,,,,
,jurutana,,,,,,,,,,,,,,,,
,,,,,,,,,meriadu,,,,,,,,
,,,,,,,,,,,,,,,,txuraõ,
,,,,,,,,,,teeryhyy,,,,,,,
,,,,,,,,,,,,,,,,taeryna,
,,,,,,,,,,teòho,,,,,,,
,,,,,,,,,,telòho,,,,,,,
,,,,,,,,,,,,,,,,telòho,
,,,,,,,,,,,,,,,,tayry,
,,,,,,,,,,tetaõta,,,,,,,
,,,,,,,,,,,,,,,,tetaõta,
,,,,,,,,,,,,,,,,tuuremy,
,,,,,,,,,,,,,,,,txitu,
,,,,,,,,,,,,,,,,taryteu,
,,,,,,,,,,,,,,,,tỹikõ,
,,,,,,,,,,,,,,,,taihyky,
,,,,,,,,,,,,,,,,tawowi,
,,,,,,,,,,,,,,kariti,,,
,,,,,,,,,,,,,,,,tuleri,
,,,,,,,,,,,,,,kyarana,,,
,,,,,,,,,,,,,,,,tihãbuõ,
,,,,,,,,,moòwòru,,,,,,,,
,,,,,,,,,,,,,,kyara,,,
,,,,,,,,kristuko,,,,,,,,,
,,,,,,,,,,,kristuko,,,,,,
,,jurana,,,,,,,,,,,,,,,
,,,,,,,,kristusỹ,,,,,,,,,
,,,,,,,,,,,kristusỹ,,,,,,
,,,,,,,,,,,,,,,,talote,
,jurawi,,,,,,,,,,,,,,,,
,,jurawi,,,,,,,,,,,,,,,
,,,,,,,,,,,,,,,,tumodu,
,,,,,,,,,,,,,,,,txubina,
,juhuhyy,,,,,,,,,,,,,,,,
,,juhuhyy,,,,,,,,,,,,,,,
,jubreré,,,,,,,,,,,,,,,,
,,jubreré,,,,,,,,,,,,,,,
,,,,,,,,,,texihymy,,,,,,,
,,,,,,,,kristuwo,,,,,,,,,
,,,,,,,,,,,kristuwo,,,,,,
,,,,,,,,,,,,,,,,tusina,
,,,,,,,,,,,,,,,,taruta,
,,,,,,,,,,,,,,,,toiteu,
,,juwyra,,,,,,,,,,,,,,,
,,,,,,,,,markumy,,,,,,,,
,,,,,,,,,,,,,,,,taòlòna,
,,,,,,,,,,,,,,,,toiteò,
,,,,,,,,,,,,,,,,talahi,
,,,,,,,,,,,,,,,,taaõ,
,,,,,,,,,,,kresetxi,,,,,,
,,,,,,,,,,,,,,karpu,,,
,,,,,,,,,modee,,,,,,,,
,,,,,,,,kristuluu,,,,,,,,,
,,,,,,,,,,,,,,,,teleta,
,,,,,,,,,moòbo,,,,,,,,
,,,,,,,,,,,,,,,,tybyõre,
,,,,,,,,,,,,,,,,tasõmo,
,,,,,,,,,,,,,,kiabro,,,
,,,,,,,,,,teysate,,,,,,,
,,,,,,,,,,,,,,,,teysate,
,,,,,,,,,,,,,,,,txuumy,
,,,,,,,,,,,,,,kideõ,,,
,,,,,,,,,,,,,,,,tasỹõ,
,,,,,,tybydiõ,,,,,,,,,,,
,,,,,,,,,,,,,,,,tybydiõ,
,,,,,,,,,modeebo,,,,,,,,
,,,,,,,,,,,,,,,,taaõwi,
,juwyrabe,,,,,,,,,,,,,,,,
,,,,,,,,,,,,,,,,tysini,
,,,,,,,,,,teòsary,,,,,,,
,,,,,,,,,,,,,,,,teòsary,
,,,,,,,,,,,,,,,,tõijesa,
,,,,,,,,,mahaduõ,,,,,,,,
,,,,,,,,,,,,,,,,tibie,
,,,,,,,,,,,,,,kianimy,,,
,juhuuna,,,,,,,,,,,,,,,,
,,juhuuna,,,,,,,,,,,,,,,
,,,,,,,,,,,,,jezabel,,,,
,,jezabel,,,,,,,,,,,,,,,
,judeumy,,,,,,,,,,,,,,,,
,,judeumy,,,,,,,,,,,,,,,
,,jaspe,,,,,,,,,,,,,,,
,,,,,,,,,,,,,,,,taòsỹny,
,,,,,,,,,miliaõ,,,,,,,,
,,,,,,,,,,,,,,,,tairỹdu,
,,,,,,,,,manases,,,,,,,,
,,,,,,,,,,,,,,,,taòsana,
,,,,,,,,,,,,,,,,txuròna,
,,,,,,,,,,,,,,,,tyaludu,
,,,,,,,,,,,,,,,,tỹreura,
,,,,,,,,,,,,,,,,tawaube,
,,,,,,,,,,,,,,,,tahõti,
,juràõ,,,,,,,,,,,,,,,,
,,juràõ,,,,,,,,,,,,,,,
,,,,,,,,,metro,,,,,,,,
,,,,,,,,,,,,,,,,txutyre,
,,,,,,,,,mikidu,,,,,,,,
,,,,,,,,,,,,,,,,tỹite,
,juhuuu,,,,,,,,,,,,,,,,
,,juhuuu,,,,,,,,,,,,,,,
,,,,,,,,,,,,,,,,tetata,
,,,,,,,,,makòke,,,,,,,,
,juhusu,,,,,,,,,,,,,,,,
,,juhusu,,,,,,,,,,,,,,,
,juhubiu,,,,,,,,,,,,,,,,
,,juhubiu,,,,,,,,,,,,,,,
,judeusỹ,,,,,,,,,,,,,,,,
,,judeusỹ,,,,,,,,,,,,,,,
,,,,,,,,,,,,,,,,teòho,
,,,,,,,,,,,,,,,,topazio,
,,jasinto,,,,,,,,,,,,,,,
,,,,,,,,,manke,,,,,,,,
