ka,tesirũga,ywy,kris,ga,kr,k,kri,da,le,d,a,naa,jepy,enepy,opy,janepy,py,jepyt,enepyt,opyt,janepyt,pyt,nak
,,,,,,kũ,,,,,,,,,,,,,,,,,
,,,,,,,,,,,amũ,,,,,,,,,,,,
,,,,,,,,,,,,,,,opyamũ,,,,,,,,
,,,,,,,,,,,,,,,,,pyi,,,,,,
,,,,,,ki,,,,,,,,,,,,,,,,,
,,,,,,,,,,,,,,,,,,,,opytu,,,
,,,,,,,,,,,,,,,,,pyu,,,,,,
,,ywyu,,,,,,,,,,,,,,,,,,,,,
,,ywytu,,,,,,,,,,,,,,,,,,,,,
,,,,,,,,,,,,,,,opytu,,,,,,,,
,tesirũgatu,,,,,,,,,,,,,,,,,,,,,,
katu,,,,,,,,,,,,,,,,,,,,,,,
,,,kristu,,,,,,,,,,,,,,,,,,,,
,,,,gatu,,,,,,,,,,,,,,,,,,,
,,,,,,,kristu,,,,,,,,,,,,,,,,
,,,,,kristu,,,,,,,,,,,,,,,,,,
,,,,,,,,,,,,,,,,,,,,,,,nakristu
,,,,,,kristu,,,,,,,,,,,,,,,,,
,,ywya,,,,,,,,,,,,,,,,,,,,,
,,,,,,,,,,,,,,,opya,,,,,,,,
,,,,,,,,,,,,,,,,,,,,,,pyta,
,,,,,,,,,,,,,,enepya,,,,,,,,,
,,,,,,,,,,,,,jepya,,,,,,,,,,
,,,,,,,,,,,,,,,,,,,,opyta,,,
,,,,,,,,,,,,,,,,janepya,,,,,,,
,,,,,,,,,,,,,,,,,pya,,,,,,
,,,,,,,,,,,aga,,,,,,,,,,,,
kaga,,,,,,,,,,,,,,,,,,,,,,,
,,,,,,,,,,,ara,,,,,,,,,,,,
,,ywyra,,,,,,,,,,,,,,,,,,,,,
,,,,,,,,,,,,,,,,,,jepytunera,,,,,
,,,,,,,,,,,,,,,,,,,enepytunera,,,,
,,,,,,,,,,,,,,,,,,,,opytunera,,,
,,,,,,,,,,,,,,,,,,,,,janepytunera,,
,,,,,,,,,,,,,,,,,,,,,,pytunera,
,,,,,,,,,,,,,jepytunera,,,,,,,,,,
,,,,,,,,,,,,,,enepytunera,,,,,,,,,
,,,,,,,,,,,,,,,opytunera,,,,,,,,
,,,,,,,,,,,,,,,,janepytunera,,,,,,,
,,,,,,,,,,,,,,,,,pytunera,,,,,,
,,,,,,ko,,,,,,,,,,,,,,,,,
,,,,,,,,,,,,,,,,,,,,,,,nako
,,,,,,,,,leão,,,,,,,,,,,,,,
,,,,,,,,,,,abraão,,,,,,,,,,,,
,,,,,,,,,,,,naabraão,,,,,,,,,,,
,,,,,,,,davia,,,,,,,,,,,,,,,
,,,,,,,,,,davia,,,,,,,,,,,,,
,,,,,,,,davi,,,,,,,,,,,,,,,
,,,,,,,,,levi,,,,,,,,,,,,,,
,,,,,,,,,,davi,,,,,,,,,,,,,
katua,,,,,,,,,,,,,,,,,,,,,,,
,tesirũgatua,,,,,,,,,,,,,,,,,,,,,,
,,ywytua,,,,,,,,,,,,,,,,,,,,,
,,,kristua,,,,,,,,,,,,,,,,,,,,
,,,,gatua,,,,,,,,,,,,,,,,,,,
,,,,,,,kristua,,,,,,,,,,,,,,,,
,,,,,kristua,,,,,,,,,,,,,,,,,,
,,,,,,kristua,,,,,,,,,,,,,,,,,
,,,,,,kwa,,,,,,,,,,,,,,,,,
,,,,,,,,,,,,naako,,,,,,,,,,,
,,,,,,,,,,,ako,,,,,,,,,,,,
,,,,,,,,,,,ae,,,,,,,,,,,,
,,,,,,,,,,,,naae,,,,,,,,,,,
,,ywyr,,,,,,,,,,,,,,,,,,,,,
,,,,,,,,,,,,,,,,,pym,,,,,,
,,,,,,,,,,,arão,,,,,,,,,,,,
,,,,,,,,,,,,naarão,,,,,,,,,,,
,,,,,,,,,,,,,,,,,pype,,,,,,
,,,,,,,,,,,ape,,,,,,,,,,,,
kasi,,,,,,,,,,,,,,,,,,,,,,,
,,,,,,kasi,,,,,,,,,,,,,,,,,
,,,,,,,,,,,ate,,,,,,,,,,,,
,,,,,,,,,,,ase,,,,,,,,,,,,
,,ywyri,,,,,,,,,,,,,,,,,,,,,
,,,,,,,,,,,,,,,,,pyri,,,,,,
kari,,,,,,,,,,,,,,,,,,,,,,,
,,,,,,kofera,,,,,,,,,,,,,,,,,
,,,,,,,,,,,akou,,,,,,,,,,,,
,,,,,,kyra,,,,,,,,,,,,,,,,,
,,,,,,,,,,,apiasi,,,,,,,,,,,,
,,,,,,,,,,,asa,,,,,,,,,,,,
,,,,gasa,,,,,,,,,,,,,,,,,,,
,,,,,,,,,,,atãu,,,,,,,,,,,,
,,,,,,,,,,,,naatãu,,,,,,,,,,,
,,,,,,,,,,,akasi,,,,,,,,,,,,
,,,,,,,,,,,amom,,,,,,,,,,,,
,,,,,,,,,,,,naani,,,,,,,,,,,
,,,,,,,,,,,ay,,,,,,,,,,,,
,,,,,,,,,,,,naay,,,,,,,,,,,
,,,,,,kwy,,,,,,,,,,,,,,,,,
,,,,,,koo,,,,,,,,,,,,,,,,,
,,,,,,,,,,,aroo,,,,,,,,,,,,
,,,,,,,,,,,,,,,,,pyramũ,,,,,,
,,,,,,,,,,,ayramũ,,,,,,,,,,,,
,,,,,,,,,,,apeu,,,,,,,,,,,,
,,,,,,,,,,,apiute,,,,,,,,,,,,
kaĩ,,,,,,,,,,,,,,,,,,,,,,,
,,,,,,,,,,,akĩ,,,,,,,,,,,,
,,,,,,,,,,,aso,,,,,,,,,,,,
,,,,,,,,,,,,,,,,,,,,opytau,,,
,,,,,,,,,,,,,,,,,pyau,,,,,,
,,,,,,,,,,,awau,,,,,,,,,,,,
,,,,,,kwau,,,,,,,,,,,,,,,,,
,,,,,,,,,,,ana,,,,,,,,,,,,
kana,,,,,,,,,,,,,,,,,,,,,,,
,,,,,,,,,,,,,,,,,,,enepytuna,,,,
,,,,,,,,,,,,,,,,,,,,opytuna,,,
,,,,,,,,,,,,,,,,,,jepytuna,,,,,
,,,,,,,,,,,,,,,,,,,,,janepytuna,,
,,,,,,,,,,,,,,,,,,,,,,pytuna,
,,,,,,,,,,,,,,enepytuna,,,,,,,,,
,,,,,,,,,,,,,,,opytuna,,,,,,,,
,,,,,,,,,,,,,jepytuna,,,,,,,,,,
,,,,,,,,,,,,,,,,janepytuna,,,,,,,
,,,,,,,,,,,,,,,,,pytuna,,,,,,
,,,,,,kosi,,,,,,,,,,,,,,,,,
katosi,,,,,,,,,,,,,,,,,,,,,,,
,,,,,,katosi,,,,,,,,,,,,,,,,,
,,,,,,,,,,,,,,,,,,,,,,,nakue
kama,,,,,,,,,,,,,,,,,,,,,,,
,,,,,,,,,,,,,,,,,,,,,,pyteramũ,
,,,,,,,,,,,,naaeramũ,,,,,,,,,,,
,,,,,,,,,,,aeramũ,,,,,,,,,,,,
,,,,,,,,,,,aꞌeramũ,,,,,,,,,,,,
,,,,,,,,,,,,,,,opymĩ,,,,,,,,
,,,,,,,,,,,amĩ,,,,,,,,,,,,
,,,,,,,,,,,,,jepymĩ,,,,,,,,,,
,,,,,,,,,,,,,,,,,pymĩ,,,,,,
,,,,,,,,,,,,,,,,,,,,opytaawa,,,
,,,,,,,,,,,,,,,,,,,,,,pytea,
,,,,,,,,,,,aea,,,,,,,,,,,,
,,,,,,,,,,,,,jepyari,,,,,,,,,,
,,,,,,kari,,,,,,,,,,,,,,,,,
,,,,,,kama,,,,,,,,,,,,,,,,,
,,,,,,,,,,,are,,,,,,,,,,,,
,,,,,,,,,,,aꞌere,,,,,,,,,,,,
,,,,,,kwe,,,,,,,,,,,,,,,,,
,,,,,,,,,,,,,,,,,,,,,,,nakwe
,,,,,,kunumĩ,,,,,,,,,,,,,,,,,
,,,,,,,,,,,,,,,,,,,,,,,nakunumĩ
,,,,,,kupe,,,,,,,,,,,,,,,,,
,,,,,,kũi,,,,,,,,,,,,,,,,,
,,,,,,,,,,,,,,,,,,,,,,,nakoi
katui,,,,,,,,,,,,,,,,,,,,,,,
,,,,gatui,,,,,,,,,,,,,,,,,,,
,,,,,,katui,,,,,,,,,,,,,,,,,
,,,,,,,,,,,ajee,,,,,,,,,,,,
,,,,,,,,,,,,,,,,,,,,,,pyteri,
,,,,,,,,,,,,,,,,,pyygi,,,,,,
,,,,,,,,,,,aꞌea,,,,,,,,,,,,
,,,,,,,,,,,awi,,,,,,,,,,,,
,,,,,,,,,,,aꞌe,,,,,,,,,,,,
,,,,,,,,,,,apoi,,,,,,,,,,,,
,,,,,,,,,,,,naapoi,,,,,,,,,,,
,,,,,,,,,,,asĩa,,,,,,,,,,,,
,,,,,,,,,,,,,,,,,,,,,,pyter,
,,,,,,,,,,,,,,,,,,,,,,,nakwara
,,,,,,kwara,,,,,,,,,,,,,,,,,
,,ywyriwara,,,,,,,,,,,,,,,,,,,,,
,,,,,,,,,,,,,,,,,pyriwara,,,,,,
,,,,,,,,,,,,,,,,,,,,,,pytaa,
,,,,,,kuꞌjywa,,,,,,,,,,,,,,,,,
,,,,,,,,,,,,,,,,,,,,,,,nakuꞌjywa
,,,,,,,,,,,amut,,,,,,,,,,,,
,,,,,,koka,,,,,,,,,,,,,,,,,
kawera,,,,,,,,,,,,,,,,,,,,,,,
,,,,,,,,,,,,,,,,,pypewara,,,,,,
,,,,,,koromũ,,,,,,,,,,,,,,,,,
,,,,,,,,,,,,,,,,,,,,,,pytag,
,,,,,,,,,,,aja,,,,,,,,,,,,
kaja,,,,,,,,,,,,,,,,,,,,,,,
katy,,,,,,,,,,,,,,,,,,,,,,,
,,,,,,katy,,,,,,,,,,,,,,,,,
kanawa,,,,,,,,,,,,,,,,,,,,,,,
,,,,,,,,,,,amunawa,,,,,,,,,,,,
,,,,,,kũimaꞌe,,,,,,,,,,,,,,,,,
,,,,,,,,,,,,,,,,,,,,,,,nakũimaꞌe
,,,,,,,,,,,awaw,,,,,,,,,,,,
,,,,,,kwaw,,,,,,,,,,,,,,,,,
,,,,,,,,,,,,,,,,,pyta,,,,,,
,,,,,,,,,,,ata,,,,,,,,,,,,
,,,,,,,,,,,,,,,opyta,,,,,,,,
,,,,,,,,,,,aata,,,,,,,,,,,,
,,,,,,,,,,,anupa,,,,,,,,,,,,
,,,,,,,,,,,,,,,,,,,,opytuu,,,
,,,,,,kuu,,,,,,,,,,,,,,,,,
,,,,,,,,,,,aꞌi,,,,,,,,,,,,
,,,,,,,,,,,aiꞌi,,,,,,,,,,,,
,,,,,,,,,,,ajaupe,,,,,,,,,,,,
,,,,,,,,,,,aꞌat,,,,,,,,,,,,
,,,,,,,,,,,arajua,,,,,,,,,,,,
,,,,,,,,,,,arakou,,,,,,,,,,,,
,,,,,,,,,,,anupawe,,,,,,,,,,,,
,,,,,,,,,,,aꞌỹi,,,,,,,,,,,,
,,,,,,,,,,,awỹja,,,,,,,,,,,,
,,,,,,,,,,,apo,,,,,,,,,,,,
,,,,,,,,,,,aipo,,,,,,,,,,,,
,,,,,,,,,,,,naaipo,,,,,,,,,,,
,,,,,,kana,,,,,,,,,,,,,,,,,
,,,,,,,,,,,,naamã,,,,,,,,,,,
kaꞌaran,,,,,,,,,,,,,,,,,,,,,,,
,,,,,,kaꞌaran,,,,,,,,,,,,,,,,,
,,,,,,,,,,,agawewi,,,,,,,,,,,,
,,,,,,,,,,,,,,,,,pytea,,,,,,
,,,,,,,,,,,aꞌetea,,,,,,,,,,,,
,,,,,,,,,,,anure,,,,,,,,,,,,
,,,,,,,,,,,,naanure,,,,,,,,,,,
,,,,,,,,,,,,,,,,,pyteramũ,,,,,,
,,,,,,,,,,,aꞌefera,,,,,,,,,,,,
,,,,,,,,,,,aje,,,,,,,,,,,,
,,,,,,,,,,,aꞌje,,,,,,,,,,,,
,,,,,,,,,,,,,,,opytau,,,,,,,,
,,,kristau,,,,,,,,,,,,,,,,,,,,
,,,,,,,,,,,aime,,,,,,,,,,,,
,,,,,,,,,,,aesak,,,,,,,,,,,,
,,,,,,,,,,,,,,,,,pyaua,,,,,,
,,,,,,kawera,,,,,,,,,,,,,,,,,
,,,,,,kwawa,,,,,,,,,,,,,,,,,
,,,,,,,,,,,awawa,,,,,,,,,,,,
,,,,,,,,,,,aꞌu,,,,,,,,,,,,
,,,,,,,,,,,amomeꞌu,,,,,,,,,,,,
,,,,,,,,,,,,,,,,,pykau,,,,,,
kakau,,,,,,,,,,,,,,,,,,,,,,,
,,,,,,,,,,,aapa,,,,,,,,,,,,
,,,,,,kweramũ,,,,,,,,,,,,,,,,,
,,,,,,,,,,,arawau,,,,,,,,,,,,
,,,,,,koga,,,,,,,,,,,,,,,,,
,,,,,,kĩꞌĩ,,,,,,,,,,,,,,,,,
,,,,,,,,,,,,,,,,,pyyka,,,,,,
karaemã,,,,,,,,,,,,,,,,,,,,,,,
,,,,,,karaemã,,,,,,,,,,,,,,,,,
,,,,,,,,,,,,,,,,,,,,,,,nakaraemã
,,,,,,,,,,,,,,,,,pyyrũ,,,,,,
,,,,,,,,,,,ayrũ,,,,,,,,,,,,
kasig,,,,,,,,,,,,,,,,,,,,,,,
,,,,,,kasig,,,,,,,,,,,,,,,,,
,,,,,,,,,,,afayup,,,,,,,,,,,,
kaweꞌem,,,,,,,,,,,,,,,,,,,,,,,
,,,,,,kaweꞌem,,,,,,,,,,,,,,,,,
,,,,,,,,,,,amutee,,,,,,,,,,,,
,,,,,,,,,,,aya,,,,,,,,,,,,
kaꞌjama,,,,,,,,,,,,,,,,,,,,,,,
,,,,,,kaꞌjama,,,,,,,,,,,,,,,,,
,,,,,,kwet,,,,,,,,,,,,,,,,,
kawet,,,,,,,,,,,,,,,,,,,,,,,
,,,,,,,,,,,afuewet,,,,,,,,,,,,
,,,,,,,,,,,awauwe,,,,,,,,,,,,
,,,,,,kwap,,,,,,,,,,,,,,,,,
,,,,,,,,,,,akwap,,,,,,,,,,,,
,,,,,,,,,,,,,,,,,pyrauwe,,,,,,
,,,,,,,,,,,,,,,,,pyyrũmũ,,,,,,
,,,,,,kyꞌri,,,,,,,,,,,,,,,,,
,,,,,,kwasiaa,,,,,,,,,,,,,,,,,
,,,,,,,,,,,aꞌjea,,,,,,,,,,,,
,,,,,,,,,,,,naaꞌjea,,,,,,,,,,,
,,,,,,,,,,,amanũ,,,,,,,,,,,,
,,,,,,,,,,,,naamanũ,,,,,,,,,,,
,,,,,,,,,,,akirau,,,,,,,,,,,,
,,,,garireja,,,,,,,,,,,,,,,,,,,
,,,,,,,,,,,amono,,,,,,,,,,,,
,,,,,,,,,,,aranuw,,,,,,,,,,,,
,,ywyrasig,,,,,,,,,,,,,,,,,,,,,
,,,,,,,,,,,apoit,,,,,,,,,,,,
,,,,,,,,,,,aetywer,,,,,,,,,,,,
katuꞌoka,,,,,,,,,,,,,,,,,,,,,,,
,,,,,,,,,,,,,,,,,,,,,,pytai,
katuꞌok,,,,,,,,,,,,,,,,,,,,,,,
,,,,,,katuꞌok,,,,,,,,,,,,,,,,,
kameru,,,,,,,,,,,,,,,,,,,,,,,
,,,,,,kameru,,,,,,,,,,,,,,,,,
,,,,,,,,,,,,,,,,,,,,,,pyterimũ,
,,,,,,,,,,,,,,,,janepyꞌa,,,,,,,
kaꞌa,,,,,,,,,,,,,,,,,,,,,,,
,,,,,,,,,,,,,,,,,pyꞌa,,,,,,
,,,,,,kaꞌa,,,,,,,,,,,,,,,,,
,,,,,,,,,,,,,,,,,pymĩãu,,,,,,
,,,,,,,,,,,aeko,,,,,,,,,,,,
,,,,,,,,,,,areko,,,,,,,,,,,,
,,,,,,kore,,,,,,,,,,,,,,,,,
,,,,,,,,,,,apou,,,,,,,,,,,,
,,ywyrafena,,,,,,,,,,,,,,,,,,,,,
,,,,,,,,,,,aema,,,,,,,,,,,,
,,,,,,,,,,,amunipo,,,,,,,,,,,,
,,,,,,,,,,,,,,,,,pysoga,,,,,,
,,,,,,koa,,,,,,,,,,,,,,,,,
,,,,,,,,,,,apymĩ,,,,,,,,,,,,
,,,,,,,,,,,apoat,,,,,,,,,,,,
,,,,,,,,,,,aerete,,,,,,,,,,,,
,,,,,,,,,,,apefera,,,,,,,,,,,,
,,,,,,kwaawa,,,,,,,,,,,,,,,,,
,,,,,,,,,,,apoa,,,,,,,,,,,,
,,,,,,,,,,,,naaipoa,,,,,,,,,,,
,,,,,,,,,,,aipoa,,,,,,,,,,,,
,,,,,,,,,,,atywi,,,,,,,,,,,,
,,,,,,,,,,,,,,,,,pymĩara,,,,,,
,,,,,,,,,,,,,,,,,pymĩa,,,,,,
,,,,,,,,,,,awua,,,,,,,,,,,,
,,,,,,,,,,,,,,,,,,,,,,pytaga,
,,,,,,kaga,,,,,,,,,,,,,,,,,
,,,,,,kwarẽta,,,,,,,,,,,,,,,,,
,,,,,,,,,,,ajaga,,,,,,,,,,,,
,,,,,,,,,,,arowiat,,,,,,,,,,,,
,,,,,,,,,,,amogy,,,,,,,,,,,,
,,,,,,,,,,,ajemogy,,,,,,,,,,,,
,,,,,,,,,,,,,,,opytaawa,,,,,,,,
,,,,,,,,,,,apya,,,,,,,,,,,,
kaꞌarana,,,,,,,,,,,,,,,,,,,,,,,
,,,,,,,,,,,ajepeja,,,,,,,,,,,,
,,,,,,,,,,,,naajepeja,,,,,,,,,,,
,,ywytyr,,,,,,,,,,,,,,,,,,,,,
katuram,,,,,,,,,,,,,,,,,,,,,,,
,,,,,,katuram,,,,,,,,,,,,,,,,,
,,,,,,,,,,,,,,,opyyk,,,,,,,,
,,,,,,,,,,,,,,,,,pyyk,,,,,,
,,,,,,,,,,,atai,,,,,,,,,,,,
,,,,,,,,,,,,,,,,,pytai,,,,,,
,,,,,,,,,,,,naatai,,,,,,,,,,,
kafanaũ,,,,,,,,,,,,,,,,,,,,,,,
,,,,,,kafanaũ,,,,,,,,,,,,,,,,,
,,,,,,kwat,,,,,,,,,,,,,,,,,
,,,,,,,,,,,,,,,,,pypewat,,,,,,
,,,,,,,,,,,,,,,,,pyriwat,,,,,,
,,,,,,,,,,,,,,,,,,,,,,,nakwaawi
,,,,,,kwaawi,,,,,,,,,,,,,,,,,
kasigamũ,,,,,,,,,,,,,,,,,,,,,,,
,,,,,,,,,,,,naayi,,,,,,,,,,,
,,,,,,,,,,,andre,,,,,,,,,,,,
,,,,,,kũa,,,,,,,,,,,,,,,,,
,,,,,,,,,,,amuꞌe,,,,,,,,,,,,
,,ywyruu,,,,,,,,,,,,,,,,,,,,,
,,ywyterimũ,,,,,,,,,,,,,,,,,,,,,
,,,,,,,,,,,,,,,,,pyterimũ,,,,,,
,,,,,,,,,,,auꞌjau,,,,,,,,,,,,
,,,,,,,,,,,,,,,opyruga,,,,,,,,
,,,,,,kwaapa,,,,,,,,,,,,,,,,,
,,,,,,kwar,,,,,,,,,,,,,,,,,
katywar,,,,,,,,,,,,,,,,,,,,,,,
,,,,,,katywar,,,,,,,,,,,,,,,,,
katuꞌoga,,,,,,,,,,,,,,,,,,,,,,,
,,ywytyra,,,,,,,,,,,,,,,,,,,,,
,,,,,,,,,,,ajuka,,,,,,,,,,,,
,,,,,,,,,,,ajejuka,,,,,,,,,,,,
,,,,,,,,,,,ajuee,,,,,,,,,,,,
,,,,,,,,,,,,naajuee,,,,,,,,,,,
,,,,,,,,,,,apoukaa,,,,,,,,,,,,
,,,,,,,,,,,auꞌi,,,,,,,,,,,,
,,,,,,kuꞌi,,,,,,,,,,,,,,,,,
,,,,,,,,,,,akuꞌi,,,,,,,,,,,,
,,,,,,,,,,,amuoryp,,,,,,,,,,,,
,,,,gatara,,,,,,,,,,,,,,,,,,,
,,,,,,,,,,,,,,,,,,,,,,,nakurawi
,,,,,,kurawi,,,,,,,,,,,,,,,,,
,,,,,,,,,,,aporamũ,,,,,,,,,,,,
,,,,,,,,,,,arũi,,,,,,,,,,,,
,,,,,,,,,,,,,,,,,pyyg,,,,,,
,,,,,,,,,,,,,,,opyyg,,,,,,,,
,,,,,,,,,,,aapo,,,,,,,,,,,,
,,,,,,,,,,,aꞌwyri,,,,,,,,,,,,
,,,,,,,,,,,aenupap,,,,,,,,,,,,
,,,,,,,,,,,aenup,,,,,,,,,,,,
,,,,,,,,,,,akotee,,,,,,,,,,,,
,,,,,,,,,,,,naakotee,,,,,,,,,,,
,,,,,,,,,,,aeypy,,,,,,,,,,,,
,,ywyrapara,,,,,,,,,,,,,,,,,,,,,
,,,,,,,,,,,ataaw,,,,,,,,,,,,
,,,,,,,,,,,aepy,,,,,,,,,,,,
,,,,,,kũjã,,,,,,,,,,,,,,,,,
,,,,,,,,,,,,,,,,,,,,,,,nakũjã
,,,,,,,,,,,akoeꞌem,,,,,,,,,,,,
,,,,,,,,,,,aerea,,,,,,,,,,,,
,,,,,,,,,,,aereaa,,,,,,,,,,,,
,,,,,,,,,,,auꞌjaw,,,,,,,,,,,,
,,,,,,,,,,,apoara,,,,,,,,,,,,
,,,,,,,,,,,ayay,,,,,,,,,,,,
,,,,,,,,,,,aepo,,,,,,,,,,,,
,,,,,,,,,,,aetyk,,,,,,,,,,,,
,,,,,,,,,,,akiko,,,,,,,,,,,,
,,,,,,,,,,,amãꞌẽ,,,,,,,,,,,,
,,,,,,,,,,,akag,,,,,,,,,,,,
,,,,,,,,,,,aeakag,,,,,,,,,,,,
,,,,,,,,,,,anuwamũ,,,,,,,,,,,,
,,,,,,,,,,,amogaty,,,,,,,,,,,,
,,,,,,,,,,,,,,,,,pytaa,,,,,,
,,,,,,,,,,,ataa,,,,,,,,,,,,
,,,,,,,,,,,ajepei,,,,,,,,,,,,
,,,,,,,,,,,amana,,,,,,,,,,,,
,,,,,,,,,,,afutat,,,,,,,,,,,,
,,,,,,,,,,,ajueape,,,,,,,,,,,,
,,,,,,,,,,,aepya,,,,,,,,,,,,
,,,,,,,,,,,ajuea,,,,,,,,,,,,
,,ywyter,,,,,,,,,,,,,,,,,,,,,
,,,,,,,,,,,,,,,,,pyter,,,,,,
,,,,,,,,,,,apyau,,,,,,,,,,,,
,,,,,,,,,,,ajeꞌeg,,,,,,,,,,,,
,,,,,,,,,,,aejeꞌeg,,,,,,,,,,,,
,,,,,,kwajamũ,,,,,,,,,,,,,,,,,
,,,,,,,,,,,aenũi,,,,,,,,,,,,
,,,,,,,,,,,aꞌni,,,,,,,,,,,,
,,,,,,,,,,,arajupa,,,,,,,,,,,,
,,,,,,,,,,,apoawer,,,,,,,,,,,,
,,,,,,,,,,,apoeꞌem,,,,,,,,,,,,
,,,,,,,,,,,aꞌgwau,,,,,,,,,,,,
,,,,,,,,,,,,,,,,,pyeita,,,,,,
,,,,,,,,,,,,,,,,,,,,,janepytun,,
,,,,,,,,,,,,,,,,,,,,opytun,,,
,,,,,,,,,,,,,,,,janepytun,,,,,,,
,,,,,,,,,,,,,,,opytun,,,,,,,,
,,ywyruua,,,,,,,,,,,,,,,,,,,,,
,,,,,,,,,,,aꞌupap,,,,,,,,,,,,
,,,,,,,,,,,amunarũ,,,,,,,,,,,,
,,,,gatufera,,,,,,,,,,,,,,,,,,,
,,,,,,katu,,,,,,,,,,,,,,,,,
,,,,,,,,,,,ataramũ,,,,,,,,,,,,
,,,,,,kwai,,,,,,,,,,,,,,,,,
,,,,,,,,,,,,,,,,,pyygamũ,,,,,,
,,,,,,,,,,,aman,,,,,,,,,,,,
,,,,,,,,,,,aemanũ,,,,,,,,,,,,
,,,,,,,,,,,aiꞌiwe,,,,,,,,,,,,
,,,,,,,,,,,auꞌje,,,,,,,,,,,,
,,,,,,,,,,,,,,,,,,,,,,,nakwaap
,,,,,,kwaap,,,,,,,,,,,,,,,,,
,,,,,,,,,,,akwaap,,,,,,,,,,,,
,,,,,,,,,,,aenuw,,,,,,,,,,,,
,,,,,,,,,,,ajaui,,,,,,,,,,,,
kasuru,,,,,,,,,,,,,,,,,,,,,,,
,,,,,,kasuru,,,,,,,,,,,,,,,,,
,,,,,,kog,,,,,,,,,,,,,,,,,
,,,,,,,,,,,asĩ,,,,,,,,,,,,
,,,,,,,,,,,anosĩ,,,,,,,,,,,,
,,,,,,,,,,,ajenosĩ,,,,,,,,,,,,
katurama,,,,,,,,,,,,,,,,,,,,,,,
,,,,,,,,,,,,naamyneju,,,,,,,,,,,
,,,,,,,,,,,amyneju,,,,,,,,,,,,
,,,,,,,,,,,akã,,,,,,,,,,,,
,,,,,,,,,,,,,,,,,pyyga,,,,,,
,,,,,,,,,,,,,,,opytuu,,,,,,,,
katuu,,,,,,,,,,,,,,,,,,,,,,,
,,ywytuu,,,,,,,,,,,,,,,,,,,,,
,,,,,,,,,,,apopewa,,,,,,,,,,,,
,,,,,,kuꞌjyp,,,,,,,,,,,,,,,,,
,,ywyaꞌri,,,,,,,,,,,,,,,,,,,,,
,,,,,,,,,,,amuteea,,,,,,,,,,,,
,,,,,,,,,,,amanũa,,,,,,,,,,,,
katuꞌogi,,,,,,,,,,,,,,,,,,,,,,,
,,,,,,,,,,,amunap,,,,,,,,,,,,
,,,,,,,,,,,afuꞌama,,,,,,,,,,,,
karuara,,,,,,,,,,,,,,,,,,,,,,,
,,,,,,karuara,,,,,,,,,,,,,,,,,
,,,,,,,,,,,amoit,,,,,,,,,,,,
,,,,,,kawet,,,,,,,,,,,,,,,,,
,,ywyraꞌi,,,,,,,,,,,,,,,,,,,,,
,,,,,,,,,,,aset,,,,,,,,,,,,
,,,,,,,,,,,aeruwa,,,,,,,,,,,,
,,ywyapi,,,,,,,,,,,,,,,,,,,,,
,,ywyapia,,,,,,,,,,,,,,,,,,,,,
,,,,,,kuꞌa,,,,,,,,,,,,,,,,,
,,,,,,,,,,,akaga,,,,,,,,,,,,
,,,,,,,,,,,amuojet,,,,,,,,,,,,
,,,,,,kosõu,,,,,,,,,,,,,,,,,
,,ywyꞌamuku,,,,,,,,,,,,,,,,,,,,,
,,,,,,,,,,,amunaw,,,,,,,,,,,,
,,,,,,,,,,,arewara,,,,,,,,,,,,
,,,,,,,,,,,akyje,,,,,,,,,,,,
,,ywyꞌam,,,,,,,,,,,,,,,,,,,,,
,,,,,,,,,,,afuꞌam,,,,,,,,,,,,
,,,,,,kwaaw,,,,,,,,,,,,,,,,,
,,,,,,,,,,,,,,,,,pyykara,,,,,,
,,,,,,,,,,,,,,,opyykara,,,,,,,,
,,,,,,,,,,,akokatu,,,,,,,,,,,,
katuramũ,,,,,,,,,,,,,,,,,,,,,,,
,,,,,,,,,,,apygi,,,,,,,,,,,,
,,,,,,kakau,,,,,,,,,,,,,,,,,
,,,,,,,,,,,amue,,,,,,,,,,,,
,,,,,,kĩã,,,,,,,,,,,,,,,,,
,,,,,,,,,,,amãꞌjãu,,,,,,,,,,,,
,,,,,,,,,,,aruatau,,,,,,,,,,,,
,,,,,,,,,,,ajatyka,,,,,,,,,,,,
katuꞌog,,,,,,,,,,,,,,,,,,,,,,,
,,,,,,katuꞌog,,,,,,,,,,,,,,,,,
,,,,,,,,,,,aufeu,,,,,,,,,,,,
,,,,,,,,,,,apyta,,,,,,,,,,,,
,,,,,,kuꞌia,,,,,,,,,,,,,,,,,
,,,,,,,,,,,auꞌia,,,,,,,,,,,,
,,,,,,,,,,,akuꞌia,,,,,,,,,,,,
kasiga,,,,,,,,,,,,,,,,,,,,,,,
,,ywysiga,,,,,,,,,,,,,,,,,,,,,
,,,,,,kasiga,,,,,,,,,,,,,,,,,
,,,,,,,,,,,,,,,opyapaawa,,,,,,,,
kasurua,,,,,,,,,,,,,,,,,,,,,,,
,,,,,,kasurua,,,,,,,,,,,,,,,,,
,,,,,,,,,,,,,,,,,,,,opytuꞌwau,,,
,,,,,,,,,,,aꞌgu,,,,,,,,,,,,
,,,,,,kurapa,,,,,,,,,,,,,,,,,
,,,,,,kisi,,,,,,,,,,,,,,,,,
,,,,,,,,,,,apisi,,,,,,,,,,,,
,,,,,,kwaapap,,,,,,,,,,,,,,,,,
,,,,,,,,,,,ajamue,,,,,,,,,,,,
,,,,,,,,,,,ajamueu,,,,,,,,,,,,
,,,,,,,,,,,amumẽ,,,,,,,,,,,,
,,,,,,,,,,,apisau,,,,,,,,,,,,
,,,,,,,,,,,auwei,,,,,,,,,,,,
,,,,,,kwawamũ,,,,,,,,,,,,,,,,,
,,,,,,,,,,,awawamũ,,,,,,,,,,,,
,,,,,,,,,,,amamãꞌẽ,,,,,,,,,,,,
kaipawi,,,,,,,,,,,,,,,,,,,,,,,
,,,,,,,,,,,,,,,,,,,,,,,nakunumĩa
,,,,,,kunumĩa,,,,,,,,,,,,,,,,,
,,,,,,korasĩ,,,,,,,,,,,,,,,,,
katuara,,,,,,,,,,,,,,,,,,,,,,,
,,,,,,katuara,,,,,,,,,,,,,,,,,
,,,,,,,,,,,,,,,opypiara,,,,,,,,
,,,,,,,,,,,,,,,,,pypiara,,,,,,
,,,,,,,,,,,ayeꞌema,,,,,,,,,,,,
,,,,,,,,,,,aꞌỹja,,,,,,,,,,,,
,,,,,,,,,,,,naaꞌỹja,,,,,,,,,,,
,,,,,,,,,,,anasi,,,,,,,,,,,,
kapu,,,,,,,,,,,,,,,,,,,,,,,
,,,,,,,,,,,ajaupi,,,,,,,,,,,,
,,,,,,,,,,,apyraap,,,,,,,,,,,,
,,,,,,kuraw,,,,,,,,,,,,,,,,,
,,,,,,,,,,,aruesak,,,,,,,,,,,,
,,,,,,kwaukaa,,,,,,,,,,,,,,,,,
,,,,,,,,,,,amun,,,,,,,,,,,,
,,,,,,,,,,,amumera,,,,,,,,,,,,
,,,,,,kwaraya,,,,,,,,,,,,,,,,,
,,,,,,,,,,,akuwa,,,,,,,,,,,,
kamy,,,,,,,,,,,,,,,,,,,,,,,
,,,,,,,,,,,apyakai,,,,,,,,,,,,
,,,,,,,,,,,arut,,,,,,,,,,,,
,,,,,,,,,,,amũꞌẽ,,,,,,,,,,,,
,,,,,,,,,,,,,,,,,pyfaa,,,,,,
,,,,,,,,,,,aemaꞌea,,,,,,,,,,,,
,,,,,,,,,,,,,,,,,,,,opytawaipa,,,
,,,,,,kyjei,,,,,,,,,,,,,,,,,
,,,,,,,,,,,akagera,,,,,,,,,,,,
,,,,,,kyn,,,,,,,,,,,,,,,,,
kaarup,,,,,,,,,,,,,,,,,,,,,,,
,,,,,,kaarup,,,,,,,,,,,,,,,,,
kanapeꞌi,,,,,,,,,,,,,,,,,,,,,,,
,,,,,,,,,,,auꞌjete,,,,,,,,,,,,
,,,,,,kwapaw,,,,,,,,,,,,,,,,,
,,,,,,kumia,,,,,,,,,,,,,,,,,
,,ywytuua,,,,,,,,,,,,,,,,,,,,,
,,,,,,kuꞌem,,,,,,,,,,,,,,,,,
,,,,,,kyjea,,,,,,,,,,,,,,,,,
,,,,,,,,,,,awyk,,,,,,,,,,,,
,,ywyriꞌi,,,,,,,,,,,,,,,,,,,,,
,,,,,,,,,,,aruꞌaa,,,,,,,,,,,,
,,,,,,,,,,,agoꞌwau,,,,,,,,,,,,
,,,,,,,,,,,amuoryw,,,,,,,,,,,,
,,,,,,,,,,,ajamuꞌe,,,,,,,,,,,,
,,,,,,,,,,,ajuru,,,,,,,,,,,,
,,,,,,kyna,,,,,,,,,,,,,,,,,
,,,,garirei,,,,,,,,,,,,,,,,,,,
,,,,,,kwaturu,,,,,,,,,,,,,,,,,
,,,,,,,,,,,,,,,,,,,,opytunamũ,,,
,,,,,,,,,,,,,,,,,,,,,,pytunamũ,
,,,,,,,,,,,,,,,,,,jepytunamũ,,,,,
,,,,,,,,,,,,,,,opytunamũ,,,,,,,,
,,,,,,,,,,,,,,,,,pytunamũ,,,,,,
,,,,,,,,,,,,,jepytunamũ,,,,,,,,,,
kaꞌjami,,,,,,,,,,,,,,,,,,,,,,,
,,,,,,kaꞌjami,,,,,,,,,,,,,,,,,
,,,,,,,,,,,arawaw,,,,,,,,,,,,
kaꞌjam,,,,,,,,,,,,,,,,,,,,,,,
,,,,,,kaꞌjam,,,,,,,,,,,,,,,,,
,,,,,,,,,,,awuwut,,,,,,,,,,,,
,,,,,,,,,,,aruꞌe,,,,,,,,,,,,
,,,,,,,,,,,,,,,opyygete,,,,,,,,
,,,,,,,,,,,amogo,,,,,,,,,,,,
,,,,,,,,,,,aruapo,,,,,,,,,,,,
,,,,,,,,,,,anuruka,,,,,,,,,,,,
,,,,,,,,,,,aranuwa,,,,,,,,,,,,
,,,,,,,,,,,,,,,,,pyygukat,,,,,,
,,,,,,,,,,,amanũmũ,,,,,,,,,,,,
,,,,,,,,,,,ayrete,,,,,,,,,,,,
,,,,,,,,,,,aꞌefer,,,,,,,,,,,,
,,,,,,kyꞌaa,,,,,,,,,,,,,,,,,
,,,,,,,,,,,aꞌete,,,,,,,,,,,,
,,,,,,,,,,,,,,,,,,,,,,,nakyfera
,,,,,,,,,,,ayeꞌem,,,,,,,,,,,,
katywara,,,,,,,,,,,,,,,,,,,,,,,
katuukat,,,,,,,,,,,,,,,,,,,,,,,
,,,,,,kwaruu,,,,,,,,,,,,,,,,,
kawaruu,,,,,,,,,,,,,,,,,,,,,,,
,,,,,,kawaruu,,,,,,,,,,,,,,,,,
kamerua,,,,,,,,,,,,,,,,,,,,,,,
,,,,,,kamerua,,,,,,,,,,,,,,,,,
,,,,,,,,,,,aguja,,,,,,,,,,,,
,,,,,,,,,,,aruejat,,,,,,,,,,,,
,,,,,,kywyra,,,,,,,,,,,,,,,,,
,,,,,,kwaray,,,,,,,,,,,,,,,,,
kaꞌaꞌi,,,,,,,,,,,,,,,,,,,,,,,
,,ywyraa,,,,,,,,,,,,,,,,,,,,,
,,,,,,,,,,,,,,,,,pypiraa,,,,,,
,,,,,,,,,,,,,,,,,pyygukaa,,,,,,
,,,,,,,,,,,aereau,,,,,,,,,,,,
,,,,,,,,,,,,,,,,,pyriuꞌi,,,,,,
kawaruꞌi,,,,,,,,,,,,,,,,,,,,,,,
,,,,,,,,,,,,,,,,,pyꞌrau,,,,,,
kanawaa,,,,,,,,,,,,,,,,,,,,,,,
,,,,,,kanawaa,,,,,,,,,,,,,,,,,
,,,,,,kisit,,,,,,,,,,,,,,,,,
,,,,,,,,,,,,,,,,,pykawa,,,,,,
,,,,,,,,,,,apikawa,,,,,,,,,,,,
,,,,,,kumi,,,,,,,,,,,,,,,,,
,,,,,,kwataua,,,,,,,,,,,,,,,,,
,,,,,,,,,,,apisara,,,,,,,,,,,,
,,,,,,,,,,,aꞌagawa,,,,,,,,,,,,
,,,,,,,,,,,,,,,,,pyypaw,,,,,,
,,,,,,,,,,,aeakaga,,,,,,,,,,,,
,,,,,,,,,,,apoaw,,,,,,,,,,,,
,,,,,,,,,,,,,,,,,pyykaw,,,,,,
,,,,,,,,,,,apykaw,,,,,,,,,,,,
,,,,,,kyꞌa,,,,,,,,,,,,,,,,,
,,,,,,kwanũ,,,,,,,,,,,,,,,,,
,,,,,,,,,,,,,,,,,,,,opytuꞌẽ,,,
,,,,,,,,,,,aruꞌẽ,,,,,,,,,,,,
,,,,,,,,,,,,,,,opytuꞌwau,,,,,,,,
,,,,,,,,danieu,,,,,,,,,,,,,,,
,,,,,,,,,,danieu,,,,,,,,,,,,,
,,,,,,,,,,,ajemima,,,,,,,,,,,,
,,,,,,,,,,,apesaka,,,,,,,,,,,,
,,,,,,,,,,,ajaiwa,,,,,,,,,,,,
,,,,,,kwawi,,,,,,,,,,,,,,,,,
,,,,,,,,,,,auwana,,,,,,,,,,,,
,,,,,,,,,,,apoawa,,,,,,,,,,,,
,,,,,,kutuka,,,,,,,,,,,,,,,,,
kaifasi,,,,,,,,,,,,,,,,,,,,,,,
,,,,,,kaifasi,,,,,,,,,,,,,,,,,
,,,,,,,,,,,apopyra,,,,,,,,,,,,
,,,,,,,,,,,aripasi,,,,,,,,,,,,
,,,,,,,,,,,aeroꞌoa,,,,,,,,,,,,
,,,,,,kwasiꞌo,,,,,,,,,,,,,,,,,
,,,,,,kwakuw,,,,,,,,,,,,,,,,,
,,,,,,,,,,,aruenup,,,,,,,,,,,,
,,,,,,kurawa,,,,,,,,,,,,,,,,,
,,,,,,,,,,,akurap,,,,,,,,,,,,
,,,,,,,,,,,aeretea,,,,,,,,,,,,
,,,,,,,,,,,amuẽm,,,,,,,,,,,,
,,,,,,kanawa,,,,,,,,,,,,,,,,,
,,,,,,,,,,,afukai,,,,,,,,,,,,
,,ywyraꞌiꞌi,,,,,,,,,,,,,,,,,,,,,
,,,,,,kaja,,,,,,,,,,,,,,,,,
,,,,,,,,,,,akaja,,,,,,,,,,,,
,,,,,,,,,,,afukaja,,,,,,,,,,,,
,,,,,,katua,,,,,,,,,,,,,,,,,
,,,,,,,,,,,anu,,,,,,,,,,,,
,,,,,,,,,,,amokãꞌẽ,,,,,,,,,,,,
,,,,,,,,,,,,,jepyrugawa,,,,,,,,,,
,,,,,,,,,,,,,,,,,pyrugawa,,,,,,
,,,,,,,,,,,apiau,,,,,,,,,,,,
,,,,,,,,daviramũ,,,,,,,,,,,,,,,
,,,,,,,,,leviramũ,,,,,,,,,,,,,,
,,,,,,,,,,,amusipo,,,,,,,,,,,,
,,,,,,,,,,,,,,,opyrug,,,,,,,,
,,,,,,kupy,,,,,,,,,,,,,,,,,
,,,,,,,,,,,,,,,,,,,,,,pyteripe,
,,ywyteripe,,,,,,,,,,,,,,,,,,,,,
,,,,,,,,,,,,,,,,,pyteripe,,,,,,
,,,,,,,,,,,apyga,,,,,,,,,,,,
,,,,,,,,,,,amuꞌat,,,,,,,,,,,,
,,,,,,,,,,,atawer,,,,,,,,,,,,
kaneeku,,,,,,,,,,,,,,,,,,,,,,,
,,,,,,kaneeku,,,,,,,,,,,,,,,,,
,,,,,,,,,,,apirei,,,,,,,,,,,,
,,,,,,kwea,,,,,,,,,,,,,,,,,
kauta,,,,,,,,,,,,,,,,,,,,,,,
,,,,,,,,,,,,,,,,,pyykawe,,,,,,
,,,,,,kaꞌaꞌi,,,,,,,,,,,,,,,,,
kaꞌaꞌia,,,,,,,,,,,,,,,,,,,,,,,
,,,,,,kaꞌaꞌia,,,,,,,,,,,,,,,,,
,,,,,,,,,,,,,,,,,pyykawa,,,,,,
,,,,,,,,,,,apykawa,,,,,,,,,,,,
,,,,,,kũjãa,,,,,,,,,,,,,,,,,
,,,,,,,,,,,,,,,,,,,,,,,nakũjãa
,,,,,,,,,,,,,,enepyꞌaꞌwyt,,,,,,,,,
,,,,,,,,,,,,,jepyꞌaꞌwyt,,,,,,,,,,
,,,,,,,,,,,aapesak,,,,,,,,,,,,
,,,,,,kwakupa,,,,,,,,,,,,,,,,,
,,,,,,,,,,,aresãri,,,,,,,,,,,,
,,,,,,,,,,domingo,,,,,,,,,,,,,
,,,,,,,,,,,awawera,,,,,,,,,,,,
,,,,,,,,,,,awaupap,,,,,,,,,,,,
,,,,,,,,,,,anug,,,,,,,,,,,,
,,,,gaprieua,,,,,,,,,,,,,,,,,,,
,,,,gaprieu,,,,,,,,,,,,,,,,,,,
,,,,,,,,,,,augusto,,,,,,,,,,,,
,,,,,,,,,,,,,,,,,pypeymã,,,,,,
,,,,,,,,,,,amakuꞌi,,,,,,,,,,,,
,,,,,,,,,,,asia,,,,,,,,,,,,
,,,,,,,,,,,amomap,,,,,,,,,,,,
,,,,,,,,,,,aseri,,,,,,,,,,,,
,,,,,,,,,,,,,,,,,pykaua,,,,,,
,,,,gariu,,,,,,,,,,,,,,,,,,,
,,,,,,kĩsi,,,,,,,,,,,,,,,,,
,,,,,,,,,,,apireni,,,,,,,,,,,,
,,ywyperewa,,,,,,,,,,,,,,,,,,,,,
,,,,,,,,,,,,,,,,,pymĩmaw,,,,,,
,,,,,,,,,,,,,,,,,pymĩaw,,,,,,
,,,,,,,,,,,amosi,,,,,,,,,,,,
,,,,,,,,,,,ati,,,,,,,,,,,,
,,,,,,kosã,,,,,,,,,,,,,,,,,
,,,,,,,,,,,amin,,,,,,,,,,,,
,,,,,,,,,,,arni,,,,,,,,,,,,
kainã,,,,,,,,,,,,,,,,,,,,,,,
,,,,,,kainã,,,,,,,,,,,,,,,,,
,,ywytyꞌrar,,,,,,,,,,,,,,,,,,,,,
,,,,,,,,,,,,,,,,,pypekau,,,,,,
,,,,,,,,,,,awỹi,,,,,,,,,,,,
,,,,,,,,,,,,,,,,,pyyrũi,,,,,,
,,,,,,,,,,,aruetyg,,,,,,,,,,,,
,,,,,,,,,,,,,,,,,pyrape,,,,,,
,,,,,,,,,,,ajaiꞌwi,,,,,,,,,,,,
,,,,,,kouu,,,,,,,,,,,,,,,,,
,,,,,,kaĩ,,,,,,,,,,,,,,,,,
,,,,,,kusa,,,,,,,,,,,,,,,,,
,,,,,,kupyfaa,,,,,,,,,,,,,,,,,
,,,,,,,,,,,apygamũ,,,,,,,,,,,,
,,,,,,,,,,,,,,,,,,,,,,pytunũũ,
,,,,,,,,,,,,,,,,,pytunũũ,,,,,,
,,,,,,,,,,,amogyta,,,,,,,,,,,,
,,,,,,,,,,,areewi,,,,,,,,,,,,
,,,,,,,,,,,agoꞌo,,,,,,,,,,,,
,,,,,,,,,,,arajuwa,,,,,,,,,,,,
,,,,,,,,,,,aetypap,,,,,,,,,,,,
,,,,,,,,,,,aguꞌjaa,,,,,,,,,,,,
,,,,,,,,,,,auꞌjawa,,,,,,,,,,,,
,,,,,,,,,,,ayꞌu,,,,,,,,,,,,
,,,,,,,,,,,apopaw,,,,,,,,,,,,
,,,,,,kwatau,,,,,,,,,,,,,,,,,
,,,,,,,,,,,amomyau,,,,,,,,,,,,
,,,,,,,,,,,akũ,,,,,,,,,,,,
,,,,,,,,,,,arujara,,,,,,,,,,,,
,,,,,,,,,,,aapopap,,,,,,,,,,,,
,,,,,,kwaruua,,,,,,,,,,,,,,,,,
kawaruua,,,,,,,,,,,,,,,,,,,,,,,
,,,,,,kwapawa,,,,,,,,,,,,,,,,,
,,,,,,katuu,,,,,,,,,,,,,,,,,
,,,,,,,,,,,ajamanũ,,,,,,,,,,,,
,,,,,,,,,,,,,,,,,pyamu,,,,,,
,,,,,,,,,,,,,,,,,pyteri,,,,,,
,,,,,,,,,,,apoar,,,,,,,,,,,,
,,,,,,,,,,,awawete,,,,,,,,,,,,
,,,,,,,,,,,apisia,,,,,,,,,,,,
,,,,,,kwakuwi,,,,,,,,,,,,,,,,,
,,,,,,,,,,,aruenuw,,,,,,,,,,,,
,,,,,,,,,,,arako,,,,,,,,,,,,
,,,,,,,,,,,apisawa,,,,,,,,,,,,
,,,,,,,,,,,ajuowai,,,,,,,,,,,,
,,,,,,,,,,,aepyat,,,,,,,,,,,,
kaaruwa,,,,,,,,,,,,,,,,,,,,,,,
,,,,,,kaaruwa,,,,,,,,,,,,,,,,,
,,,,,,,,,,,aejywaa,,,,,,,,,,,,
,,,,,,,,,,,,,,,,,pyriuu,,,,,,
,,,,,kreopas,,,,,,,,,,,,,,,,,,
,,,,,,kreopas,,,,,,,,,,,,,,,,,
,,,,,,,,,levita,,,,,,,,,,,,,,
,,,,,,,,,,,andrea,,,,,,,,,,,,
,,,,,,,,,,,apoupap,,,,,,,,,,,,
,,,,,,,,,,,aꞌagaw,,,,,,,,,,,,
,,,,,,,,,,,aekuꞌia,,,,,,,,,,,,
,,,,,,kojara,,,,,,,,,,,,,,,,,
,,,,,kreta,,,,,,,,,,,,,,,,,,
,,ywyapiau,,,,,,,,,,,,,,,,,,,,,
,,ywytyꞌri,,,,,,,,,,,,,,,,,,,,,
,,,,,,,,,,,,,,,,,pymĩnamũ,,,,,,
,,,,,,,,,,,aeroꞌo,,,,,,,,,,,,
,,,,,,,,,,,,,,,,,,,,,,pytaaiwi,
,,,,,,,,,,,,,,,,,pytaaiwi,,,,,,
,,,,,,kujau,,,,,,,,,,,,,,,,,
,,,,,,,,,,,aramanũ,,,,,,,,,,,,
,,,,,,,,,,,aꞌgwara,,,,,,,,,,,,
,,,,,,,,,,,arajaui,,,,,,,,,,,,
,,,,,,,,,,,,,,,,,pymĩawer,,,,,,
kaiwer,,,,,,,,,,,,,,,,,,,,,,,
,,,,,,,,,,,aunuga,,,,,,,,,,,,
,,,,,,,,,,,aꞌeu,,,,,,,,,,,,
,,,,,,,,,,,akuꞌau,,,,,,,,,,,,
,,,,,,,,,,,arajuee,,,,,,,,,,,,
,,,,,,,,,,,akỹma,,,,,,,,,,,,
,,,,,,,,,,,akãa,,,,,,,,,,,,
,,,,,,,,,,,apyyrũ,,,,,,,,,,,,
,,,,,,,,,,,aruekat,,,,,,,,,,,,
,,,,,,,,,,,akupeu,,,,,,,,,,,,
,,,,,,,,,,,aꞌgui,,,,,,,,,,,,
,,,,,,,kriopasi,,,,,,,,,,,,,,,,
,,,krisopasi,,,,,,,,,,,,,,,,,,,,
,,,,,kriopasi,,,,,,,,,,,,,,,,,,
,,,krisipu,,,,,,,,,,,,,,,,,,,,
,,,,,,,krisipu,,,,,,,,,,,,,,,,
,,,,,,kirua,,,,,,,,,,,,,,,,,
,,,,,,,,,,,aloes,,,,,,,,,,,,
,,,,,,,,,,,arujãna,,,,,,,,,,,,
,,,,,,,,,,,atykupe,,,,,,,,,,,,
,,,,,,,,,,,atosje,,,,,,,,,,,,
,,,,,,,,,,,aketema,,,,,,,,,,,,
kapatosi,,,,,,,,,,,,,,,,,,,,,,,
,,,,,,kreta,,,,,,,,,,,,,,,,,
,,,,,,,,,,,areta,,,,,,,,,,,,
,,,,,,,,,,,arabia,,,,,,,,,,,,
,,,,,,,,,,,,,,,,,pyjuꞌã,,,,,,
,,ywyrafen,,,,,,,,,,,,,,,,,,,,,
,,,,,,,,,,,aeꞌmea,,,,,,,,,,,,
,,,,,,,,,,,,,,,,,,,,,,pytepyter,
,,,,gamarieu,,,,,,,,,,,,,,,,,,,
kautei,,,,,,,,,,,,,,,,,,,,,,,
,,,,,,kautei,,,,,,,,,,,,,,,,,
kanaã,,,,,,,,,,,,,,,,,,,,,,,
,,,,,,,,,,,,,,,,,,,,,,,nakanaã
,,,,,,kanaã,,,,,,,,,,,,,,,,,
,,,,,,,,,,,anugatu,,,,,,,,,,,,
,,,,,,,,,,,,,,,,,pytag,,,,,,
,,,,,,,,,,,,,,,,,,jepytuꞌwawa,,,,,
,,,,,,,,,,,,,,,,,,,,opytuꞌwawa,,,
,,,,,,kãtasi,,,,,,,,,,,,,,,,,
,,,,,,,,,,,asoto,,,,,,,,,,,,
,,,,,,,,damasco,,,,,,,,,,,,,,,
,,,,,,,,,,damasco,,,,,,,,,,,,,
,,,,,,koneriu,,,,,,,,,,,,,,,,,
,,,,,,kapu,,,,,,,,,,,,,,,,,
,,,,,,,,,,,agapu,,,,,,,,,,,,
,,,,,krautiu,,,,,,,,,,,,,,,,,,
,,,,,,krautiu,,,,,,,,,,,,,,,,,
,,,,gade,,,,,,,,,,,,,,,,,,,
,,,,,,,,,,,ataria,,,,,,,,,,,,
,,,,garasi,,,,,,,,,,,,,,,,,,,
,,,,,,,,,,,aruẽma,,,,,,,,,,,,
,,,,,,,,,,,ajeaje,,,,,,,,,,,,
,,,,,,,,,,,,,,,,,pypekai,,,,,,
,,,,,,,,,,,atenasi,,,,,,,,,,,,
,,,,,,,,,,,aꞌjeꞌem,,,,,,,,,,,,
,,,,gaio,,,,,,,,,,,,,,,,,,,
,,,,,,,,damarisi,,,,,,,,,,,,,,,
,,,,,,korĩtu,,,,,,,,,,,,,,,,,
,,,,,,,,,,,akira,,,,,,,,,,,,
,,,,,krisipu,,,,,,,,,,,,,,,,,,
,,,,,,krisipu,,,,,,,,,,,,,,,,,
,,,,,,,,,,,aporu,,,,,,,,,,,,
,,,,,,,,,,diana,,,,,,,,,,,,,
,,,,,,,,,,,asosi,,,,,,,,,,,,
,,,,,,kiosi,,,,,,,,,,,,,,,,,
,,,,,,,,,,,aruꞌjãu,,,,,,,,,,,,
,,,,,,,,,,,aruꞌar,,,,,,,,,,,,
,,ywywyriꞌi,,,,,,,,,,,,,,,,,,,,,
kaꞌarete,,,,,,,,,,,,,,,,,,,,,,,
,,,,,,,,,,,arawawa,,,,,,,,,,,,
,,,,,,,,,,drusila,,,,,,,,,,,,,
,,,,,,,,,,,agripa,,,,,,,,,,,,
,,,,,,,,,,,,,,,,,pyꞌru,,,,,,
,,,,,,kauta,,,,,,,,,,,,,,,,,
,,,,,,,,,,,,,,,,,pypekap,,,,,,
,,,,,,,,,,,apysãu,,,,,,,,,,,,
,,,,,,,,,,,apiu,,,,,,,,,,,,
karanũ,,,,,,,,,,,,,,,,,,,,,,,
,,,,,,karanũ,,,,,,,,,,,,,,,,,
kamẽsĩ,,,,,,,,,,,,,,,,,,,,,,,
,,,,,,,,,,,,,,,,,,,,,,,nakamẽsĩ
,,,,,,kamẽsĩ,,,,,,,,,,,,,,,,,
,,,,,,,,,,,aramuꞌe,,,,,,,,,,,,
,,,,,,,,,,,,naaejewag,,,,,,,,,,,
,,,,,,,,,,,amanũaw,,,,,,,,,,,,
,,,,,,,,,,,apoiymã,,,,,,,,,,,,
,,,,,,kũjãmet,,,,,,,,,,,,,,,,,
,,,,,,,,,,,aefaema,,,,,,,,,,,,
,,,,,,,,,,,,,jepypeka,,,,,,,,,,
,,,,,,,,,,,,,,,,,pypeka,,,,,,
,,,,,,,,,,,aenamĩa,,,,,,,,,,,,
katueꞌem,,,,,,,,,,,,,,,,,,,,,,,
,,,,,,kwaukat,,,,,,,,,,,,,,,,,
,,,,,,,,,,,aꞌgwaaw,,,,,,,,,,,,
,,,,,,,,,,,apeles,,,,,,,,,,,,
,,,,,,kwaritu,,,,,,,,,,,,,,,,,
,,,,,,kylu,,,,,,,,,,,,,,,,,
,,,,,,,,,,,,,,,,,pymĩawãu,,,,,,
kamyꞌia,,,,,,,,,,,,,,,,,,,,,,,
,,,,,,kamyꞌia,,,,,,,,,,,,,,,,,
,,,,,,,,,,,,,,,,,pypiar,,,,,,
,,,,,,kaipawi,,,,,,,,,,,,,,,,,
,,,,,,,,,,,aruata,,,,,,,,,,,,
,,,,,,,,,,,apoawet,,,,,,,,,,,,
,,,,,,,,,,,apoawãu,,,,,,,,,,,,
,,,,,,,,,,,aꞌagap,,,,,,,,,,,,
,,,,,,kamy,,,,,,,,,,,,,,,,,
,,,,,,,,,,,agoꞌoa,,,,,,,,,,,,
,,,,,,,,,,,,,,,,,pyygeꞌem,,,,,,
,,,,,,kwaja,,,,,,,,,,,,,,,,,
,,,,,,,,,,,arukaga,,,,,,,,,,,,
,,,,,,,,,,,arukag,,,,,,,,,,,,
,,,,,,,,,,,amuteeu,,,,,,,,,,,,
,,,,,,,,,,,apisaw,,,,,,,,,,,,
,,,,,,kĩẽtus,,,,,,,,,,,,,,,,,
,,,,,,kokari,,,,,,,,,,,,,,,,,
kaꞌmigi,,,,,,,,,,,,,,,,,,,,,,,
,,,,,,kaꞌmigi,,,,,,,,,,,,,,,,,
kaꞌmika,,,,,,,,,,,,,,,,,,,,,,,
,,,,,,kaꞌmika,,,,,,,,,,,,,,,,,
,,,,,,,,,,,atãua,,,,,,,,,,,,
,,,,,,,,,,,akaiku,,,,,,,,,,,,
,,,,,,,,,,,agoꞌoi,,,,,,,,,,,,
,,,,garasije,,,,,,,,,,,,,,,,,,,
,,,,,,,,,,,amanũam,,,,,,,,,,,,
,,,,,,,,,,,apoipẽẽ,,,,,,,,,,,,
,,,,,,,,,,,,,,,,,pypiat,,,,,,
,,,,,,,,,,,,,,,opyꞌapiat,,,,,,,,
,,,,,,,,,,,akagyrũ,,,,,,,,,,,,
,,,,,kremẽti,,,,,,,,,,,,,,,,,,
,,,,,,kremẽti,,,,,,,,,,,,,,,,,
,,,,,,korosi,,,,,,,,,,,,,,,,,
katuukaa,,,,,,,,,,,,,,,,,,,,,,,
,,,,,,,,,,demas,,,,,,,,,,,,,
,,,,,,,,,,,akipu,,,,,,,,,,,,
kamaap,,,,,,,,,,,,,,,,,,,,,,,
,,,,,,kamaap,,,,,,,,,,,,,,,,,
,,,,,,,,,,diacano,,,,,,,,,,,,,
,,,,,kresẽte,,,,,,,,,,,,,,,,,,
,,,,,,kresẽte,,,,,,,,,,,,,,,,,
,,,,,,,,dalmacia,,,,,,,,,,,,,,,
,,,,,,,,,,,artemas,,,,,,,,,,,,
,,,,,,,,,,,aporua,,,,,,,,,,,,
,,,,,,,,,,,afia,,,,,,,,,,,,
,,,,,,,,,,,amunug,,,,,,,,,,,,
,,,,,,,,,,,,,,,,,,,,,,pytuꞌui,
,,,,,,,,,,,,,,,,,pytuꞌui,,,,,,
,,,,,,,,,,,awawarũ,,,,,,,,,,,,
kanafũꞌĩ,,,,,,,,,,,,,,,,,,,,,,,
,,,,,,kerupĩ,,,,,,,,,,,,,,,,,
,,,,,,,,,,,akãꞌi,,,,,,,,,,,,
,,,,,,,,,,,,,,,,,pytaga,,,,,,
,,,,,,,,,,,aꞌmyaa,,,,,,,,,,,,
,,,,,,kumana,,,,,,,,,,,,,,,,,
,,ywytyt,,,,,,,,,,,,,,,,,,,,,
,,,,,,,,,,,,naaꞌerãu,,,,,,,,,,,
,,,,,,,,,,,afuaga,,,,,,,,,,,,
,,,,,,kupiꞌia,,,,,,,,,,,,,,,,,
,,,,,,kuꞌema,,,,,,,,,,,,,,,,,
,,,,,,,,,,,,,,,opyꞌapojy,,,,,,,,
,,,,,,,,,,,amuug,,,,,,,,,,,,
,,,,,,,,,,,ajeu,,,,,,,,,,,,
,,,,,,,,,,,aꞌjeu,,,,,,,,,,,,
,,,,,,,,,,,ajemogo,,,,,,,,,,,,
,,,,,,kwasiar,,,,,,,,,,,,,,,,,
,,,,,,,,,,,aeoga,,,,,,,,,,,,
,,,,,,,,,,,afuramũ,,,,,,,,,,,,
,,,,,,,,,,,amukag,,,,,,,,,,,,
,,,,,,,,,,,amaꞌna,,,,,,,,,,,,
,,,,,,kwawuku,,,,,,,,,,,,,,,,,
,,,,,,,,,,,,,,,,,pyamua,,,,,,
,,,,,,,,,,,apatõ,,,,,,,,,,,,
,,,,,,,,,,,aporiãu,,,,,,,,,,,,
,,,,,,kwanũũ,,,,,,,,,,,,,,,,,
,,,,,,,,,,,aimea,,,,,,,,,,,,
,,,,,,,,,,,akoupap,,,,,,,,,,,,
kamijãꞌĩ,,,,,,,,,,,,,,,,,,,,,,,
,,,,,,kaiwer,,,,,,,,,,,,,,,,,
,,,,,,,,,,,amunep,,,,,,,,,,,,
kamẽsĩũũ,,,,,,,,,,,,,,,,,,,,,,,
,,,,,,,kristau,,,,,,,,,,,,,,,,
,,,,,kristau,,,,,,,,,,,,,,,,,,
,,,,,,kristau,,,,,,,,,,,,,,,,,
,,,,,,,,,,,,,,,,,,,,,,pytuꞌẽa,
,,,,,,,,,,,,,,,,,pytuꞌẽa,,,,,,
,,,,,,,,,,,,,,,opytuꞌẽ,,,,,,,,
,,,,,,,,,,,agata,,,,,,,,,,,,
,,,krisoritu,,,,,,,,,,,,,,,,,,,,
,,,,,,,krisoritu,,,,,,,,,,,,,,,,
,,,,,,,krisopasi,,,,,,,,,,,,,,,,
