f,b,bal,at,is,bar,i,d,abr,a,ab,cr,ins,n,v,desce,c,j,je,pa,antepa,pu,pru,descen
,,,,,,ia,,,,,,,,,,,,,,,,,
,,,,,,,da,,,,,,,,,,,,,,,,
,,,,,,,,,,,,,na,,,,,,,,,,
,,,,,,,,abra,,,,,,,,,,,,,,,
,,,,,,,,,,,,,,vista,,,,,,,,,
,,,,,,,,,,,,insista,,,,,,,,,,,
,,,,,,,,,,,,,,,,,,,,,pus,,
,,,,,,,,,as,,,,,,,,,,,,,,
,,,,,,,,,,,,,nos,,,,,,,,,,
,,,,,,,dos,,,,,,,,,,,,,,,,
,,,,,,,,,aos,,,,,,,,,,,,,,
,,,atos,,,,,,,,,,,,,,,,,,,,
,,,,,,,dados,,,,,,,,,,,,,,,,
,,,,,,,,,,,,,,,,,,,passados,,,,
,,,,,,,,,,,,,,,,,,,,antepassados,,,
,,,,,,,de,,,,,,,,,,,,,,,,
,,,,,,,,abre,,,,,,,,,,,,,,,
,,,,,,,,,,,,,nus,,,,,,,,,,
,,,,,,,,,,,,,,,,,,jesus,,,,,
,,,,,,,,,,,,,,,,,jesus,,,,,,
,,,,,,,,,ao,,,,,,,,,,,,,,
,,,,,,,,,,,,,no,,,,,,,,,,
,,,ato,,,,,,,,,,,,,,,,,,,,
,,,,,,,do,,,,,,,,,,,,,,,,
,,,,,,,,,ato,,,,,,,,,,,,,,
,,,,isto,,,,,,,,,,,,,,,,,,,
,,,,,,isto,,,,,,,,,,,,,,,,,
,,,,,,,,,,,cristo,,,,,,,,,,,,
,,,,,,,,,,,,insisto,,,,,,,,,,,
,,,,,,,,,,,,,nisto,,,,,,,,,,
,,,,,,,,,,,,,,visto,,,,,,,,,
,,,,,,,disto,,,,,,,,,,,,,,,,
,,,,,,,,,,,,,,,,cristo,,,,,,,
,,,,,,,dente,,,,,,,,,,,,,,,,
,,,,,,,,,,,,,,,,,,,,,pudente,,
,,,,,,,,,,,,,,,,,,,,,,prudente,
,,,,,,,,,,,,,,,,,,,,,,,descendente
,,,,,,,,,,,,,,,descendente,,,,,,,,
,,,,,,,,,,,,,,,,,,,pai,,,,
,,,,,,,,,,,cri,,,,,,,,,,,,
,,,,,,,,,,,,,,vi,,,,,,,,,
,,,,,,,,,ai,,,,,,,,,,,,,,
,,,,,,,,abri,,,,,,,,,,,,,,,
,,,,,,,davi,,,,,,,,,,,,,,,,
,,,,,barra,,,,,,,,,,,,,,,,,,
,,,,,,,,,,,,,,,,,,,,,pura,,
,,,,,,,,,,,,,,,,,,,para,,,,
,,,,,,ira,,,,,,,,,,,,,,,,,
,,,,,,,,,,abra,,,,,,,,,,,,,
,,,,,,,,,,,,,não,,,,,,,,,,
,,,,,,,dão,,,,,,,,,,,,,,,,
,,,,,,,,,,,,,,vão,,,,,,,,,
,,,,,,,,abraão,,,,,,,,,,,,,,,
,,balaão,,,,,,,,,,,,,,,,,,,,,
,,,,,,,,,,abraão,,,,,,,,,,,,,
,,,,,,,,,abraão,,,,,,,,,,,,,,
foi,,,,,,,,,,,,,,,,,,,,,,,
,boi,,,,,,,,,,,,,,,,,,,,,,
,,,,,,,,,,,,,,vai,,,,,,,,,
,,,,,,,,,,,,,,,,cai,,,,,,,
,,balaque,,,,,,,,,,,,,,,,,,,,,
,,,ataque,,,,,,,,,,,,,,,,,,,,
,,,,isaque,,,,,,,,,,,,,,,,,,,
,,,,,baraque,,,,,,,,,,,,,,,,,,
,,,,,,isaque,,,,,,,,,,,,,,,,,
,,,,,,,dó,,,,,,,,,,,,,,,,
,,,,,,,,,,,,,,,,,jacó,,,,,,
,,,,,,,,,,,,,,,,,já,,,,,,
,,,,,,,,,,,,,,,,cá,,,,,,,
,,,,,,,,,,,,,,vá,,,,,,,,,
,,,,,,,dá,,,,,,,,,,,,,,,,
,,,,,,,,,,,,,,,,,judá,,,,,,
,,,ateus,,,,,,,,,,,,,,,,,,,,
,,,,,,,deus,,,,,,,,,,,,,,,,
,,,,,,irmãos,,,,,,,,,,,,,,,,,
,,,,,,,,,,,,,neles,,,,,,,,,,
,,,,,,,deles,,,,,,,,,,,,,,,,
,,,,,,,,,,,,,,,descer,,,,,,,,
,,,,,,,,,ar,,,,,,,,,,,,,,
,,,,,,ir,,,,,,,,,,,,,,,,,
,,,,,,,dar,,,,,,,,,,,,,,,,
,,,,,,,,,amar,,,,,,,,,,,,,,
,bom,,,,,,,,,,,,,,,,,,,,,,
,,,,,,,,,,,,,,,,com,,,,,,,
,,,,,,,dom,,,,,,,,,,,,,,,,
,,,,,,,,,arão,,,,,,,,,,,,,,
,,,,,,irão,,,,,,,,,,,,,,,,,
,,,,,,,,,,,,,,,,cabe,,,,,,,
,,,,,,,,,,,,,nasom,,,,,,,,,,
,,,,,,,,,amom,,,,,,,,,,,,,,
,,,,,,,,,,,,,,,,,,,paz,,,,
faz,,,,,,,,,,,,,,,,,,,,,,,
,boaz,,,,,,,,,,,,,,,,,,,,,,
,,,,,,,,,,,,,,,,,,,,,pude,,
,,balde,,,,,,,,,,,,,,,,,,,,,
,,,até,,,,,,,,,,,,,,,,,,,,
fé,,,,,,,,,,,,,,,,,,,,,,,
,,,,,,,,,,,,,,,,,,jessé,,,,,
,,,,,,,,,,,,,,,,,jessé,,,,,,
,,,,,,,dei,,,,,,,,,,,,,,,,
,,,,,,,,,,,crer,,,,,,,,,,,,
,,,,,,,der,,,,,,,,,,,,,,,,
,,,,,,,,,,,,,,ver,,,,,,,,,
,,,,,,,,,,,,,,vinha,,,,,,,,,
,,,,,,,,,,,,,,,,,,,,,,,descendo
,,,,,,ido,,,,,,,,,,,,,,,,,
,,,,,,,,,,,crido,,,,,,,,,,,,
,,,,,,,,,asa,,,,,,,,,,,,,,
,,,,,,,,,,,,,nas,,,,,,,,,,
,,,,,,,das,,,,,,,,,,,,,,,,
,,,,,,,dias,,,,,,,,,,,,,,,,
,,,,,,,,,,abias,,,,,,,,,,,,,
,,,,,,,,abram,,,,,,,,,,,,,,,
,,,,,,iam,,,,,,,,,,,,,,,,,
,,,,,,,,,,abram,,,,,,,,,,,,,
,,,,,,,,,,,,,,,desceram,,,,,,,,
foram,,,,,,,,,,,,,,,,,,,,,,,
,,,,,,,,,ais,,,,,,,,,,,,,,
,,,,,,,,,,,,,,,,,,,pais,,,,
,,,,,,,,,,,,,,,,,joão,,,,,,
,,,,,,,,,abias,,,,,,,,,,,,,,
,,,,,,,,,,,,,,,,,josafá,,,,,,
,,,,,,,,,,,,,,,,,jorão,,,,,,
,,,,,,,,,,,,,,,,,jotão,,,,,,
,,,,,,,,,acaz,,,,,,,,,,,,,,
,,,,,,,,,,,,,,,,,josias,,,,,,
,,,,,,,,,,,,,,,,,,jeconias,,,,,
,,,,,,,,,,,,,,,,,,,patas,,,,
,,,,,,,ditas,,,,,,,,,,,,,,,,
,,,,,,,,,amo,,,,,,,,,,,,,,
,,,,,,,,,,,,,,,,como,,,,,,,
,,,,,,,,,,,,,,,,,,,,,puros,,
,,,,,,,,,,,,,,vara,,,,,,,,,
,,,,,,,,,,,,,,,,cara,,,,,,,
,,,,,,,,,,,,,,via,,,,,,,,,
,,,,,,,,,,,cria,,,,,,,,,,,,
,,,,,,,dia,,,,,,,,,,,,,,,,
,,,,,,,dois,,,,,,,,,,,,,,,,
,bois,,,,,,,,,,,,,,,,,,,,,,
,,,,,,,depois,,,,,,,,,,,,,,,,
,,,,,,,,,,,,,novo,,,,,,,,,,
,,,,,,,dado,,,,,,,,,,,,,,,,
,,,,,,,,,,abel,,,,,,,,,,,,,
fel,,,,,,,,,,,,,,,,,,,,,,,
fiel,,,,,,,,,,,,,,,,,,,,,,,
,,,,,,,,,abel,,,,,,,,,,,,,,
,,,,isabel,,,,,,,,,,,,,,,,,,,
,,,,,,,,,,abiúde,,,,,,,,,,,,,
,,,,,,,,,abiúde,,,,,,,,,,,,,,
fim,,,,,,,,,,,,,,,,,,,,,,,
,,,,,,,,,,,,,,vim,,,,,,,,,
,,,,,,,,,aquim,,,,,,,,,,,,,,
,,,,,,,dor,,,,,,,,,,,,,,,,
,,,,,,,,,,,,,,,,cor,,,,,,,
for,,,,,,,,,,,,,,,,,,,,,,,
,,,,,,,,,azor,,,,,,,,,,,,,,
,,,,,,,,,,,,,natã,,,,,,,,,,
,,,,,,,,,,,,,,,,,josé,,,,,,
,,,,,,,,,,,,,,,,crido,,,,,,,
fria,,,,,,,,,,,,,,,,,,,,,,,
,,,,,,,,,,,,,,,,cria,,,,,,,
,,,,,,iria,,,,,,,,,,,,,,,,,
,,,,,,,,,,,,,,varia,,,,,,,,,
,,,,,,,daria,,,,,,,,,,,,,,,,
,,,,,,,,,,,,,,,,,,,,,pula,,
,,,,,,,,,amado,,,,,,,,,,,,,,
,,,,,,,,,,,,,,,,chamado,,,,,,,
,,,,,,,,,assim,,,,,,,,,,,,,,
,,,,,,,,,,,,,,,,catorze,,,,,,,
,,,,,,,,,ações,,,,,,,,,,,,,,
,,,,,,,,,,,,,nações,,,,,,,,,,
,,,,,,,desde,,,,,,,,,,,,,,,,
,,,,,,,,,até,,,,,,,,,,,,,,
,,,,,,,,,aí,,,,,,,,,,,,,,
,,,,,,,daí,,,,,,,,,,,,,,,,
,,,,,,,,,,,,,,,,caí,,,,,,,
,,,,,,,,,,,,,,,,cento,,,,,,,
,,,,,,,,,,,,,,vento,,,,,,,,,
,,,,,,,,,,,,,nua,,,,,,,,,,
,,,,,,,,,,,,,,,,casar,,,,,,,
,,,,,,,,,antes,,,,,,,,,,,,,,
,,,,,,,,,,,,,nu,,,,,,,,,,
,,,,,,,,,,,,,,,desceu,,,,,,,,
,,,,,,,,,,,,,,vou,,,,,,,,,
,,,,,,,dou,,,,,,,,,,,,,,,,
ficou,,,,,,,,,,,,,,,,,,,,,,,
,,,,,,ida,,,,,,,,,,,,,,,,,
,,,,,,,,,,,,,,vida,,,,,,,,,
,,,,,,,,,,,,,,,,,,,,,pulo,,
,belo,,,,,,,,,,,,,,,,,,,,,,
,,,,,,,dito,,,,,,,,,,,,,,,,
,,,,,,,,,,,,,,,,,,jeito,,,,,
,bem,,,,,,,,,,,,,,,,,,,,,,
,,,,,,,,,,,,,,,,cem,,,,,,,
,,,,,,,,,,,,,,vem,,,,,,,,,
,,,,,,,,,,,,,nem,,,,,,,,,,
,,,,,,,,,amem,,,,,,,,,,,,,,
,,,,,,,,,,,,,,,,comem,,,,,,,
,,,,,,,,,,abre,,,,,,,,,,,,,
,,,,,,,,,,,,,,,,,,,pare,,,,
,,,,,,,,,,,,,,vazia,,,,,,,,,
fazia,,,,,,,,,,,,,,,,,,,,,,,
,,,,,,,,,,,,,,,,,jeito,,,,,,
feito,,,,,,,,,,,,,,,,,,,,,,,
,,,,,,,direito,,,,,,,,,,,,,,,,
,,,,,,,difamar,,,,,,,,,,,,,,,,
,,,,isso,,,,,,,,,,,,,,,,,,,
,,,,,,isso,,,,,,,,,,,,,,,,,
,,,,,,,,,,,,,,,,,,,passo,,,,
,,,,,,,,,,,creu,,,,,,,,,,,,
,,,,,,,deu,,,,,,,,,,,,,,,,
,,,,,,,,,achar,,,,,,,,,,,,,,
,bato,,,,,,,,,,,,,,,,,,,,,,
fato,,,,,,,,,,,,,,,,,,,,,,,
,,,,,,,,,,,,,ninguém,,,,,,,,,,
,,,,,,,dava,,,,,,,,,,,,,,,,
,,,,,,indo,,,,,,,,,,,,,,,,,
,,,,,,,,,,,,,,,descendo,,,,,,,,
,,,,,,,dando,,,,,,,,,,,,,,,,
,,,,,,,disso,,,,,,,,,,,,,,,,
,,,,,,,,,,,,,nisso,,,,,,,,,,
,,,,,,,,,anjo,,,,,,,,,,,,,,
,,,,,,,,,,,,,num,,,,,,,,,,
,,,,,,,,,,,,,,,descesse,,,,,,,,
,,,,,,,disse,,,,,,,,,,,,,,,,
,,,,,,,,,,,,,,venha,,,,,,,,,
,,,,,,,dedo,,,,,,,,,,,,,,,,
,,,,,,,,,,,,,,,,cedo,,,,,,,
,beber,,,,,,,,,,,,,,,,,,,,,,
,,,,,,,,,,,,,,,descerá,,,,,,,,
,,,,,,irá,,,,,,,,,,,,,,,,,
,,,,,,,,,,,,,,verá,,,,,,,,,
,,,,,,,,,ano,,,,,,,,,,,,,,
,,,,,,,,,,,,,,,,,,,pano,,,,
,,,,,,,,,,,,,,vê,,,,,,,,,
,,,,,,,,,,,crê,,,,,,,,,,,,
,,,,,,,dê,,,,,,,,,,,,,,,,
,,,,,,,,,,,,,,você,,,,,,,,,
,,,,,,,,,,,,,,,,corá,,,,,,,
,,,,,,,dele,,,,,,,,,,,,,,,,
,,,,,,,,,,,,,nele,,,,,,,,,,
,,,,,,,,,ame,,,,,,,,,,,,,,
,,,,,,,,,,,,,,,,come,,,,,,,
fome,,,,,,,,,,,,,,,,,,,,,,,
,,,,,,,,,,,,,nome,,,,,,,,,,
fará,,,,,,,,,,,,,,,,,,,,,,,
,,,,,,,dará,,,,,,,,,,,,,,,,
,,,,,,,,,,,,,,vir,,,,,,,,,
,,,,,,,,abrir,,,,,,,,,,,,,,,
,,,,,,,,,,abrir,,,,,,,,,,,,,
,,,,,,,,,,,,,,,,cumprir,,,,,,,
fio,,,,,,,,,,,,,,,,,,,,,,,
feio,,,,,,,,,,,,,,,,,,,,,,,
,,,,,,,,,,,,,,veio,,,,,,,,,
,,,,,,,,,,,creio,,,,,,,,,,,,
,,,,,,,,,,,creta,,,,,,,,,,,,
,,,,,,,,,afeta,,,,,,,,,,,,,,
,,,,,,,,,agem,,,,,,,,,,,,,,
,,,,,,,,,,,,,,virgem,,,,,,,,,
ficará,,,,,,,,,,,,,,,,,,,,,,,
filho,,,,,,,,,,,,,,,,,,,,,,,
fanuel,,,,,,,,,,,,,,,,,,,,,,,
,,,,,,,dizer,,,,,,,,,,,,,,,,
fizer,,,,,,,,,,,,,,,,,,,,,,,
,,,,,barco,,,,,,,,,,,,,,,,,,
,,,,,,,,,,,,,,,,conosco,,,,,,,
,,,,,,,,,acordou,,,,,,,,,,,,,,
,,,,,,,,,,,,,,vez,,,,,,,,,
,,,,,,,dez,,,,,,,,,,,,,,,,
fez,,,,,,,,,,,,,,,,,,,,,,,
,,,,,,,,,andado,,,,,,,,,,,,,,
,,,,,,,,,,,,,,,,casou,,,,,,,
,,,,,,,deve,,,,,,,,,,,,,,,,
,,,,,,,,,,,,,neve,,,,,,,,,,
,,,,,,,dança,,,,,,,,,,,,,,,,
,,balança,,,,,,,,,,,,,,,,,,,,,
,,,,,,,,,,,criança,,,,,,,,,,,,
,,,,,,,,,,,,,,,,criança,,,,,,,
,,,,,,,,,,,,,nasceu,,,,,,,,,,
,,,,,,idade,,,,,,,,,,,,,,,,,
,,,,,,,,,,,,,,,,cidade,,,,,,,
,,,,,,,,,além,,,,,,,,,,,,,,
,belém,,,,,,,,,,,,,,,,,,,,,,
,,,,,,idéia,,,,,,,,,,,,,,,,,
,,,,,,,,,,,,,,,,,judéia,,,,,,
,bodes,,,,,,,,,,,,,,,,,,,,,,
,,,,israel,,,,,,,,,,,,,,,,,,,
,,,,,,israel,,,,,,,,,,,,,,,,,
,,,,,,,desse,,,,,,,,,,,,,,,,
,,,,,,,,,,,,,nesse,,,,,,,,,,
,,,,,,,,,alguns,,,,,,,,,,,,,,
,bens,,,,,,,,,,,,,,,,,,,,,,
,,,,,,,davam,,,,,,,,,,,,,,,,
,,,,,,,,,,,,,,velas,,,,,,,,,
,,,,,,,,,,,,,nelas,,,,,,,,,,
,,,,,,,delas,,,,,,,,,,,,,,,,
,,,,,,,deram,,,,,,,,,,,,,,,,
,,,,,,,,,,,creram,,,,,,,,,,,,
,,,,,,,,,,,,,,vieram,,,,,,,,,
,,,,,,,,,,,,,,,,,,,pagaram,,,,
,,,,,,,,,,,,,negaram,,,,,,,,,,
,,,,,,,,,ande,,,,,,,,,,,,,,
,,,,,,,,,,,,,,,,,judeus,,,,,,
,,,,,,,,,,,,,nós,,,,,,,,,,
,,,,,,,,,,,,,,,,cós,,,,,,,
,,,,,,,,abrimos,,,,,,,,,,,,,,,
,,,,,,,,,,,,,,vimos,,,,,,,,,
,,,,,,,,,,,,,nela,,,,,,,,,,
,,,,,,,dela,,,,,,,,,,,,,,,,
,,,,,,,,,,,,,,,,cela,,,,,,,
,,,,,,,,,,,,,,vela,,,,,,,,,
,,,,,,,demos,,,,,,,,,,,,,,,,
,,,,,,,,,,,cremos,,,,,,,,,,,,
,,,,,,,,,,,,,,vemos,,,,,,,,,
,,,,,,,,,,,,,,viemos,,,,,,,,,
,,,,,,,,,adorá,,,,,,,,,,,,,,
,,,,,,,,,,,,,,viu,,,,,,,,,
,,,,,,,,abriu,,,,,,,,,,,,,,,
,,,,,,,,,,,,,,,,chefes,,,,,,,
,,,,,,,,,,,,,,,,,juntou,,,,,,
,,,,,,,devia,,,,,,,,,,,,,,,,
,,,,,,,,,,,,,nascer,,,,,,,,,,
,,,,,,,,,,,,,,,,,,,,,puderam,,
,,,atreveu,,,,,,,,,,,,,,,,,,,,
,,,,,,,,,,,,,,vinte,,,,,,,,,
,,,,,,,,,,,,,nenhum,,,,,,,,,,
,,,,,,,,,,,,,,,,cidades,,,,,,,
,,,,,,,,,,,,,,virá,,,,,,,,,
,,,,,,,dirá,,,,,,,,,,,,,,,,
,,,,,,,,,,,,,,,,cairá,,,,,,,
,,,,,,,,,,,,,,,,,,,,,puder,,
,,,,,,,,,amou,,,,,,,,,,,,,,
,,,,,,,,,,,,,,,,chamou,,,,,,,
,,,,,,,,,ama,,,,,,,,,,,,,,
,,,,,,,,,,,,,,,,creta,,,,,,,
,,,atual,,,,,,,,,,,,,,,,,,,,
,,,,,,,,,,,,,,,,,,,parecido,,,,
,,,,,,,,,,,,,,,,,,,,,puseram,,
,,,,,,,,,andou,,,,,,,,,,,,,,
,,,,,,irem,,,,,,,,,,,,,,,,,
,,,,,,,,,,,,,,,descerem,,,,,,,,
,,,,,,,,,,,,,,,,,,,parem,,,,
,,,,,,,,,,,,,,,,,jurem,,,,,,
,,,,,,,,,,,,,,,,curem,,,,,,,
,,,,,,,,,,abertas,,,,,,,,,,,,,
,,,,,,,,,,,,,,,,certas,,,,,,,
,,,,,,,,,abre,,,,,,,,,,,,,,
,,,,,,,,,,,,,,,,cobre,,,,,,,
,,,,,,,darem,,,,,,,,,,,,,,,,
,,,,,,,,,avisem,,,,,,,,,,,,,,
,,,,,,,,,,,crerem,,,,,,,,,,,,
,,,,,,,derem,,,,,,,,,,,,,,,,
,,,,,,,,,,,,,,verem,,,,,,,,,
,beberem,,,,,,,,,,,,,,,,,,,,,,
fora,,,,,,,,,,,,,,,,,,,,,,,
,,,,,,,,,,,,,,vinho,,,,,,,,,
,,,,,,,,,,,,,,,,caminho,,,,,,,
,,,,,,,,,,,,,,viram,,,,,,,,,
,,,,,,,,abriram,,,,,,,,,,,,,,,
,,,,,,,,,,,,,,,,,,,,,punham,,
,,,,,,,,,,,,,,vinham,,,,,,,,,
,,,,,,,,,,,,,,,,cante,,,,,,,
,,,,,,,diante,,,,,,,,,,,,,,,,
,,,,,,,,,adiante,,,,,,,,,,,,,,
,,,,,,,,,,,,,,,,,,,parou,,,,
,,,,,,,,,,,,,,,,cima,,,,,,,
,,,,,,,,,acima,,,,,,,,,,,,,,
,,,,,,,,,agar,,,,,,,,,,,,,,
,,,,,,,,,,,,,,,,,,,pagar,,,,
ficaram,,,,,,,,,,,,,,,,,,,,,,,
,,,,,,,,,alegres,,,,,,,,,,,,,,
,,,,,,,,,,,,,,,,,,,pazes,,,,
felizes,,,,,,,,,,,,,,,,,,,,,,,
,,,,,,,,,,,,,,,,,,,pararam,,,,
,,,,,,,,,,,,,,,,casa,,,,,,,
,,,,,,,,,,abriram,,,,,,,,,,,,,
,,,,,,,,,abriram,,,,,,,,,,,,,,
,,,,,,,,,,,,,,,,cofres,,,,,,,
,,,,,,,dentes,,,,,,,,,,,,,,,,
,,,,,barro,,,,,,,,,,,,,,,,,,
,,,,,,,,,,,,,,,,,,,,,puro,,
,,,,,,,,,,,,,,,,,,,paro,,,,
,,,,,,,duro,,,,,,,,,,,,,,,,
,,,,,,,,,,,,,,,,curo,,,,,,,
,,,,,,,,,,,,,,,,,juro,,,,,,
,,,,,,incenso,,,,,,,,,,,,,,,,,
,,,,,,,,,avisou,,,,,,,,,,,,,,
,,,,,,,,,,,,,,,,calar,,,,,,,
falar,,,,,,,,,,,,,,,,,,,,,,,
,,,,,,,,,,,,,,,,,,,pague,,,,
,,,,,,,,,aja,,,,,,,,,,,,,,
,,,,,,,,,,,,,,,,cuja,,,,,,,
fuja,,,,,,,,,,,,,,,,,,,,,,,
fiquem,,,,,,,,,,,,,,,,,,,,,,,
,,,,,,,,,avisar,,,,,,,,,,,,,,
,,,,,,,,,,,,,,,,,jurando,,,,,,
,,,,,,,,,,,,,,,,curando,,,,,,,
,,,,,,,,,,,,,,,,cantou,,,,,,,
,,,,,,,,,,,,,noite,,,,,,,,,,
,,,,,,,,,,,,,,,,,,,pagou,,,,
,,,,,,,,,,,,,negou,,,,,,,,,,
,,,,,,,,,,,,,,,,cegou,,,,,,,
fugiu,,,,,,,,,,,,,,,,,,,,,,,
,,,,,,,,,arte,,,,,,,,,,,,,,
,,,,,,,,,,,,,,,,,,,parte,,,,
forte,,,,,,,,,,,,,,,,,,,,,,,
,,,,,,,,,,,,,,,,corte,,,,,,,
,,,,,,,,,,,,,norte,,,,,,,,,,
,,,,,,,,,amei,,,,,,,,,,,,,,
,,,,,,,,,,,,,,,,chamei,,,,,,,
,,,,,,,,,,,,,,viam,,,,,,,,,
,,,,,,,,,,,criam,,,,,,,,,,,,
,,,,,,,,,,,,,,viva,,,,,,,,,
,,,,,,,duas,,,,,,,,,,,,,,,,
,,,,,,,,,,,,,,,,,,,panos,,,,
,,,,,,,,,anos,,,,,,,,,,,,,,
,,,,,,,,,acordo,,,,,,,,,,,,,,
,,,,,,,,,ação,,,,,,,,,,,,,,
,,,,,,,,,,,,,nação,,,,,,,,,,
,,,,,,,,,,abriu,,,,,,,,,,,,,
,,,,,,,,,,,,,,,,cumpriu,,,,,,,
,,,,,,,,,,,,,,,,choro,,,,,,,
,,,,,,,,,,,,,,,,,,,pago,,,,
,,,,,,,,,amargo,,,,,,,,,,,,,,
filhos,,,,,,,,,,,,,,,,,,,,,,,
,,,,,,,,,,,,,nada,,,,,,,,,,
,,,,,,,dada,,,,,,,,,,,,,,,,
,,,,,,,,,,,,,,,,cada,,,,,,,
,,,,,,,,,atos,,,,,,,,,,,,,,
,,,,,,,,,,,,,,,,creu,,,,,,,
,,,,,,,,,,,,,,,,correu,,,,,,,
,,,,,,,,,,,,,,volte,,,,,,,,,
,boas,,,,,,,,,,,,,,,,,,,,,,
,,,,,,,,,,,,,,,,criam,,,,,,,
,,,,,,iriam,,,,,,,,,,,,,,,,,
feriam,,,,,,,,,,,,,,,,,,,,,,,
,,,,,,,,,,,,,,,,creram,,,,,,,
,,,,,,,,,,,,,,voltou,,,,,,,,,
,,,,,,,,,,,crendo,,,,,,,,,,,,
,,,,,,,,,,,,,,vendo,,,,,,,,,
,,,,,,,,,,,,,,,,,,,parar,,,,
,,,,,,,,,arar,,,,,,,,,,,,,,
,,,,,,,,,,,,,numa,,,,,,,,,,
,,,,,,,,,amada,,,,,,,,,,,,,,
,,,,,,,,,,,,,,,,chamada,,,,,,,
,,,,,,,,,,,,,nazaré,,,,,,,,,,
,,,,,,,,,aquele,,,,,,,,,,,,,,
,,,,,,,daquele,,,,,,,,,,,,,,,,
,,,,,,,,,,,,,naquele,,,,,,,,,,
,batista,,,,,,,,,,,,,,,,,,,,,,
,,,,,,,,,,,,,,,,,,,parto,,,,
,,,,,,,,,,,,,,,,certo,,,,,,,
,,,,,,,,,,aberto,,,,,,,,,,,,,
,,,,,,,deserto,,,,,,,,,,,,,,,,
,,,,,,,,,,,,,,,,começou,,,,,,,
,,,,,,,,,,,,,negar,,,,,,,,,,
,,,,,,,dizendo,,,,,,,,,,,,,,,,
,,,,,,,,,andam,,,,,,,,,,,,,,
,,,,,,,,,,,,,,vendam,,,,,,,,,
,,,,,,,,,,,,,,véu,,,,,,,,,
,,,,,,,,,,,,,,,,céu,,,,,,,
,,,,,,,,,alguém,,,,,,,,,,,,,,
,,,,,,,,,,,,,,,,citando,,,,,,,
,,,,,,,,,,,,,,,,,,,passar,,,,
,,,,,,,,,abram,,,,,,,,,,,,,,
,,,,,,,dadas,,,,,,,,,,,,,,,,
feita,,,,,,,,,,,,,,,,,,,,,,,
,,,,,,,,,,,,,,,,camelo,,,,,,,
,,,,,,,,,,,,,,,,cinto,,,,,,,
,,,,,,,,,,,,,,,,couro,,,,,,,
,,,,,,,,,,,,,,,,comia,,,,,,,
,,,,,,,,,,,,,,votos,,,,,,,,,
fores,,,,,,,,,,,,,,,,,,,,,,,
,,,,,,,dores,,,,,,,,,,,,,,,,
,,,,,,,,,alta,,,,,,,,,,,,,,
,,,,,,,,,,,,,,volta,,,,,,,,,
,,,,,,,,,adão,,,,,,,,,,,,,,
,,,,,,,,,,,,,,,,,jordão,,,,,,
,,,,,,,,,,,,,,,,,,,passavam,,,,
,,,,,,,,,,,,,ninhada,,,,,,,,,,
,,,,,,,,,,,,,,,,,,,,,puras,,
,,,,,,,,,,,,,,,,cobras,,,,,,,
,,,,,,,,,asas,,,,,,,,,,,,,,
,,,,,,,,,,,,,,vocês,,,,,,,,,
farão,,,,,,,,,,,,,,,,,,,,,,,
,,,,,,,darão,,,,,,,,,,,,,,,,
,,,,,,,digo,,,,,,,,,,,,,,,,
,,,,,,,,,,,,,,,,castigo,,,,,,,
,,,,,,,,,andar,,,,,,,,,,,,,,
façam,,,,,,,,,,,,,,,,,,,,,,,
,,,,,,,,,,,,,,,,coisas,,,,,,,
,,,,,,,,,,,,,,,,,,,pagam,,,,
,,,,,,,digam,,,,,,,,,,,,,,,,
,,,,,,,,,,,,,nosso,,,,,,,,,,
,,,,,,,,,,,,,,,,,,,passado,,,,
,,,,,,,,,assado,,,,,,,,,,,,,,
,,,,,,,,,,,,,,,,,,,,antepassado,,,
,,,,,,,,,afirmo,,,,,,,,,,,,,,
,,,,,,,destas,,,,,,,,,,,,,,,,
,,,,,,,,,,,,,nestas,,,,,,,,,,
festas,,,,,,,,,,,,,,,,,,,,,,,
fazer,,,,,,,,,,,,,,,,,,,,,,,
,,,,,,,,,,,,,,,,,,,,,,,descendentes
,,,,,,,,,,,,,,,,,,,,,,prudentes,
,,,,,,,,,achado,,,,,,,,,,,,,,
,,,,,,,,,,,,,,,,cortar,,,,,,,
fiz,,,,,,,,,,,,,,,,,,,,,,,
,,,,,,,diz,,,,,,,,,,,,,,,,
frutas,,,,,,,,,,,,,,,,,,,,,,,
,,,,,,,,,,,,,,,,cortada,,,,,,,
,,,,,,,,,,,,,,,,,jogada,,,,,,
fogo,,,,,,,,,,,,,,,,,,,,,,,
,batizo,,,,,,,,,,,,,,,,,,,,,,
,,,,,,,,,,,,instante,,,,,,,,,,,
,,,,,,ilha,,,,,,,,,,,,,,,,,
,,,,,,,,,,,,,,,,,,,palha,,,,
,,,,,,,,,,,,,,valha,,,,,,,,,
falha,,,,,,,,,,,,,,,,,,,,,,,
,,,,,,,,,amará,,,,,,,,,,,,,,
,,,,,barca,,,,,,,,,,,,,,,,,,
,,,,,,,,,,,,,nunca,,,,,,,,,,
,,,,,,,,,,,,,,,,,,,paga,,,,
,,,,,,,,,apaga,,,,,,,,,,,,,,
,,,,,,,,,aqueles,,,,,,,,,,,,,,
,,,,,,,,,,,,,,vencê,,,,,,,,,
,,,,,,,,,,,,,,,,crendo,,,,,,,
,batize,,,,,,,,,,,,,,,,,,,,,,
,,,,,,,,,,,,,,,,,,,,,puxe,,
,,,,,,,deixe,,,,,,,,,,,,,,,,
feixe,,,,,,,,,,,,,,,,,,,,,,,
,,,,,,,,,,,,,,veja,,,,,,,,,
,,,,,,,,,agora,,,,,,,,,,,,,,
,,,,,,,,,,,,,,,,,,,passa,,,,
,,,,,,,,,,,,,nessa,,,,,,,,,,
,,,,,,,dessa,,,,,,,,,,,,,,,,
feira,,,,,,,,,,,,,,,,,,,,,,,
,beira,,,,,,,,,,,,,,,,,,,,,,
,,,,,,,,,,,,,,,,,,,paremos,,,,
,,,,,,,,,,,,,,,,cremos,,,,,,,
,,,,,,iremos,,,,,,,,,,,,,,,,,
faremos,,,,,,,,,,,,,,,,,,,,,,,
,,,,,,,,,,,,,,,,caiu,,,,,,,
,,,,,,,,,abriu,,,,,,,,,,,,,,
,,,,,,,descer,,,,,,,,,,,,,,,,
,,,,,,,,,,,crescer,,,,,,,,,,,,
,,,,,,,,,,,,,,voz,,,,,,,,,
ferido,,,,,,,,,,,,,,,,,,,,,,,
,,,,,,,,,alegria,,,,,,,,,,,,,,
,,,,,,,,,,,,,,,,cabo,,,,,,,
,,,,,,,diabo,,,,,,,,,,,,,,,,
,,,,,,,,,,,,,,,,,,,parenta,,,,
,,,,,,,,,,,,,noites,,,,,,,,,,
,,,,,,,,,,,,,,,,comer,,,,,,,
,,,,,,,,,,,,,,,,chegou,,,,,,,
,,,,,,,,,,,,,,virem,,,,,,,,,
,,,,,,,duras,,,,,,,,,,,,,,,,
,,,,,,,,,amam,,,,,,,,,,,,,,
,,,,,,,,,afirmam,,,,,,,,,,,,,,
,,,,,,,,,,,,,,vive,,,,,,,,,
,,,,,,,,,,,,,,,,cuida,,,,,,,
,,,,,,,,,,,,,,,,colocou,,,,,,,
,,,,,,,,,alto,,,,,,,,,,,,,,
,,,,,,,,,,,,,,,,,jogue,,,,,,
fui,,,,,,,,,,,,,,,,,,,,,,,
,,,,,,,,,aqui,,,,,,,,,,,,,,
,,,,,,,daqui,,,,,,,,,,,,,,,,
,,,,,,,,,andará,,,,,,,,,,,,,,
,,,,,,,,,anjos,,,,,,,,,,,,,,
,,,,,,,,,,,,,,,,cuidem,,,,,,,
,,,,,,,,,,,,,,,,curá,,,,,,,
,,,,,,,,,ajam,,,,,,,,,,,,,,
,,,,,,,,,,,,,,vejam,,,,,,,,,
feridos,,,,,,,,,,,,,,,,,,,,,,,
,,,,,,,dizem,,,,,,,,,,,,,,,,
,,,,,,,,,,,,,nova,,,,,,,,,,
fonte,,,,,,,,,,,,,,,,,,,,,,,
,,,,,,,,,,,,,,,,conte,,,,,,,
fundo,,,,,,,,,,,,,,,,,,,,,,,
,,,,,,irei,,,,,,,,,,,,,,,,,
,,,,,,,,,,,,,,,,,,,parei,,,,
farei,,,,,,,,,,,,,,,,,,,,,,,
,,,,,,,darei,,,,,,,,,,,,,,,,
,,,,,,,,,adorar,,,,,,,,,,,,,,
,,,,,,,dás,,,,,,,,,,,,,,,,
,,,,,,,,,anás,,,,,,,,,,,,,,
,,,,,,,,,adore,,,,,,,,,,,,,,
,,,,,,,,,,,,,naum,,,,,,,,,,
,,,,,,,,,ali,,,,,,,,,,,,,,
,,,,,,,dali,,,,,,,,,,,,,,,,
,,,,,,,,,,,,,naftali,,,,,,,,,,
,,,,,,,direção,,,,,,,,,,,,,,,,
,,,,,,,,,,,,,,,,,,,pagãos,,,,
,,,,,,,,,,,cruz,,,,,,,,,,,,
,,,,,,,,,,,,,,vivem,,,,,,,,,
,,,,,,,,,,,,,,,,,jura,,,,,,
,,,,,,,,,,,,,,,,cura,,,,,,,
,,,,,,,dura,,,,,,,,,,,,,,,,
,,,,,,,,,,,criar,,,,,,,,,,,,
,,,,,,,dizia,,,,,,,,,,,,,,,,
,,,,,,,,,andando,,,,,,,,,,,,,,
,,,,,,,,,andré,,,,,,,,,,,,,,
,,,,,,,,,,,,,,venham,,,,,,,,,
,,,,,,,,,amigo,,,,,,,,,,,,,,
,,,,,,,,,,,,,,,,comigo,,,,,,,
,,,,,,,,,arco,,,,,,,,,,,,,,
,barco,,,,,,,,,,,,,,,,,,,,,,
,,,,,,,,,,,,,,,,,junto,,,,,,
,boa,,,,,,,,,,,,,,,,,,,,,,
,,,,,,,,,,,,,notícia,,,,,,,,,,
,,,,,,,doenças,,,,,,,,,,,,,,,,
,,,,,,,,,aves,,,,,,,,,,,,,,
,,,,,,,,,,,,,,várias,,,,,,,,,
,,,,,,,,,,,,,,vales,,,,,,,,,
,,,,,barcos,,,,,,,,,,,,,,,,,,
fios,,,,,,,,,,,,,,,,,,,,,,,
,brava,,,,,,,,,,,,,,,,,,,,,,
,,,,,,,,,,,,,,,,,,,parava,,,,
,,,,,,,,,,,,,,,,curava,,,,,,,
ficam,,,,,,,,,,,,,,,,,,,,,,,
,,,,,,,deste,,,,,,,,,,,,,,,,
,,,,,,,,,,,,,neste,,,,,,,,,,
,,,,,,,,,,,,,,veste,,,,,,,,,
,,,,,,,,,aquelas,,,,,,,,,,,,,,
,,,,,,,,,,,,,,,,choram,,,,,,,
,,,,,,,,,,,,,,verão,,,,,,,,,
,,,,,,,,,,,crerão,,,,,,,,,,,,
,beberão,,,,,,,,,,,,,,,,,,,,,,
,,,,,,,,,,,,,,vêm,,,,,,,,,
,,,,,,,,,,,,,,vontade,,,,,,,,,
,,,,,,,deixará,,,,,,,,,,,,,,,,
feitas,,,,,,,,,,,,,,,,,,,,,,,
,,,,,,,,,,,,,,,,coração,,,,,,,
fazerem,,,,,,,,,,,,,,,,,,,,,,,
,,,,,,,,,,,,insultam,,,,,,,,,,,
,,,,,,,,,,,,,,,,,,,paguem,,,,
,,,,,,,,,,,,,neguem,,,,,,,,,,
,,,,,,,,,,,,,,,,,júnia,,,,,,
,,,,,,,,,,,,,,,,calúnia,,,,,,,
,,,,,,,,,,,,,,,,contra,,,,,,,
,,,,,,,,,,,,,,viveram,,,,,,,,,
,,,,,,,,,,,,,,verde,,,,,,,,,
,,,,,,,deixa,,,,,,,,,,,,,,,,
,,,,,,,,,,,,,,,,,jogado,,,,,,
,,,,,,,,,,,,,,,,,,,passam,,,,
,,,,,,,,,,,,,,vende,,,,,,,,,
,,,atende,,,,,,,,,,,,,,,,,,,,
,,,,,,,,,acende,,,,,,,,,,,,,,
,,,,,,,,,ana,,,,,,,,,,,,,,
,,,,,,,,,,,,,,,,colocá,,,,,,,
,,,,,,,,,,abaixo,,,,,,,,,,,,,
,baixo,,,,,,,,,,,,,,,,,,,,,,
,,,,,,,,,abaixo,,,,,,,,,,,,,,
,,,,,,,debaixo,,,,,,,,,,,,,,,,
,,,,,,,,,,,,,,,,cesto,,,,,,,
festo,,,,,,,,,,,,,,,,,,,,,,,
frio,,,,,,,,,,,,,,,,,,,,,,,
,,,,,,ilumine,,,,,,,,,,,,,,,,,
,brilhar,,,,,,,,,,,,,,,,,,,,,,
fazem,,,,,,,,,,,,,,,,,,,,,,,
,,,,,,,,,,,,,nuvem,,,,,,,,,,
,,,,,,,,,acabar,,,,,,,,,,,,,,
,,,,,,,,,,,,,,ventos,,,,,,,,,
,,,,,,,,,,,,,,verdade,,,,,,,,,
,,,,,,,durarem,,,,,,,,,,,,,,,,
,,,,,,,,,,,,,,,,curarem,,,,,,,
,,,,,,irado,,,,,,,,,,,,,,,,,
,,,,,,,,,,,,,,virado,,,,,,,,,
,,,atirado,,,,,,,,,,,,,,,,,,,,
,,,,,,,,,acento,,,,,,,,,,,,,,
forem,,,,,,,,,,,,,,,,,,,,,,,
fiéis,,,,,,,,,,,,,,,,,,,,,,,
,bate,,,,,,,,,,,,,,,,,,,,,,
,,,,,,,,,,,,,,,,,julgado,,,,,,
ficar,,,,,,,,,,,,,,,,,,,,,,,
,,,,,,irmão,,,,,,,,,,,,,,,,,
,,,,,,,,,aser,,,,,,,,,,,,,,
,,,,,,,,,,,,,,,,,,,,,puser,,
,,,,,,,disser,,,,,,,,,,,,,,,,
fale,,,,,,,,,,,,,,,,,,,,,,,
,,,,,,,,,,,,,,vale,,,,,,,,,
,,,,,,,,,,,,,,,,cale,,,,,,,
,,,,,,,,,,,,,,,,chamar,,,,,,,
,,,,,,idiota,,,,,,,,,,,,,,,,,
,,,,,,inferno,,,,,,,,,,,,,,,,,
,,,,,,,,,,,,,,viver,,,,,,,,,
,,,,,,,,,altar,,,,,,,,,,,,,,
,,,,,,,,,,,,,,,,certa,,,,,,,
,,,,,,,,,,aberta,,,,,,,,,,,,,
,,,,,,,,,alguma,,,,,,,,,,,,,,
frente,,,,,,,,,,,,,,,,,,,,,,,
,,,,,,,,,,,,,,,,,,,parente,,,,
,,,,,,,,,,,,,,,,,,,pareça,,,,
,,,,,,,,,anda,,,,,,,,,,,,,,
,,,,,,,,,ainda,,,,,,,,,,,,,,
,,,,,,,,,,,,,,vinda,,,,,,,,,
,,,,,,,,,,,,,,,,,juiz,,,,,,
,,,,,,,,,,,,,,,,,,,pagará,,,,
,,,,,,,,,,,,,negará,,,,,,,,,,
,,,,,,,,,,,,,,,,ceia,,,,,,,
,,,,,,,,,,,creia,,,,,,,,,,,,
,,,,,,,,,,,,,,,,cadeia,,,,,,,
,,,,,,,,,,,,insulta,,,,,,,,,,,
,,,,,,,,,,,,,,,,cometa,,,,,,,
,,,,,,,desejar,,,,,,,,,,,,,,,,
,,,,,,,,,,,,,,,,cometeu,,,,,,,
,,,,,,,,,,,,,,,,corpo,,,,,,,
,,,,,,inteiro,,,,,,,,,,,,,,,,,
,,,,,,,,,atirado,,,,,,,,,,,,,,
,,,,,,,direita,,,,,,,,,,,,,,,,
,,,,,,,deverá,,,,,,,,,,,,,,,,
,,,,,,,,,,,,,,,,,jumento,,,,,,
,,,,,,,,,,,,,,vaso,,,,,,,,,
,,,,,,,,,,,,,,,,caso,,,,,,,
,,,,,,,,,,,,,,,,culpado,,,,,,,
febre,,,,,,,,,,,,,,,,,,,,,,,
,,,,,,,,,,,,,,,,cumpra,,,,,,,
,,,,,,,,,,,,,,,,,jurou,,,,,,
,,,,,,,,,,,,,,,,curou,,,,,,,
furou,,,,,,,,,,,,,,,,,,,,,,,
,,,,,,,durou,,,,,,,,,,,,,,,,
,,,,,,,dono,,,,,,,,,,,,,,,,
,,,,,,,,,,,,,,,,cabeça,,,,,,,
,,,,,,,,,,,,,,,,cabelos,,,,,,,
fique,,,,,,,,,,,,,,,,,,,,,,,
,banco,,,,,,,,,,,,,,,,,,,,,,
,branco,,,,,,,,,,,,,,,,,,,,,,
,,,,,,,,,,,,,,,,coisa,,,,,,,
,,,,,,,,,,,,,,,,,,,,,puserem,,
,,,,,,,digno,,,,,,,,,,,,,,,,
,,,,,,,,,,,,,,vinguem,,,,,,,,,
,,,,,,,,,,,,,,,,capa,,,,,,,
,,,,,,,,,,,,,,vire,,,,,,,,,
,bater,,,,,,,,,,,,,,,,,,,,,,
fica,,,,,,,,,,,,,,,,,,,,,,,
forçá,,,,,,,,,,,,,,,,,,,,,,,
,,,,,,,,,,,,,,,,carga,,,,,,,
,,,,,,,,,,,,,,,,,,,pagos,,,,
figos,,,,,,,,,,,,,,,,,,,,,,,
,,,,,,,,,amigos,,,,,,,,,,,,,,
,,,,,,,,,,,crie,,,,,,,,,,,,
,brilhe,,,,,,,,,,,,,,,,,,,,,,
,bons,,,,,,,,,,,,,,,,,,,,,,
,,,,,,,dons,,,,,,,,,,,,,,,,
,,,,,,,,,,,,,,,,chuvas,,,,,,,
falam,,,,,,,,,,,,,,,,,,,,,,,
fazendo,,,,,,,,,,,,,,,,,,,,,,,
feitos,,,,,,,,,,,,,,,,,,,,,,,
,,,,,,,,,amor,,,,,,,,,,,,,,
,,,,,,,,,,,,,,,,cuidado,,,,,,,
ficarem,,,,,,,,,,,,,,,,,,,,,,,
,,,,,,,deveres,,,,,,,,,,,,,,,,
fico,,,,,,,,,,,,,,,,,,,,,,,
,,,,,,,,,,,,,,vistos,,,,,,,,,
,,,,,,,,,agirem,,,,,,,,,,,,,,
,,,,,,,,,,,,,nenhuma,,,,,,,,,,
,,,,,,,,,,,criados,,,,,,,,,,,,
,beberam,,,,,,,,,,,,,,,,,,,,,,
,,,,,,,,,ajudar,,,,,,,,,,,,,,
faça,,,,,,,,,,,,,,,,,,,,,,,
finas,,,,,,,,,,,,,,,,,,,,,,,
,,,,,,,,,ache,,,,,,,,,,,,,,
feche,,,,,,,,,,,,,,,,,,,,,,,
,,,,,,,,,,,,,,,,corta,,,,,,,
,,,,,,,,,,,,,,vindo,,,,,,,,,
,,,,,,,,,,,,,,vidas,,,,,,,,,
,,,,,,,,,,,,,,vamos,,,,,,,,,
,,,,,,,damos,,,,,,,,,,,,,,,,
,,,,,,,,,,,,,nossas,,,,,,,,,,
feixes,,,,,,,,,,,,,,,,,,,,,,,
,,,,,,,deixes,,,,,,,,,,,,,,,,
,,,,,,,,,amém,,,,,,,,,,,,,,
,,,,,,,,,,,,,,,,,,,,,puderem,,
,,,,,,,,,,,,,,,,,,jejuarem,,,,,
,,,,,,,,,,,,insiste,,,,,,,,,,,
,,,,,,,,,,,,,,,,,,jejuando,,,,,
,,,,,,,,,,,,,,,,,,jejuar,,,,,
,,,,,,,,,,,,,,,,,jejuar,,,,,,
,,,,,,,,,,,,,,,,cabelo,,,,,,,
,,,,,,,,,,,,,,,,,juntem,,,,,,
,,,,,,,,,ajuntem,,,,,,,,,,,,,,
,,,,,,,destruí,,,,,,,,,,,,,,,,
,,,,,,,,,,,,,,viverem,,,,,,,,,
,,,,,,,,,,,,,,,,cheio,,,,,,,
,,,atirar,,,,,,,,,,,,,,,,,,,,
,,,,,,,,,,,,,,virar,,,,,,,,,
,,,,,,,donos,,,,,,,,,,,,,,,,
ferir,,,,,,,,,,,,,,,,,,,,,,,
,,,,,,,,,,,,,,,,cheiro,,,,,,,
,,,,,,,,,,,,,,,,comida,,,,,,,
,bebida,,,,,,,,,,,,,,,,,,,,,,
,,,,,,,,,,,,,,vestir,,,,,,,,,
final,,,,,,,,,,,,,,,,,,,,,,,
,,,,,,,,,afinal,,,,,,,,,,,,,,
,,,,,,,,,,,,,ninhos,,,,,,,,,,
,,,,,,,,,,,,,,,,coam,,,,,,,
,,,,,,,,,,,,,,voam,,,,,,,,,
,,,,,,,,,,,creiam,,,,,,,,,,,,
,,,,,,,,,,,,,,,,colhem,,,,,,,
falem,,,,,,,,,,,,,,,,,,,,,,,
,,,,,,,,,,,,,,,,calem,,,,,,,
,,,,,,,,,,,,,,valem,,,,,,,,,
,,,,,,,,,,,crescem,,,,,,,,,,,,
,,,,,,,,,,,,,,,,crescem,,,,,,,
flores,,,,,,,,,,,,,,,,,,,,,,,
,,,,,,,,,,,,,,,,campo,,,,,,,
,,,,,,,,,amas,,,,,,,,,,,,,,
,bonitas,,,,,,,,,,,,,,,,,,,,,,
flor,,,,,,,,,,,,,,,,,,,,,,,
,,,,,,,,,amanhã,,,,,,,,,,,,,,
,,,,,,,,,,,,,,,,,,,parece,,,,
,,,,,,,,,aparece,,,,,,,,,,,,,,
forno,,,,,,,,,,,,,,,,,,,,,,,
,,,,,,,,,,,,,,,,caro,,,,,,,
,,,,,,,,,,,,,,,,claro,,,,,,,
,,,,,,,,,,,,,,vestirá,,,,,,,,,
,,,,,,,,,aquilo,,,,,,,,,,,,,,
,bastam,,,,,,,,,,,,,,,,,,,,,,
,,,,,,,,,,,,,,,,,julguem,,,,,,
,,,,,,,,,,,,,,,,,julgará,,,,,,
,,,,,,,,,,,,,,,,cisco,,,,,,,
,,,,,,,dêem,,,,,,,,,,,,,,,,
,,,,,,,,,,,crêem,,,,,,,,,,,,
,,,,,,,,,,,,,,vêem,,,,,,,,,
,,,,,,,,,,,,,,virarão,,,,,,,,,
,,,atacarão,,,,,,,,,,,,,,,,,,,,
,,,,,,,,,,,,,,,,,joguem,,,,,,
,,,,,,,,,acharão,,,,,,,,,,,,,,
,batam,,,,,,,,,,,,,,,,,,,,,,
,,,,,,,,,aberta,,,,,,,,,,,,,,
,bebem,,,,,,,,,,,,,,,,,,,,,,
,,,,,,,duram,,,,,,,,,,,,,,,,
,,,,,,,,,acham,,,,,,,,,,,,,,
,,,,,,,,,acaso,,,,,,,,,,,,,,
,,,,,,,,,algum,,,,,,,,,,,,,,
,,,,,,,,,,,,,,,,capaz,,,,,,,
,,,,,,,,,abra,,,,,,,,,,,,,,
,,,,,,,dobra,,,,,,,,,,,,,,,,
,,,,,,,,,,,,,,,,cobra,,,,,,,
fácil,,,,,,,,,,,,,,,,,,,,,,,
,,,,,,,difícil,,,,,,,,,,,,,,,,
falsos,,,,,,,,,,,,,,,,,,,,,,,
,,,,,,,,,,,,,,,,chegam,,,,,,,
,,,,,,ilhas,,,,,,,,,,,,,,,,,
,,,,,,,,,,,,,,velhas,,,,,,,,,
,,,,,,,dentro,,,,,,,,,,,,,,,,
,,,,,,,diga,,,,,,,,,,,,,,,,
,,,,,,,,,,,,,nesta,,,,,,,,,,
festa,,,,,,,,,,,,,,,,,,,,,,,
,,,,,,,desta,,,,,,,,,,,,,,,,
fins,,,,,,,,,,,,,,,,,,,,,,,
fama,,,,,,,,,,,,,,,,,,,,,,,
,,,,,,,,,,,,,,,,cama,,,,,,,
,,,,,,,,,,,,,,,,chama,,,,,,,
,,,,,,,,,,,,,,,,chegar,,,,,,,
fizemos,,,,,,,,,,,,,,,,,,,,,,,
,,,,,,,dizemos,,,,,,,,,,,,,,,,
,,,,,,,direi,,,,,,,,,,,,,,,,
,,,,,,,,,,,,,,virei,,,,,,,,,
,,,,,,,,,,,,,,,,conheci,,,,,,,
,,,,,,,,,afastem,,,,,,,,,,,,,,
,,,,,,,,,acha,,,,,,,,,,,,,,
,,,,,,,,,,,,,,,,chuva,,,,,,,
força,,,,,,,,,,,,,,,,,,,,,,,
,,,,,,,,,aquela,,,,,,,,,,,,,,
,,,,,,,,,,,,,,,,,juízo,,,,,,
,,,,,,,,,,,,,,,,creia,,,,,,,
,,,,,,,,,areia,,,,,,,,,,,,,,
,,,,,,,,,acabou,,,,,,,,,,,,,,
,,,,,,,,,,,cresceu,,,,,,,,,,,,
,,,,,,,desceu,,,,,,,,,,,,,,,,
,,,,,,,durar,,,,,,,,,,,,,,,,
,,,,,,,,,,,,,,,,,jurar,,,,,,
,,,,,,,,,,,,,,,,curar,,,,,,,
,,,,,,,,,,,,,,vendeu,,,,,,,,,
,,,,,,,,,,,,,,,,curado,,,,,,,
,,,,,,,,,,,,,,,,,jurado,,,,,,
,bote,,,,,,,,,,,,,,,,,,,,,,
,,,,,,,,,,,,,,,,curasse,,,,,,,
,,,,,,,doente,,,,,,,,,,,,,,,,
,,,,,,,demais,,,,,,,,,,,,,,,,
,,,,,,,,,,,,,,venho,,,,,,,,,
,,,,,,,deviam,,,,,,,,,,,,,,,,
,,,,,,,,,,,,,,,,,jogadas,,,,,,
,,,,,,,,,,,,,,,,chorar,,,,,,,
,,,,,,,,,,,,,,,,crê,,,,,,,
,,,,,,,,,,,,,,,,cuidar,,,,,,,
,,,atenas,,,,,,,,,,,,,,,,,,,,
,,,,,,,,,apenas,,,,,,,,,,,,,,
,,,,,,,,,,,,,,,,,,,palavra,,,,
,,,,,,,doentes,,,,,,,,,,,,,,,,
,,,,,,,,,aonde,,,,,,,,,,,,,,
,,,,,,,,,,,,,novas,,,,,,,,,,
,,,,,,,,,,,,,,,,covas,,,,,,,
,,,,,,,,,,,,,,,,caros,,,,,,,
,,,,,,,ditou,,,,,,,,,,,,,,,,
,,,,,,,,,agitou,,,,,,,,,,,,,,
,,,,,,,,,abrir,,,,,,,,,,,,,,
,,,,,,,,,,,,,,,,cobrir,,,,,,,
,,,,,,,,,,,,,,,,corro,,,,,,,
,,,,,,,,,,,,,,,,crer,,,,,,,
,,,,,,,,,,,,,,,,correr,,,,,,,
,,,,,,,,,,,,,,,,,,,,,pulou,,
,,,,,,,,,,abalou,,,,,,,,,,,,,
falou,,,,,,,,,,,,,,,,,,,,,,,
,,,,,,,,,,,,,,,,,,,palmo,,,,
,,,,,,,,,,,,,,,,calmo,,,,,,,
,,,,,,,,,,,,,,,,,,,parados,,,,
,,,,,,,,,,,,,,,,comendo,,,,,,,
,,,,,,,,,,,,,,viraram,,,,,,,,,
,,,atiraram,,,,,,,,,,,,,,,,,,,,
,,,,,,,,,,,,,,,,,jogaram,,,,,,
,,,,,,,,,amavam,,,,,,,,,,,,,,
,,,,,,,,,,,,,,,,conta,,,,,,,
,,,,,,,,,agiram,,,,,,,,,,,,,,
fugiram,,,,,,,,,,,,,,,,,,,,,,,
,,,,,,,daquela,,,,,,,,,,,,,,,,
,,,,,,,,,,,,,naquela,,,,,,,,,,
,,,,,,,,,,,,,,,,caíram,,,,,,,
fosse,,,,,,,,,,,,,,,,,,,,,,,
,,,,,,,,,algumas,,,,,,,,,,,,,,
,,,,,,,,,,,,,,,,citado,,,,,,,
,,,,,,,ditado,,,,,,,,,,,,,,,,
,,,,,,,deitado,,,,,,,,,,,,,,,,
,,,,,,,,,,,,,,,,coragem,,,,,,,
,,,,,,,,,amando,,,,,,,,,,,,,,
,,,,,,,,,,,,,,voar,,,,,,,,,
,,,,,,,,,ateus,,,,,,,,,,,,,,
,,,,,,,,,,,,,,,,,junta,,,,,,
,,,,,,,,,,,,,,vender,,,,,,,,,
,,,atender,,,,,,,,,,,,,,,,,,,,
,,,,,,,,,atender,,,,,,,,,,,,,,
,,,,,,,,,acho,,,,,,,,,,,,,,
,,,,,,idosas,,,,,,,,,,,,,,,,,
,,,,,,,,,,,,,,,,,,,pareçam,,,,
,,,,,,,,,,,,,,vícios,,,,,,,,,
,,,,,,,,,animais,,,,,,,,,,,,,,
,,,,,,,,,,,,,,,,,,jejuamos,,,,,
,,,,,,,,,,,,,,vezes,,,,,,,,,
,,,,,,,,,,,,,,,,,,jejuam,,,,,
,,,,,,,,,,,,,,,,,jejuam,,,,,,
,,,,,,,,,,,,,,vivo,,,,,,,,,
,,,,,,,,,,,,,noivo,,,,,,,,,,
,,,,,,,,,,,,,,,,chegará,,,,,,,
,,,,,,,,,,,,,,velha,,,,,,,,,
,,,,,,,,,,,,,,,,colhe,,,,,,,
fraco,,,,,,,,,,,,,,,,,,,,,,,
,buraco,,,,,,,,,,,,,,,,,,,,,,
,,,,,,,,,,,,,,velhos,,,,,,,,,
,,,,,,,,,,,,,novos,,,,,,,,,,
,,,,,,,,,,,,,,,,,,,,,pulando,,
falando,,,,,,,,,,,,,,,,,,,,,,,
,,,,,,,,,,,,,,,,chefe,,,,,,,
filha,,,,,,,,,,,,,,,,,,,,,,,
,,,,,,,doze,,,,,,,,,,,,,,,,
,,,,,,,,,agia,,,,,,,,,,,,,,
,,,atrás,,,,,,,,,,,,,,,,,,,,
,barra,,,,,,,,,,,,,,,,,,,,,,
ficarei,,,,,,,,,,,,,,,,,,,,,,,
,,,,,,,,,,,,,,,,curada,,,,,,,
,,,,,,,,,,,,,,virou,,,,,,,,,
,,,atirou,,,,,,,,,,,,,,,,,,,,
ferro,,,,,,,,,,,,,,,,,,,,,,,
,,,,,,,,,,,,,,,,caiam,,,,,,,
,,,,,,,,,,,,,,,,caçoar,,,,,,,
,,,,,,,,,,,,,,,,cegos,,,,,,,
,,,,,,,,,,,,,,,,crêem,,,,,,,
,,,,,,,,,,,,,,,,curados,,,,,,,
,,,,,,,,,,,,,,,,contem,,,,,,,
,,,,,,,demônio,,,,,,,,,,,,,,,,
,,,,,,,diziam,,,,,,,,,,,,,,,,
,,,,,,,,,andava,,,,,,,,,,,,,,
,,,,,,,,,aflitos,,,,,,,,,,,,,,
,,,,,,,,,,,,,,,,,,,pastor,,,,
,,,,,,,,,,,,,,,,castor,,,,,,,
,,,,,,,,,,,,,nomes,,,,,,,,,,
filipe,,,,,,,,,,,,,,,,,,,,,,,
,,,,,,,,,,,,,,,,comeu,,,,,,,
,,,,,,,,,alfeu,,,,,,,,,,,,,,
,,,,,,,,,,,criou,,,,,,,,,,,,
,,,,,,,,,,,,,,,,cobrar,,,,,,,
,,,,,,,devem,,,,,,,,,,,,,,,,
,,,,,,,,,,,,,,viagem,,,,,,,,,
fala,,,,,,,,,,,,,,,,,,,,,,,
,bengala,,,,,,,,,,,,,,,,,,,,,,
,,,,,,,,,apoiar,,,,,,,,,,,,,,
,,,,,,,,,,,,,,,,coma,,,,,,,
,,,,,,,,,,,,,,,,corra,,,,,,,
,,,,,,,,,,abertos,,,,,,,,,,,,,
,,,,,,,,,,,,,,,,certos,,,,,,,
falarão,,,,,,,,,,,,,,,,,,,,,,,
,,,,,,,,,,,,,,velho,,,,,,,,,
,,,,,,,deverão,,,,,,,,,,,,,,,,
,,,,,,,,,,,,,,,,,,,palavras,,,,
,,,,,,,dirão,,,,,,,,,,,,,,,,
,,,,,,,,,,,,,,virão,,,,,,,,,
,,,,,,,,,,,,,,,,,,,pagarão,,,,
,,,,,,,,,,,,,negarão,,,,,,,,,,
frios,,,,,,,,,,,,,,,,,,,,,,,
ficarão,,,,,,,,,,,,,,,,,,,,,,,
firme,,,,,,,,,,,,,,,,,,,,,,,
fujam,,,,,,,,,,,,,,,,,,,,,,,
,,,,,,,,,aluno,,,,,,,,,,,,,,
,,,,,,,,,,,,,,,,,,,patrão,,,,
família,,,,,,,,,,,,,,,,,,,,,,,
,belzebu,,,,,,,,,,,,,,,,,,,,,,
,,,,,,,,,aberto,,,,,,,,,,,,,,
,,,,,,,,,,,,,,,,coberto,,,,,,,
,,,,,,,,,alma,,,,,,,,,,,,,,
,,,,,,,,,,,,instruir,,,,,,,,,,,
,,,,,,,,,,,,,,,,chão,,,,,,,
fixar,,,,,,,,,,,,,,,,,,,,,,,
,,,,,,,deixar,,,,,,,,,,,,,,,,
,,,,,,,,,armar,,,,,,,,,,,,,,
,,,,,,,,,afirmar,,,,,,,,,,,,,,
,,,,,,,,,,,,,,vence,,,,,,,,,
,,,,,,,,,amarei,,,,,,,,,,,,,,
,,,,,,,,,armarei,,,,,,,,,,,,,,
filhas,,,,,,,,,,,,,,,,,,,,,,,
,,,,,,,,,,,,,noras,,,,,,,,,,
,,,,,,,,,,,,,,,,,,,parentes,,,,
,,,,,,,,,,,,,nesses,,,,,,,,,,
,,,,,,,desses,,,,,,,,,,,,,,,,
febe,,,,,,,,,,,,,,,,,,,,,,,
,bebe,,,,,,,,,,,,,,,,,,,,,,
,bebendo,,,,,,,,,,,,,,,,,,,,,,
,,,,,,,,,,,,,,,,copo,,,,,,,
ficavam,,,,,,,,,,,,,,,,,,,,,,,
fossem,,,,,,,,,,,,,,,,,,,,,,,
,,,,,,,,,,,,,,,,,juntar,,,,,,
,,,,,,,devemos,,,,,,,,,,,,,,,,
,,,,,,,,,,,,,,voltem,,,,,,,,,
,,,,,,,,,,,,,,,,coxos,,,,,,,
,,,,,,,ditados,,,,,,,,,,,,,,,,
,,,,,,,,,,,,,,,,caniço,,,,,,,
,,,,,,,,,,,,,,vestido,,,,,,,,,
,,,,,,,,,,,,,,vestem,,,,,,,,,
,,,,,,,,,,,,,,,,,,,palácios,,,,
,,,,,,,,,,,,,,,,,,,paravam,,,,
,,,atacado,,,,,,,,,,,,,,,,,,,,
,,,,,,,,,atacado,,,,,,,,,,,,,,
falaram,,,,,,,,,,,,,,,,,,,,,,,
,,,,,,,,,,,crianças,,,,,,,,,,,,
,,,,,,,,,,,,,,,,,,jejua,,,,,
,,,,,,,,,,,,,,,,,jejua,,,,,,
,,,,,,,,,,,,,,,,comilão,,,,,,,
,,,,,,,,,acusar,,,,,,,,,,,,,,
,,,atendido,,,,,,,,,,,,,,,,,,,,
,,,,,,,,,,,,,,vendido,,,,,,,,,
,,,,,,,,,,,,,,,,corazim,,,,,,,
,,,,,,,dessem,,,,,,,,,,,,,,,,
,,,,,,,,,,,cressem,,,,,,,,,,,,
,,,,,,,,,,,,,,,,cinzas,,,,,,,
,,,,,,,,,,,,,,viria,,,,,,,,,
,,,,,,,,,,,,instrução,,,,,,,,,,,
,,,,,,,,,,,,,,,,cargas,,,,,,,
,bondoso,,,,,,,,,,,,,,,,,,,,,,
fáceis,,,,,,,,,,,,,,,,,,,,,,,
,,,,,,,,,,,,,,,,,,,passando,,,,
,,,,,,,,,,,,,,,,colher,,,,,,,
,,,,,,,,,,,,,nossa,,,,,,,,,,
fariam,,,,,,,,,,,,,,,,,,,,,,,
,,,,,,,,,,,,,,,,culpa,,,,,,,
,,,,,,,,,,,,,,,,,joga,,,,,,
,,,,,,,,,,,,,,,,cair,,,,,,,
,,,,,,,,,,,,,,venda,,,,,,,,,
,,,,,,igual,,,,,,,,,,,,,,,,,
,,,,,,,,,apagará,,,,,,,,,,,,,,
,,,ataca,,,,,,,,,,,,,,,,,,,,
fraca,,,,,,,,,,,,,,,,,,,,,,,
,,,,,barraca,,,,,,,,,,,,,,,,,,
,,,,,,,,,agirá,,,,,,,,,,,,,,
,,,,,,,,,,,,,,,,causa,,,,,,,
,,,,,,,,,,,,,,,,,justiça,,,,,,
,,,,,,,,,,,,,,,,cego,,,,,,,
,,,,,,,,,,,,,,,,,juntava,,,,,,
,,,,,,,,,,,,,,,,,,,país,,,,
,,,,,,,divide,,,,,,,,,,,,,,,,
,,,,,,,,,,,,instruído,,,,,,,,,,,
,batendo,,,,,,,,,,,,,,,,,,,,,,
,,,,,,,,,amarrá,,,,,,,,,,,,,,
favor,,,,,,,,,,,,,,,,,,,,,,,
,,,,,,,,,ajuda,,,,,,,,,,,,,,
,,,,,,,,,ajuntar,,,,,,,,,,,,,,
futuro,,,,,,,,,,,,,,,,,,,,,,,
,boca,,,,,,,,,,,,,,,,,,,,,,
,,,,,,,,,,,,,,,,contas,,,,,,,
,,,,,,inútil,,,,,,,,,,,,,,,,,
,,,,,,,,,,,,,,,,,julgar,,,,,,
,,,,,,,,,,,creremos,,,,,,,,,,,,
,,,,,,,,,,,,,,veremos,,,,,,,,,
,,,,,,,,,,,,,nínive,,,,,,,,,,
,,,,,,,,,,,,,,,,,jantar,,,,,,
,,,,,,,,,,,,,,,,cantar,,,,,,,
,,,,,,,,,,,,,,,,,jonas,,,,,,
,,,,,,,donas,,,,,,,,,,,,,,,,
,,,,,,,,,age,,,,,,,,,,,,,,
,,,,,,,,,,,,,,voltar,,,,,,,,,
,buscar,,,,,,,,,,,,,,,,,,,,,,
,,,,,,,,,,,,,,,,contou,,,,,,,
,,,,,,,,,apontou,,,,,,,,,,,,,,
,,,,,,irmã,,,,,,,,,,,,,,,,,
,,,,,,,,,ajuntou,,,,,,,,,,,,,,
,,,,,,,,,,,,,,,,caia,,,,,,,
,,,,,,,,,,,,,,,,comeram,,,,,,,
funda,,,,,,,,,,,,,,,,,,,,,,,
,base,,,,,,,,,,,,,,,,,,,,,,
,,,,,,,,,,,,,,,,case,,,,,,,
,,,,,,,dedos,,,,,,,,,,,,,,,,
,,,,,,,,,andem,,,,,,,,,,,,,,
,,,,isaías,,,,,,,,,,,,,,,,,,,
,,,,,,isaías,,,,,,,,,,,,,,,,,
fechada,,,,,,,,,,,,,,,,,,,,,,,
,,,,,,,,,acharam,,,,,,,,,,,,,,
,,,,,,,,,,,,,,,,curaria,,,,,,,
,,,,,,,,,,,,,,,,,,,parábola,,,,
,,,,,,,,,aceitam,,,,,,,,,,,,,,
,,,,,,ilusão,,,,,,,,,,,,,,,,,
frutos,,,,,,,,,,,,,,,,,,,,,,,
,,,,,,inimigo,,,,,,,,,,,,,,,,,
,,,,,,,,,,,,,,,,,joio,,,,,,
,,,,,,,,,amaram,,,,,,,,,,,,,,
,,,,,,,deixem,,,,,,,,,,,,,,,,
,,,,,,,,,,,,,,,,,juntos,,,,,,
,,,,,,,,,amarrem,,,,,,,,,,,,,,
,,,,,,,,,,,,,,,,colham,,,,,,,
,,,,,,,,,,,,,nega,,,,,,,,,,
,,,,,,,,,,,cresce,,,,,,,,,,,,
,,,,,,,desce,,,,,,,,,,,,,,,,
,,,,,,,,,,,,,,,,cresce,,,,,,,
,,,,,,,,,,,,,,,,chega,,,,,,,
farinha,,,,,,,,,,,,,,,,,,,,,,,
,,,,,,,,,,,,,,,,contado,,,,,,,
,,,,,,,,,,,,,,,,,jumenta,,,,,,
,,,,,,,,,,,criação,,,,,,,,,,,,
,,,,,,,,,,,,,,,,criação,,,,,,,
,,,,,,,,,,,,,,,,,,,,,puxou,,
,,,,,,,deixou,,,,,,,,,,,,,,,,
,,,,,,,,,,,,,,,,,juntado,,,,,,
,,,,,,,,,,,,,,,,,jogarão,,,,,,
feliz,,,,,,,,,,,,,,,,,,,,,,,
,,,,,,,,,,,,,,,,compra,,,,,,,
,,,,,,,,,,,,,,valor,,,,,,,,,
,,,,,,,,,,,,,,,,calor,,,,,,,
,,,,,,,,,apanha,,,,,,,,,,,,,,
,,,,,,,,,,,,,,,,cheia,,,,,,,
,,,,,,,,,,,,,,,,cestos,,,,,,,
,,,,,,,,,,,,,,,,,jogados,,,,,,
,,,,,,,,,,,,,,,,cairão,,,,,,,
,,,,,,,,,,,,,,,,,,,paulo,,,,
,,,,,,,,,,,,,,,,contar,,,,,,,
,,,,,,,,,,,,,,,,,judas,,,,,,
,,,,,,,,,,,,,,vários,,,,,,,,,
,,,,,,,,,amarrar,,,,,,,,,,,,,,
,,,,,,,,,,,,,,,,,jogá,,,,,,
,,,,,,,,,achavam,,,,,,,,,,,,,,
,,,,,,,dançou,,,,,,,,,,,,,,,,
,,,,,,,,,,,,,,,,comprem,,,,,,,
,,,,,,,,,,,,,,,,cinco,,,,,,,
,,,,,,,,,,,,,,,,,,,partiu,,,,
,,,,,,,,,,,,,,,,cheios,,,,,,,
,,,,,,,,,,,,,,vissem,,,,,,,,,
,batiam,,,,,,,,,,,,,,,,,,,,,,
,,,,,,,,,afundar,,,,,,,,,,,,,,
,,,,,,,duvidou,,,,,,,,,,,,,,,,
,,,,,,,,,acalmou,,,,,,,,,,,,,,
,,,,,,,,,,,,,,,,,,,passaram,,,,
,,,,,,,,,,,,,,,,cavar,,,,,,,
,bebemos,,,,,,,,,,,,,,,,,,,,,,
,,,,,,,,,antigos,,,,,,,,,,,,,,
fiquei,,,,,,,,,,,,,,,,,,,,,,,
,,,,,,impuro,,,,,,,,,,,,,,,,,
,,,,,,impura,,,,,,,,,,,,,,,,,
,,,,,,,,,acabam,,,,,,,,,,,,,,
,,,,,,,,,,,,,,,,caindo,,,,,,,
,,,,,,,,,,,crimes,,,,,,,,,,,,
,,,,,,,,,,,,,,,,crimes,,,,,,,
,,,,,,,,,atrás,,,,,,,,,,,,,,
,,,,,barulho,,,,,,,,,,,,,,,,,,
,barulho,,,,,,,,,,,,,,,,,,,,,,
,,,,,,,,,ajude,,,,,,,,,,,,,,
,,,,,,,,,,,,,,,,caem,,,,,,,
falavam,,,,,,,,,,,,,,,,,,,,,,,
,,,,,,,,,andavam,,,,,,,,,,,,,,
,,,,,,,,,,,,,,,,cantos,,,,,,,
fizesse,,,,,,,,,,,,,,,,,,,,,,,
,,,,,,,,,,,,,,,,chover,,,,,,,
,,,,,,,,,aplicar,,,,,,,,,,,,,,
,,,,,,,,,alertas,,,,,,,,,,,,,,
,,,,,,,,,,,,,,,,,,,parti,,,,
,,,,,,,,,afirmou,,,,,,,,,,,,,,
,,,,,,igreja,,,,,,,,,,,,,,,,,
,,,,,,,,,,,,,,,,chaves,,,,,,,
,,,,,,,,,,,,,,verei,,,,,,,,,
,,,atendê,,,,,,,,,,,,,,,,,,,,
,,,,,,,,,adianta,,,,,,,,,,,,,,
,,,,,,,,,,,,,,,,crerão,,,,,,,
,,,,,,,,,,,,,,,,consigo,,,,,,,
,brancas,,,,,,,,,,,,,,,,,,,,,,
,,,,,,irmos,,,,,,,,,,,,,,,,,
,,,,,barracas,,,,,,,,,,,,,,,,,,
fracas,,,,,,,,,,,,,,,,,,,,,,,
,,,,,,,,,,,,,,,,cobriu,,,,,,,
,,,,,,,,,,,,,,,,cantem,,,,,,,
,,,ataques,,,,,,,,,,,,,,,,,,,,
,,,,,,,,,ataques,,,,,,,,,,,,,,
,,,,,,,,,,,,,,,,,,,partes,,,,
fortes,,,,,,,,,,,,,,,,,,,,,,,
,,,,,,,,,agüentá,,,,,,,,,,,,,,
,,,,,,,,,,,,,,,,,,,,,pudemos,,
,banho,,,,,,,,,,,,,,,,,,,,,,
,,,,,,,,,,,,,,,,,,jejum,,,,,
,,,,,,,,,,,,,,,,,jejum,,,,,,
,,,,,,imposto,,,,,,,,,,,,,,,,,
,,,,,,,,,,,,,,,,calasse,,,,,,,
falasse,,,,,,,,,,,,,,,,,,,,,,,
,,,,,,,,,anzol,,,,,,,,,,,,,,
fisgar,,,,,,,,,,,,,,,,,,,,,,,
,,,,,,iguais,,,,,,,,,,,,,,,,,
,,,,,,,,,,,,,nestes,,,,,,,,,,
,,,,,,,destes,,,,,,,,,,,,,,,,
,,,,,,,,,,,,,,vença,,,,,,,,,
,,,,,,,,,,,,,noventa,,,,,,,,,,
,,,,,,,,,,,,,nove,,,,,,,,,,
,,,,,,,,,,,,,,,,,,,pastando,,,,
,,,,,,,,,arca,,,,,,,,,,,,,,
,,,,,,,,,,,,,,,,cerca,,,,,,,
,,,,,,,,,armada,,,,,,,,,,,,,,
,,,,,,,,,,,,,,,,,,,pagão,,,,
,,,,,,,devo,,,,,,,,,,,,,,,,
,,,,,,,,,acerto,,,,,,,,,,,,,,
,,,,,,,,,,,,,,,,começo,,,,,,,
,,,,,,,dívida,,,,,,,,,,,,,,,,
,,,,,,,,,,,,,,,,ciência,,,,,,,
,,,,,,,,,,,,,,,,,,,pagarei,,,,
,,,,,,,,,adi,,,,,,,,,,,,,,
,,,,,,,,,,,,,,,,,,,pagasse,,,,
,,,,,,,deveria,,,,,,,,,,,,,,,,
,,,,,,,,,,,criador,,,,,,,,,,,,
,,,,,,,,,,,,,,,,criador,,,,,,,
,,,,,,,,,,,,,,,,,,,,,pureza,,
,,,,,,,dureza,,,,,,,,,,,,,,,,
,,,,,,,,,,,,,,,,capazes,,,,,,,
,,,,,,,,,,,,,,,,casam,,,,,,,
,,,,,,,,,aceite,,,,,,,,,,,,,,
fizeram,,,,,,,,,,,,,,,,,,,,,,,
falso,,,,,,,,,,,,,,,,,,,,,,,
falta,,,,,,,,,,,,,,,,,,,,,,,
,,,,,,,,,agulha,,,,,,,,,,,,,,
,,,,,,,,,,,,,,,,casas,,,,,,,
,,,,,,irmãs,,,,,,,,,,,,,,,,,
,,,,,,,,,,,,,,,,costume,,,,,,,
falhar,,,,,,,,,,,,,,,,,,,,,,,
,,,,,,,,,,,,,,,,cercado,,,,,,,
,,,,,,,,,,,,,,,,,justo,,,,,,
,,,,,,,,,,,,,,,,chame,,,,,,,
,,,,,,injusto,,,,,,,,,,,,,,,,,
,,,,,,inveja,,,,,,,,,,,,,,,,,
,,,,,,,,,,,,,,,,curvou,,,,,,,
,,,,,,,,,,,,,,,,cálice,,,,,,,
,,,,,,,,,,,,,,,,,,jericó,,,,,
,,,,,,,,,,,,,,,,,jericó,,,,,,
,betfagé,,,,,,,,,,,,,,,,,,,,,,
,,,,,,,,,,,,,,,,capas,,,,,,,
,,,,,,,,,,,,,,vendiam,,,,,,,,,
,,,,,,,,,,,,,,,,cortado,,,,,,,
,,,,,,,,,,abençoe,,,,,,,,,,,,,
,,,,,,,,,abençoe,,,,,,,,,,,,,,
,,,,,,,,,alturas,,,,,,,,,,,,,,
,,,,,,,,,agitada,,,,,,,,,,,,,,
,,,,,,,,,,,,,,,,,,,passagem,,,,
,betânia,,,,,,,,,,,,,,,,,,,,,,
,,,,,,,,,,,,,,,,,,,passou,,,,
folhas,,,,,,,,,,,,,,,,,,,,,,,
,,,,,,,,,,,,,,,,crerem,,,,,,,
faço,,,,,,,,,,,,,,,,,,,,,,,
,batizar,,,,,,,,,,,,,,,,,,,,,,
,,,,,,,,,,,,,,,,corre,,,,,,,
,,,,,,,,,,,,,,vigia,,,,,,,,,
,,,,,,,,,,,,,,viajar,,,,,,,,,
,bateram,,,,,,,,,,,,,,,,,,,,,,
,,,,,,,,,,,,,,,,certeza,,,,,,,
,,,,,,,,,,,,,,,,cabiam,,,,,,,
,,,,,,,,,achava,,,,,,,,,,,,,,
,,,,,,,,,,,,,,,,convite,,,,,,,
fazenda,,,,,,,,,,,,,,,,,,,,,,,
,,,,,,,,,armazém,,,,,,,,,,,,,,
,,,,,,,,,,,,,,,,,,,pareciam,,,,
,,,,,,,,,,,,,notou,,,,,,,,,,
,,,,,,,,,andaram,,,,,,,,,,,,,,
,,,,,,,,,,,,,,,,,,,partido,,,,
,,,,,,importa,,,,,,,,,,,,,,,,,
,,,,,,,,,,,,,,,,,julga,,,,,,
,bebeu,,,,,,,,,,,,,,,,,,,,,,
,,,,,,,,,,,,,,viúva,,,,,,,,,
,,,,,,,,,,,,,,,,casaram,,,,,,,
,,,,,,,,,,,,,,,,casará,,,,,,,
falarem,,,,,,,,,,,,,,,,,,,,,,,
,,,,,,,,,,,,,,,,calarem,,,,,,,
,baseiam,,,,,,,,,,,,,,,,,,,,,,
,,,,,,,,,,,,inspirado,,,,,,,,,,,
,,,,,,,,,,,,,,,,,juntas,,,,,,
,,,,,,imitem,,,,,,,,,,,,,,,,,
,,,,,,,,,amarram,,,,,,,,,,,,,,
fardos,,,,,,,,,,,,,,,,,,,,,,,
,,,,,,,dardos,,,,,,,,,,,,,,,,
,,,,,,,,,,,,,,,,costas,,,,,,,
,,,,,,,,,ajudam,,,,,,,,,,,,,,
,,,,,,,,,,,,,,,,copiam,,,,,,,
,braços,,,,,,,,,,,,,,,,,,,,,,
,,,,,,,,,amados,,,,,,,,,,,,,,
,,,,,,,,,,,,,,,,chamem,,,,,,,
fecham,,,,,,,,,,,,,,,,,,,,,,,
,,,,,,,deixam,,,,,,,,,,,,,,,,
,,,,,,,,,,,,,,viúvas,,,,,,,,,
,,,,,,,,,,,,,,viajam,,,,,,,,,
,,,,,,,,,adora,,,,,,,,,,,,,,
,,,,,,,décima,,,,,,,,,,,,,,,,
,,,,,,,doce,,,,,,,,,,,,,,,,
,,,,,,,,,,,,,,,,cominho,,,,,,,
,,,,,,,,,,,,,,,,,justos,,,,,,
fariseu,,,,,,,,,,,,,,,,,,,,,,,
,,,,,,,,,,,,,,,,,,,parecem,,,,
,bonitos,,,,,,,,,,,,,,,,,,,,,,
,,,,,,,,,,,,,,,,,,,passos,,,,
,,,,,,,,,,,,,,,,correto,,,,,,,
,,,,,,,,,,,,,,,,,,,,,pusemos,,
,,,,,,,,,,,,,,vivido,,,,,,,,,
,,,,,,,,,,,,,nossos,,,,,,,,,,
,,,,,,iríamos,,,,,,,,,,,,,,,,,
,,,,,baraquias,,,,,,,,,,,,,,,,,,
,,,,,,,,abraçar,,,,,,,,,,,,,,,
,,,,,,,,,,abraçar,,,,,,,,,,,,,
,,,,,,,,,abraçar,,,,,,,,,,,,,,
,,,,,,,,,ajunta,,,,,,,,,,,,,,
,,,atenção,,,,,,,,,,,,,,,,,,,,
,,,,,,,,,atenção,,,,,,,,,,,,,,
,,,,,,,,,agindo,,,,,,,,,,,,,,
,,,atacará,,,,,,,,,,,,,,,,,,,,
,,,,,,,,,atacará,,,,,,,,,,,,,,
,,,,,,,,,,,criada,,,,,,,,,,,,
,,,,,,,daniel,,,,,,,,,,,,,,,,
fontes,,,,,,,,,,,,,,,,,,,,,,,
,,,,,,,,,agir,,,,,,,,,,,,,,
fugir,,,,,,,,,,,,,,,,,,,,,,,
,,,,,,inverno,,,,,,,,,,,,,,,,,
,,,,,,,,,,,,,,,,criou,,,,,,,
,,,,,,,,,,abalados,,,,,,,,,,,,,
,,,,,,,,,,,,,,,,calados,,,,,,,
,,,,,,,,,,,,,nuvens,,,,,,,,,,
,,,,,,,,,,,,,,verdes,,,,,,,,,
,,,,,,,,,,,,,,,,começam,,,,,,,
,brotar,,,,,,,,,,,,,,,,,,,,,,
,,,,,,,,,,,,,,,,começar,,,,,,,
,,,,,,,,,,,,,,vivos,,,,,,,,,
,,,ativos,,,,,,,,,,,,,,,,,,,,
,,,,,,,,,,,,,noé,,,,,,,,,,
,,,,,,,dilúvio,,,,,,,,,,,,,,,,
,bebia,,,,,,,,,,,,,,,,,,,,,,
,,,,,,,,,,,,,,,,casavam,,,,,,,
,barca,,,,,,,,,,,,,,,,,,,,,,
,,,,,,,,,,,,,,,,,,,,,puxado,,
,,,,,,,deixado,,,,,,,,,,,,,,,,
,,,,,,,,,,,,,,,,cevada,,,,,,,
,,,,,,,deixada,,,,,,,,,,,,,,,,
ficaria,,,,,,,,,,,,,,,,,,,,,,,
,,,,,,,,,,,,,,,,carrega,,,,,,,
,bêbados,,,,,,,,,,,,,,,,,,,,,,
,,,,,,,,,,,,,,voltará,,,,,,,,,
,,,,,,,,,,,,,,,,comprar,,,,,,,
,,,,,,,,,,,,,,,,colho,,,,,,,
,,,,,,,,,,,,,,,,,juros,,,,,,
,,,,,,,duros,,,,,,,,,,,,,,,,
,,,,,,,,,,,,,,vier,,,,,,,,,
,,,,,,,,,,,,,,,,cabras,,,,,,,
,bebam,,,,,,,,,,,,,,,,,,,,,,
,,,,,,,,,,,,,,visitar,,,,,,,,,
fomos,,,,,,,,,,,,,,,,,,,,,,,
,,,,,,,,,,,,,,visitá,,,,,,,,,
ficado,,,,,,,,,,,,,,,,,,,,,,,
,,,,,,,,,,,,,,,,,,,palácio,,,,
,,,,,,,,,,,,,,,,caifás,,,,,,,
,,,,,,,durante,,,,,,,,,,,,,,,,
,,,,,,,,,,,,,,,,casco,,,,,,,
frasco,,,,,,,,,,,,,,,,,,,,,,,
fortuna,,,,,,,,,,,,,,,,,,,,,,,
,,,,,,,,,,,criado,,,,,,,,,,,,
,,,,,,,demorar,,,,,,,,,,,,,,,,
,,,,,,,,,achando,,,,,,,,,,,,,,
,,,,,,,,,,,,,nascido,,,,,,,,,,
,,,,,,,,,,,,,,,,comam,,,,,,,
,,,,,,,,,aliança,,,,,,,,,,,,,,
,beberei,,,,,,,,,,,,,,,,,,,,,,
,,,,,,,,,,,,,,,,canções,,,,,,,
falo,,,,,,,,,,,,,,,,,,,,,,,
,,,,,,,,,,,,,,,,conhece,,,,,,,
,,,,,,,,,,,,,,,,conheço,,,,,,,
,,,,,,,,,aflição,,,,,,,,,,,,,,
,basta,,,,,,,,,,,,,,,,,,,,,,
,,,,,,,,,afasta,,,,,,,,,,,,,,
,,,,,,,,,,,,,,vigiar,,,,,,,,,
,,,,,,,,,,,,,,vigiem,,,,,,,,,
,beba,,,,,,,,,,,,,,,,,,,,,,
,,,,,,,,,abertos,,,,,,,,,,,,,,
,beijar,,,,,,,,,,,,,,,,,,,,,,
,beijou,,,,,,,,,,,,,,,,,,,,,,
,,,atacou,,,,,,,,,,,,,,,,,,,,
,,,,,,,,,atacou,,,,,,,,,,,,,,
,,,,,,,,,,,,,,,,cortou,,,,,,,
,bandido,,,,,,,,,,,,,,,,,,,,,,
falsa,,,,,,,,,,,,,,,,,,,,,,,
,,,,,,,,,,abalado,,,,,,,,,,,,,
falado,,,,,,,,,,,,,,,,,,,,,,,
,,,,,,,,,,,,,,,,calado,,,,,,,
,bateu,,,,,,,,,,,,,,,,,,,,,,
,,,,,,,,,,,,,,,,chorou,,,,,,,
,,,,,,,,,,,,,,,,,jogou,,,,,,
,,,,,,,,,,,,,,,,cujo,,,,,,,
faixa,,,,,,,,,,,,,,,,,,,,,,,
,,,,,,,,,,,,,,,,caixa,,,,,,,
,,,,,,,,,assunto,,,,,,,,,,,,,,
,,,,,,,,,acusado,,,,,,,,,,,,,,
,,,,,,,,,amava,,,,,,,,,,,,,,
,,,,,barrabás,,,,,,,,,,,,,,,,,,
,,,,,,,,,,,,,,,,cri,,,,,,,
,,,,,,,,,,abri,,,,,,,,,,,,,
,,,,,,,,,,,crime,,,,,,,,,,,,
,,,,,,,,,,,,,,,,crime,,,,,,,
,,,,,,,,,,,,,,,,cavou,,,,,,,
,,,,,,,,,,,,,,,,coroa,,,,,,,
,bastão,,,,,,,,,,,,,,,,,,,,,,
,,,,,,,,,,,,,,,,cuspiam,,,,,,,
,,,,,,,,,,,,,,,,caçoado,,,,,,,
,,,,,,,,,,,,,,,,cirene,,,,,,,
,,,,,,,,,,,,,,,,cruz,,,,,,,
,,,,,,,,,,,,,,,,caveira,,,,,,,
,,,,,,,,,,,,,,,,,,,partiram,,,,
,,,,,,,,,,,,,,virando,,,,,,,,,
,,,atleta,,,,,,,,,,,,,,,,,,,,
,,,,,,,desça,,,,,,,,,,,,,,,,
,,,,,,,,,,,cresça,,,,,,,,,,,,
,,,,,,,,,,,,,,,,confiou,,,,,,,
,,,,,,,,,,,,,nessas,,,,,,,,,,
,,,,,,,dessas,,,,,,,,,,,,,,,,
,,,,,,,,,,,,,,,,comum,,,,,,,
,,,,,,,,,,,,,,,,cortina,,,,,,,
,,,,,,,,,,,,,,voto,,,,,,,,,
,,,,,,,,,ajudado,,,,,,,,,,,,,,
,,,,,,,,,,,,,,,,,,,pagassem,,,,
,,,,,,,,,,,,,,,,cavado,,,,,,,
fechar,,,,,,,,,,,,,,,,,,,,,,,
,,,,,,,,,,,,,,,,,,,paramos,,,,
fizerem,,,,,,,,,,,,,,,,,,,,,,,
,,,,,,,dizerem,,,,,,,,,,,,,,,,
,,,,,,,domingo,,,,,,,,,,,,,,,,
,,,,,,,,abraçaram,,,,,,,,,,,,,,,
,boato,,,,,,,,,,,,,,,,,,,,,,
,,,,,,,dúvidas,,,,,,,,,,,,,,,,
,,,,,,,,,,abaixar,,,,,,,,,,,,,
,,,,,,,,,abaixar,,,,,,,,,,,,,,
feias,,,,,,,,,,,,,,,,,,,,,,,
,,,,,,,,,,,,,,,,creiam,,,,,,,
,,,,,,,,,ajudou,,,,,,,,,,,,,,
,,,,,,,deixava,,,,,,,,,,,,,,,,
,,,,,,,,,,,,,,,,,juraram,,,,,,
,,,,,,,duraram,,,,,,,,,,,,,,,,
ficava,,,,,,,,,,,,,,,,,,,,,,,
,,,,,,,,,,abertura,,,,,,,,,,,,,
,,,,,,iduméia,,,,,,,,,,,,,,,,,
,,,,,,,,,,,,,,,,caíam,,,,,,,
,buscá,,,,,,,,,,,,,,,,,,,,,,
,,,,,,,dividir,,,,,,,,,,,,,,,,
,,,,,,,,,,,,,,,,cometem,,,,,,,
,,,,,,,,,,,,,,,,chamá,,,,,,,
,,,,,,,,,,,,insistem,,,,,,,,,,,
,brota,,,,,,,,,,,,,,,,,,,,,,
fruto,,,,,,,,,,,,,,,,,,,,,,,
,,,,,,,,,achem,,,,,,,,,,,,,,
,,,,,,,,,,,,,,,,começa,,,,,,,
,,,,,,,,,,,,,,,,cortá,,,,,,,
foice,,,,,,,,,,,,,,,,,,,,,,,
falava,,,,,,,,,,,,,,,,,,,,,,,
,barcos,,,,,,,,,,,,,,,,,,,,,,
ficando,,,,,,,,,,,,,,,,,,,,,,,
,,,,,,,detrás,,,,,,,,,,,,,,,,
,brasa,,,,,,,,,,,,,,,,,,,,,,
,,,,,,,dominá,,,,,,,,,,,,,,,,
,,,,,,,,,,,,,,,,,,,passava,,,,
ferindo,,,,,,,,,,,,,,,,,,,,,,,
,,,,,,,,,,,,,,,,,joelhos,,,,,,
,,,,,,,,,,,,,,,,comando,,,,,,,
,,,,,,,,,,,,,,,,campos,,,,,,,
,,,,,,,,,,,,,,,,caísse,,,,,,,
,,,,,,,,,,,,,,,,contava,,,,,,,
,,,,,,,,,,,,,,,,,jairo,,,,,,
,,,,,,,,,,,,,,,,caído,,,,,,,
,,,,,,,,,atirou,,,,,,,,,,,,,,
,,,,,,,,,,aborreça,,,,,,,,,,,,,
,,,,,,,,,,,,,,,,cumi,,,,,,,
,,,,,,,,,,,,,,,,calçar,,,,,,,
,,,,,,,,,,,,,,,,caírem,,,,,,,
,,,,,,,,,,,criaram,,,,,,,,,,,,
,,,,,,,,,,,,,,,,curavam,,,,,,,
,,,,,,,,,azeite,,,,,,,,,,,,,,
falhado,,,,,,,,,,,,,,,,,,,,,,,
,,,,,,,,,andei,,,,,,,,,,,,,,
,,,,,,,,,,,,,,,,casado,,,,,,,
furiosa,,,,,,,,,,,,,,,,,,,,,,,
,,,,,,,,,altos,,,,,,,,,,,,,,
,,,,,,,dividiu,,,,,,,,,,,,,,,,
,,,,,,,,,,,,,,,,camas,,,,,,,
,,,,,,,,,,,,,,vendas,,,,,,,,,
,,,,,,impuras,,,,,,,,,,,,,,,,,
,,,,,,,,,,,,,,,,copos,,,,,,,
,,,,,,,,,,,,,,,,carros,,,,,,,
,,,,,,,,,,,,,,,,,jarros,,,,,,
,,,,,,,,,afastou,,,,,,,,,,,,,,
fazê,,,,,,,,,,,,,,,,,,,,,,,
,,,,,,,,,,,,,,,,comidos,,,,,,,
,,,,,,,,,avareza,,,,,,,,,,,,,,
fenícia,,,,,,,,,,,,,,,,,,,,,,,
,,,,,,,deitada,,,,,,,,,,,,,,,,
,,,,,,,,,,,,,,,,,,,,,pusesse,,
,,,,,,,,,,,,,,,,cuspiu,,,,,,,
,,,,,,,,,,,,,,vejo,,,,,,,,,
,,,,,,,,,,,,,,,,clareza,,,,,,,
,branca,,,,,,,,,,,,,,,,,,,,,,
,,,,,,,,,ataca,,,,,,,,,,,,,,
,,,,,,,,,,,,,,,,,,,,,puxando,,
,,,,,,,,abraçando,,,,,,,,,,,,,,,
,,,,,,,,,,,,,,vermes,,,,,,,,,
,,,,,,,devoram,,,,,,,,,,,,,,,,
,,,,,,,,,,,,,,,,correm,,,,,,,
,,,,,,,,,,,,,,vivam,,,,,,,,,
,,,,,,,,,,,criadas,,,,,,,,,,,,
,,,,,,,,,,,,,,,,criadas,,,,,,,
,,,,,,,,abraçou,,,,,,,,,,,,,,,
,,,,,,,,,,abraçou,,,,,,,,,,,,,
,,,,,,,,,abraçou,,,,,,,,,,,,,,
,,,,,,,,,,abençoou,,,,,,,,,,,,,
,,,,,,,,,achou,,,,,,,,,,,,,,
fechou,,,,,,,,,,,,,,,,,,,,,,,
,,,,,,,,,,,,,,,,cuspir,,,,,,,
,,,,,,,,,,abismo,,,,,,,,,,,,,
,batismo,,,,,,,,,,,,,,,,,,,,,,
,,,,,bartimeu,,,,,,,,,,,,,,,,,,
,,,,,,,,,animal,,,,,,,,,,,,,,
forças,,,,,,,,,,,,,,,,,,,,,,,
,,,,,,,,,amamos,,,,,,,,,,,,,,
,,,,,,,,,,,,,,viaja,,,,,,,,,
,,,,,,,,,,,,,nardo,,,,,,,,,,
,,,,,,,,,ajudá,,,,,,,,,,,,,,
,,,,,,,,,,,,,,,,,jovem,,,,,,
,bendito,,,,,,,,,,,,,,,,,,,,,,
,,,,,,,,,,,,,,,,cobriam,,,,,,,
,,,,,,,dúvida,,,,,,,,,,,,,,,,
faziam,,,,,,,,,,,,,,,,,,,,,,,
,,,atiçaram,,,,,,,,,,,,,,,,,,,,
,,,,,,,,,,,,,,,,chamam,,,,,,,
,,,,,,,,,,,,,nadar,,,,,,,,,,
,,,,,,,,,agradar,,,,,,,,,,,,,,
,,,,,,interno,,,,,,,,,,,,,,,,,
,,,,,,,,,,,,,,véspera,,,,,,,,,
,,,,,,,,,,,,,,,,comprou,,,,,,,
fecha,,,,,,,,,,,,,,,,,,,,,,,
,,,,,,,,,,,,,,veneno,,,,,,,,,
,,,,,,,,,ajudava,,,,,,,,,,,,,,
,,,,,,,dever,,,,,,,,,,,,,,,,
,,,atrever,,,,,,,,,,,,,,,,,,,,
,,,,,,,,,achei,,,,,,,,,,,,,,
,,,,,,,,,,,,,,,,,,,,,pudesse,,
,,,,,,,,,,,,,,,,chamava,,,,,,,
,,,,,,isabel,,,,,,,,,,,,,,,,,
,,,,,,,,,,,,,,,,casal,,,,,,,
,,,,,,,,,,,,,,vivia,,,,,,,,,
,,,,,,,,,,,,,,,,correta,,,,,,,
,,,,,,,diário,,,,,,,,,,,,,,,,
,,,,,,,,,,,,,,,,cerveja,,,,,,,
,,,,,,,demora,,,,,,,,,,,,,,,,
,,,,,,,,,,,,,,visão,,,,,,,,,
,,,,,,,,,acabará,,,,,,,,,,,,,,
,,,,,,idosa,,,,,,,,,,,,,,,,,
,briga,,,,,,,,,,,,,,,,,,,,,,
,,,,,barriga,,,,,,,,,,,,,,,,,,
,barriga,,,,,,,,,,,,,,,,,,,,,,
,,,,,,,,,alegre,,,,,,,,,,,,,,
,,,,,,,,,anuncia,,,,,,,,,,,,,,
,bondade,,,,,,,,,,,,,,,,,,,,,,
,,,,,,,derrota,,,,,,,,,,,,,,,,
,,,,,,,derruba,,,,,,,,,,,,,,,,
,,,,,,,,,altas,,,,,,,,,,,,,,
fartura,,,,,,,,,,,,,,,,,,,,,,,
,,,,,,,,,,,,,,vazias,,,,,,,,,
façamos,,,,,,,,,,,,,,,,,,,,,,,
,,,,,,,,,,,,,,,,cresceu,,,,,,,
,,,,,,,,,,,,,,viveu,,,,,,,,,
,,,,,,,,,augusto,,,,,,,,,,,,,,
,,,,,,império,,,,,,,,,,,,,,,,,
,,,,,,,,,,,,,,,,cirênio,,,,,,,
,,,,,,,deitou,,,,,,,,,,,,,,,,
,,,,,,,,,,,,,,,,,,,pastores,,,,
,brilhou,,,,,,,,,,,,,,,,,,,,,,
,,,,,,,,,,,,,,,,colo,,,,,,,
fizeste,,,,,,,,,,,,,,,,,,,,,,,
,,,,,,,,,,,,,,,,,,,partir,,,,
,,,,,,,,,,,,,netos,,,,,,,,,,
,,,,,,,,,afiada,,,,,,,,,,,,,,
,,,,,,,,,,,,,,,,cortará,,,,,,,
,baía,,,,,,,,,,,,,,,,,,,,,,
,,,,,,,,,adorava,,,,,,,,,,,,,,
,,,,,,,descia,,,,,,,,,,,,,,,,
,,,,,,,,,,,crescia,,,,,,,,,,,,
,,,,,,,,,,,,,,,,crescia,,,,,,,
,,,,,,ituréia,,,,,,,,,,,,,,,,,
,,,,,,,,,,abilene,,,,,,,,,,,,,
,,,,,,,,,abilene,,,,,,,,,,,,,,
,,,,,,,,,,,,,,,,carta,,,,,,,
,,,,,,,,,,,,,,,,cobrem,,,,,,,
falsas,,,,,,,,,,,,,,,,,,,,,,,
,,,,,,,,,apelava,,,,,,,,,,,,,,
forma,,,,,,,,,,,,,,,,,,,,,,,
,,,,,,,,,,,,,,,,,janai,,,,,,
,,,,,,,,,amós,,,,,,,,,,,,,,
,,,,,,,,,,,,,nagai,,,,,,,,,,
,,,,,,,,,,,,,,,,,jodá,,,,,,
,,,,,,,,,,,,,,,,,joanã,,,,,,
,,,,,,,,,,,,,neri,,,,,,,,,,
,,,,,,,,,,,,,,,,cosã,,,,,,,
,,,,,,,,,,,,,,,,,josué,,,,,,
,,,,,,,,,,,,,,,,,jorim,,,,,,
,,,,,,,,,,,,,,,,,jonã,,,,,,
,,,,,,,,,admim,,,,,,,,,,,,,,
,,,,,,,,,arni,,,,,,,,,,,,,,
,,,,,,,,,,,,,naor,,,,,,,,,,
,,,,,,,,,,,,,,,,cainã,,,,,,,
,,,,,,,,,,,,,,,,,jarede,,,,,,
,,,,,,,descido,,,,,,,,,,,,,,,,
,,,,,,,,,,,crescido,,,,,,,,,,,,
,,,,,,,desviar,,,,,,,,,,,,,,,,
,,,,,,,,,,,,,,,,cure,,,,,,,
,,,,,,,,,,,,,,,,,jure,,,,,,
,,,,,,,dure,,,,,,,,,,,,,,,,
,,,,,,,,,,,,,,,,choveu,,,,,,,
,,,,,,,,,,,,,,viviam,,,,,,,,,
,,,,,,,,,,,,,naamã,,,,,,,,,,
,,,,,,,,,,,,,,,,,jogar,,,,,,
,,,,,,,,,,,,,,,,causar,,,,,,,
,,,,,,,,,,,,,,,,,,,,,puxá,,
,,,,,,,deixá,,,,,,,,,,,,,,,,
,,,,,,,,,,,,,,viessem,,,,,,,,,
,,,,,,,,,afaste,,,,,,,,,,,,,,
,brigar,,,,,,,,,,,,,,,,,,,,,,
,,,,,,,,,,,,,,,,combina,,,,,,,
,,,,,,,desejem,,,,,,,,,,,,,,,,
,bênçãos,,,,,,,,,,,,,,,,,,,,,,
,,,,,,,,,abalou,,,,,,,,,,,,,,
,,,,,,,,,,,,,,viesse,,,,,,,,,
,,,,,,,,,,,,,,,,caim,,,,,,,
,,,,,,,,,,,,,naim,,,,,,,,,,
,,,,,,,defunto,,,,,,,,,,,,,,,,
,,,,,,,,,,,,,,,,chore,,,,,,,
,,,,,,,,,,,,,,,,,,,paixão,,,,
,,,,,,,,,,,,,,,,caixão,,,,,,,
,,,,,,,duvidam,,,,,,,,,,,,,,,,
,,,,,,,,,,,,,,,,custas,,,,,,,
,,,,,,,,,,,,,,,,,justas,,,,,,
,,,,,,,,,,,,,,,,chorava,,,,,,,
,beijava,,,,,,,,,,,,,,,,,,,,,,
,,,,,,,,,,,,,,,,ceva,,,,,,,
,,,,,,,,,,,,,,viajou,,,,,,,,,
,,,,,,,,,,,,,,,,curadas,,,,,,,
,,,,,,,,,,,,,,,,,joana,,,,,,
,,,,,,,,,,,,,,,,cuza,,,,,,,
,,,,,,,,,,,,,,,,comidas,,,,,,,
,,,,,,,,,,,,,,,,coloca,,,,,,,
,,,,,,,dormiu,,,,,,,,,,,,,,,,
,,,,,,,,,abismo,,,,,,,,,,,,,,
,,,,,,,,,,,,,,,,chorem,,,,,,,
,brilho,,,,,,,,,,,,,,,,,,,,,,
,,,,,,,,,agarra,,,,,,,,,,,,,,
,,,,,,,,,ataque,,,,,,,,,,,,,,
,,,,,,,,,,,,,,,,,,,,,pudessem,,
,,,,,,,,,amaria,,,,,,,,,,,,,,
,,,,,,,,,anuncie,,,,,,,,,,,,,,
,bolsa,,,,,,,,,,,,,,,,,,,,,,
,,,,,,,,,,,,,,vencer,,,,,,,,,
,,,,,,,,,atende,,,,,,,,,,,,,,
,,,,,,,,,,,,,,viverá,,,,,,,,,
,,,,,,,,,,,,,,,,culpar,,,,,,,
,,,,,,,,,,abaixou,,,,,,,,,,,,,
,baixou,,,,,,,,,,,,,,,,,,,,,,
,,,,,,,,,,,,,,,,cuidou,,,,,,,
faltado,,,,,,,,,,,,,,,,,,,,,,,
,,,,,,,,,acaba,,,,,,,,,,,,,,
,,,,,,,,,amole,,,,,,,,,,,,,,
,,,,,,,,,armado,,,,,,,,,,,,,,
,,,,,,,,,armas,,,,,,,,,,,,,,
,,,,,,,,,,,,,,varrida,,,,,,,,,
,,,,,,,,,arruda,,,,,,,,,,,,,,
,,,,,,,,,,,,,,,,chave,,,,,,,
,,,,,,,,,,,criticá,,,,,,,,,,,,
,,,,,,,,,,,,,,,,criticá,,,,,,,
,,,,,,,,,acusá,,,,,,,,,,,,,,
fechado,,,,,,,,,,,,,,,,,,,,,,,
,,,,,,,depende,,,,,,,,,,,,,,,,
,,,,,,,,,ah,,,,,,,,,,,,,,
,,,,,,,,,,,,,,,,cereais,,,,,,,
,,,,,,,,,,,,,,,,,juntam,,,,,,
,,,,,,,,,,,,,,,,corvos,,,,,,,
,bolsas,,,,,,,,,,,,,,,,,,,,,,
,,,,,,,,,acesas,,,,,,,,,,,,,,
,,,,,,,,,,,,,,,,chegue,,,,,,,
,,,,,,,,,,,,,,,,comece,,,,,,,
,bêbado,,,,,,,,,,,,,,,,,,,,,,
,,,,,,,,,aceso,,,,,,,,,,,,,,
,,,,,,,,,aflito,,,,,,,,,,,,,,
,,,,,,,divisão,,,,,,,,,,,,,,,,
,,,,,,,,,,,,,,,,chove,,,,,,,
,,,,,,,decidem,,,,,,,,,,,,,,,,
,,,,,,,dezoito,,,,,,,,,,,,,,,,
,bairro,,,,,,,,,,,,,,,,,,,,,,
,,,,,,,,,,,,,,,,cloé,,,,,,,
,,,,,,,,,afofar,,,,,,,,,,,,,,
,,,,,,,,,adubo,,,,,,,,,,,,,,
,,,,,,,doença,,,,,,,,,,,,,,,,
,,,,,,,,,amemos,,,,,,,,,,,,,,
,,,,,,,,,,,,,,,,comemos,,,,,,,
,,,,,,imite,,,,,,,,,,,,,,,,,
,,,,,,,,,,,,,,,,convidá,,,,,,,
,,,,,,,,,almoço,,,,,,,,,,,,,,
,,,,,,,,,,,,,,,,convide,,,,,,,
,,,,,,,,,,,,,,,,culpas,,,,,,,
,,,,,,,,,,,,,,,,comprei,,,,,,,
,,,,,,,,,acabei,,,,,,,,,,,,,,
,becos,,,,,,,,,,,,,,,,,,,,,,
,,,,,,,,,,,,,,,,calcula,,,,,,,
,,,,,,,,,,,,,,,,custar,,,,,,,
,,,,,,,,,,,,,,,,colocar,,,,,,,
,,,,,,,,,achá,,,,,,,,,,,,,,
,,,,,,,,,alegrem,,,,,,,,,,,,,,
,,,,,,,,,,,,,,varre,,,,,,,,,
,,,,,,,,,,,,,,,,convida,,,,,,,
,,,,,,,,,amigas,,,,,,,,,,,,,,
,,,,,,,,,,,,,,,,comiam,,,,,,,
,,,,,,,,,avistou,,,,,,,,,,,,,,
,,,,,,,,,,,,,,vistam,,,,,,,,,
,,,,,,,,,anel,,,,,,,,,,,,,,
,bezerro,,,,,,,,,,,,,,,,,,,,,,
,,,,,,,,,,,,insistiu,,,,,,,,,,,
,,,,,,,,,,,,,,,,cabrito,,,,,,,
,,,,,,,,,,,,,,,,cuidava,,,,,,,
,,,atiçando,,,,,,,,,,,,,,,,,,,,
,,,,,,,devendo,,,,,,,,,,,,,,,,
,,,,,barris,,,,,,,,,,,,,,,,,,
,barris,,,,,,,,,,,,,,,,,,,,,,
,,,,,,,,,,,,,,,,comete,,,,,,,
,,,,,,,,,,,,,,vestia,,,,,,,,,
,,,,,,,,,,,,,,,,caras,,,,,,,
,,,,,,,,,,,,,,varas,,,,,,,,,
feridas,,,,,,,,,,,,,,,,,,,,,,,
,,,,,,,,,,,,insultado,,,,,,,,,,,
,,,,,,,,,avise,,,,,,,,,,,,,,
,,,,,,,,,aumente,,,,,,,,,,,,,,
,,,,,,,,,avental,,,,,,,,,,,,,,
,bebo,,,,,,,,,,,,,,,,,,,,,,
,,,,,,,,,,,,,,,,chegado,,,,,,,
,brilha,,,,,,,,,,,,,,,,,,,,,,
,bebiam,,,,,,,,,,,,,,,,,,,,,,
,,,,,,,,,animar,,,,,,,,,,,,,,
,,,,,,,,,,,,,,,,,julgue,,,,,,
,,,,,,,,,amolar,,,,,,,,,,,,,,
,,,,,,,daquilo,,,,,,,,,,,,,,,,
,,,,,,,,,,,,,naquilo,,,,,,,,,,
,,,,,,imoral,,,,,,,,,,,,,,,,,
,,,,,,,,,,,,,,,,,,jejuo,,,,,
,,,,,,,,,,,,,,,,,jejuo,,,,,,
,batia,,,,,,,,,,,,,,,,,,,,,,
,,,,,,,,,,,,,,,,,judeu,,,,,,
,,,,,,,,,,,,insultá,,,,,,,,,,,
,,,,,,insultá,,,,,,,,,,,,,,,,,
,,,,,,,,,,,,,,,,,julgá,,,,,,
,,,,,,,descida,,,,,,,,,,,,,,,,
,,,,,,,,,,,,,,,,cercá,,,,,,,
,,,,,,,,,apertá,,,,,,,,,,,,,,
fingir,,,,,,,,,,,,,,,,,,,,,,,
futura,,,,,,,,,,,,,,,,,,,,,,,
,,,atreve,,,,,,,,,,,,,,,,,,,,
,breve,,,,,,,,,,,,,,,,,,,,,,
,,,,,,,,,,,,,,,,calmos,,,,,,,
firmes,,,,,,,,,,,,,,,,,,,,,,,
,,,,,,,,,,,,,,,,cercada,,,,,,,
,,,,,,,,,,,,,,,,,,,países,,,,
,,,,,,,demas,,,,,,,,,,,,,,,,
faltava,,,,,,,,,,,,,,,,,,,,,,,
,,,,,,,,,aceitou,,,,,,,,,,,,,,
ficasse,,,,,,,,,,,,,,,,,,,,,,,
,,,,,,,,,,,,,,,,comerei,,,,,,,
falte,,,,,,,,,,,,,,,,,,,,,,,
,,,,,,,,,anime,,,,,,,,,,,,,,
faltou,,,,,,,,,,,,,,,,,,,,,,,
,,,,,,,,,animava,,,,,,,,,,,,,,
,beijá,,,,,,,,,,,,,,,,,,,,,,
,beijo,,,,,,,,,,,,,,,,,,,,,,
,,,atacar,,,,,,,,,,,,,,,,,,,,
,,,,,,,,,atacar,,,,,,,,,,,,,,
feriu,,,,,,,,,,,,,,,,,,,,,,,
,,,,,,,,,acusam,,,,,,,,,,,,,,
,,,,,,,,,,,,,,venceu,,,,,,,,,
,,,,,,,,,,,,,,,,cubram,,,,,,,
,,,,,,,,,,,,insultava,,,,,,,,,,,
,,,,,,,,,,,,,,,,,,,paraíso,,,,
,,,,,,,,,abaixou,,,,,,,,,,,,,,
,,,,,,,,,,,,,,,,cleopas,,,,,,,
,,,,,,,demoram,,,,,,,,,,,,,,,,
,,,,,,,,,,,,,,,,,,,parecia,,,,
,,,,,,,,,,,,,,,,carne,,,,,,,
,,,,,,,,,,,,,,voando,,,,,,,,,
,,,,,,,,,,,,,,,,criado,,,,,,,
,,,,,,,,,apagá,,,,,,,,,,,,,,
,,,,,,ilumina,,,,,,,,,,,,,,,,,
,,,,,,,,,,,,,nascem,,,,,,,,,,
,,,,,,,divina,,,,,,,,,,,,,,,,
,,,,,,,,,,,,,,,,,,,,,pudermos,,
,batiza,,,,,,,,,,,,,,,,,,,,,,
,,,,,,,,,achamos,,,,,,,,,,,,,,
,,,,,,,,,,,,,,,,cefas,,,,,,,
,,,,,,,,,,,,,,,,caná,,,,,,,
,,,,,,,,,,,,,,,,chicote,,,,,,,
,,,,,,,,,,,,,,,,cordas,,,,,,,
,,,,,,,,,,,,,nasce,,,,,,,,,,
,,,,,,,,,atual,,,,,,,,,,,,,,
falamos,,,,,,,,,,,,,,,,,,,,,,,
,,,,,,,,,aceitar,,,,,,,,,,,,,,
,bronze,,,,,,,,,,,,,,,,,,,,,,
fogem,,,,,,,,,,,,,,,,,,,,,,,
,,,,,,,,,,,,,noiva,,,,,,,,,,
,,,,,,,,,alegra,,,,,,,,,,,,,,
,,,,,,,,,aceita,,,,,,,,,,,,,,
,,,,,,,,,,,,,,,,cansado,,,,,,,
,balde,,,,,,,,,,,,,,,,,,,,,,
,,,,,,,,,adoram,,,,,,,,,,,,,,
,,,,,,,,,adorem,,,,,,,,,,,,,,
formado,,,,,,,,,,,,,,,,,,,,,,,
,,,,,,,,,agitava,,,,,,,,,,,,,,
,,,,,,,,,,,,,,viverão,,,,,,,,,
,,,,,,,,,,,,,,,,,julgo,,,,,,
,,,,,,,,,acesa,,,,,,,,,,,,,,
,,,,,,,,,,,,,,,,confiam,,,,,,,
,,,,,,,,,,,,,,,,comido,,,,,,,
,,,,,,,,,,,,,,,,,jogarei,,,,,,
,,,,,,,,,,,,,,vierem,,,,,,,,,
,,,,,,,desci,,,,,,,,,,,,,,,,
,,,,,,,,,,,criticar,,,,,,,,,,,,
,,,,,,,,,,,,,,,,comerem,,,,,,,
,,,,,,,,,,,,,,,,,jorrar,,,,,,
,,,,,,,,,,,,,,voltado,,,,,,,,,
feras,,,,,,,,,,,,,,,,,,,,,,,
,,,,,,,,,atirar,,,,,,,,,,,,,,
,,,,,,,,,,,,,,,,condeno,,,,,,,
,,,,,,,,,,,,,,,,,julgam,,,,,,
,,,,,,,,,agrada,,,,,,,,,,,,,,
,,,,,,,,,amariam,,,,,,,,,,,,,,
,,,,,,,,,assino,,,,,,,,,,,,,,
,,,,,,,,,,,,,,visita,,,,,,,,,
freio,,,,,,,,,,,,,,,,,,,,,,,
,,,,,,,,,,,,,,,,creio,,,,,,,
,,,,,,,,,,,,,,,,curral,,,,,,,
,,,,,,,,,agirão,,,,,,,,,,,,,,
fugirão,,,,,,,,,,,,,,,,,,,,,,,
,,,,,,,,,achará,,,,,,,,,,,,,,
,,,,,,,,,,,,,nona,,,,,,,,,,
,,,,,,,,,,abandona,,,,,,,,,,,,,
foge,,,,,,,,,,,,,,,,,,,,,,,
,,,,,,,,,arrancá,,,,,,,,,,,,,,
,,,,,,,deuses,,,,,,,,,,,,,,,,
,,,,,,,,,altura,,,,,,,,,,,,,,
,,,,,,,,,acordá,,,,,,,,,,,,,,
,,,,,,,,,,,,,natural,,,,,,,,,,
fruta,,,,,,,,,,,,,,,,,,,,,,,
,,,,,,,,,,,criaste,,,,,,,,,,,,
,,,,,,,,,,,,,,,,,,,,,puxados,,
,baixas,,,,,,,,,,,,,,,,,,,,,,
faixas,,,,,,,,,,,,,,,,,,,,,,,
,,,,,,,,,apega,,,,,,,,,,,,,,
,,,atrairei,,,,,,,,,,,,,,,,,,,,
,,,,,,indicar,,,,,,,,,,,,,,,,,
,,,,,,,,,amarrou,,,,,,,,,,,,,,
,,,,,,,,,,,,,,,,cintura,,,,,,,
,bacia,,,,,,,,,,,,,,,,,,,,,,
,,,,,,,,,,,,,,vestiu,,,,,,,,,
,,,,,,,,,,,,,,viremos,,,,,,,,,
,,,,,,,deixo,,,,,,,,,,,,,,,,
,,,,,,,,,amassem,,,,,,,,,,,,,,
,,,,,,,,,,,,,,videira,,,,,,,,,
,,,,,,,,,,,,,,,,cnido,,,,,,,
,,,,,,,,,,,,,,,,chamo,,,,,,,
falará,,,,,,,,,,,,,,,,,,,,,,,
,,,,,,,,,avisado,,,,,,,,,,,,,,
,,,,,,,,,,,,,,vencerá,,,,,,,,,
,,,,,,,,,afirma,,,,,,,,,,,,,,
,,,,,,,,,afirmei,,,,,,,,,,,,,,
,,,,,,,,,,,,,,virará,,,,,,,,,
falarei,,,,,,,,,,,,,,,,,,,,,,,
,,,,,,,,,,,,,,venci,,,,,,,,,
,,,,,,,,,antigo,,,,,,,,,,,,,,
,,,,,,,,,,,,,,,,contigo,,,,,,,
,,,,,,,,,amaste,,,,,,,,,,,,,,
,,,,,,,,,,,,,,,,cedrom,,,,,,,
,,,,,,,,,,,,,,,,,jardim,,,,,,
,,,,,,,,,armados,,,,,,,,,,,,,,
falei,,,,,,,,,,,,,,,,,,,,,,,
,,,,,,,,,,,,,nasci,,,,,,,,,,
,,,,,,,,,,,,,,,,condená,,,,,,,
,,,,,,,,,,,,,,,,calçada,,,,,,,
,,,atrevi,,,,,,,,,,,,,,,,,,,,
,,,,,,,,,,,,,,,,costura,,,,,,,
,,,,,,,,,,,,,,,,clopas,,,,,,,
,,,,,,,,,,,,,,vasilha,,,,,,,,,
,,,,,,,,,,,cruzes,,,,,,,,,,,,
,,,,,,,,,,,,,,,,cruzes,,,,,,,
,,,,,,,,,,,,,,,,corpos,,,,,,,
,,,,,,,,,aloés,,,,,,,,,,,,,,
,,,,,,,duvidar,,,,,,,,,,,,,,,,
,,,,,,,,,,,,,,,,clarear,,,,,,,
,brasas,,,,,,,,,,,,,,,,,,,,,,
,,,,,,,,,,,,,,,,contei,,,,,,,
,batizou,,,,,,,,,,,,,,,,,,,,,,
,,,,,barsabás,,,,,,,,,,,,,,,,,,
,,,,,,,,,apelido,,,,,,,,,,,,,,
,,,,,,,,,,,,,,,,chamas,,,,,,,
,,,,,,,,,,,,,,vindos,,,,,,,,,
frígia,,,,,,,,,,,,,,,,,,,,,,,
,,,,,,,,,,,,,,,,,,,panfília,,,,
,,,,,,,,,arábia,,,,,,,,,,,,,,
,bêbadas,,,,,,,,,,,,,,,,,,,,,,
,,,,,,,,,,,,,,visões,,,,,,,,,
fumaça,,,,,,,,,,,,,,,,,,,,,,,
,,,,,,,,,abalado,,,,,,,,,,,,,,
,,,,,,,,,,,,,,vivendo,,,,,,,,,
,,,,,,,,,,,cristão,,,,,,,,,,,,
,,,,,,,,,,,,,,,,cristão,,,,,,,
,,,,,,,,,,,,,,,,,,,partindo,,,,
,,,,,,,,,,,,,,,,cheias,,,,,,,
,,,,,,,,,,,,,,,,,,,partiam,,,,
,,,,,,,,,,,,,,,,coxo,,,,,,,
formoso,,,,,,,,,,,,,,,,,,,,,,,
,,,,,,,,,autor,,,,,,,,,,,,,,
,,,,,,,,,,,,,,,,colherá,,,,,,,
,,,,,,,,,,abençoá,,,,,,,,,,,,,
,,,,,,,,,abençoá,,,,,,,,,,,,,,
,,,,,,,,,,abandone,,,,,,,,,,,,,
,,,,,,,,,,,,,,,,,,,passamos,,,,
,,,,,,,,,ameaçá,,,,,,,,,,,,,,
,,,,,,,,,ameaçou,,,,,,,,,,,,,,
,,,,,,,,,,,,,,,,castigá,,,,,,,
falaste,,,,,,,,,,,,,,,,,,,,,,,
,,,,,,,,,,,,,,,,,,,pagãs,,,,
,,,,,,,,,ameaça,,,,,,,,,,,,,,
,,,,,,,,,,,,,,,,chipre,,,,,,,
,,,,,barnabé,,,,,,,,,,,,,,,,,,
,barnabé,,,,,,,,,,,,,,,,,,,,,,
,,,,,,,,,ananias,,,,,,,,,,,,,,
,,,,,,,dominar,,,,,,,,,,,,,,,,
,,,,,,,,,,,,,,,,,,,passasse,,,,
,,,,,,,,,,abrimos,,,,,,,,,,,,,
,,,,,,,,,abrimos,,,,,,,,,,,,,,
,,,,,,,dignos,,,,,,,,,,,,,,,,
,,,,,,,,,,,,,número,,,,,,,,,,
,,,,,,,,,,,,,,,,criados,,,,,,,
,,,,,,,diária,,,,,,,,,,,,,,,,
,,,,,,,,,,,,,nicanor,,,,,,,,,,
,,,,,,,,,,,,,nicolau,,,,,,,,,,
,,,,,,,,,,,cristã,,,,,,,,,,,,
,,,,,,,,,,,,,,,,cristã,,,,,,,
,,,,,,,,,,,,,,,,cilícia,,,,,,,
,,,,,,,,,,,,,,,,caldéia,,,,,,,
faraó,,,,,,,,,,,,,,,,,,,,,,,
,,,,,,,,,,,,,nomeou,,,,,,,,,,
,,,,,,,,,,,,,,,,canaã,,,,,,,
,,,,,,,,,,,,,,,,cressem,,,,,,,
,,,,,,,,,,abandoná,,,,,,,,,,,,,
,,,,,,,,,adotou,,,,,,,,,,,,,,
,,,,,,,,,,,,,,vingou,,,,,,,,,
,,,,,,,,,apartar,,,,,,,,,,,,,,
,,,,,,,,,,,,,,vivas,,,,,,,,,
,,,,,,imagem,,,,,,,,,,,,,,,,,
,barraca,,,,,,,,,,,,,,,,,,,,,,
,,,,,,,,,,,,,,,,coloque,,,,,,,
,,,atiravam,,,,,,,,,,,,,,,,,,,,
,,,,,,,,,aprovou,,,,,,,,,,,,,,
forçava,,,,,,,,,,,,,,,,,,,,,,,
,,,,,,,,,,,,,,,,,jogava,,,,,,
,,,,,,,,,,,,,,,,capital,,,,,,,
,,,,,,,,,amarga,,,,,,,,,,,,,,
,,,,,,,,,apronte,,,,,,,,,,,,,,
,,,,,,,,,,,,,,,,cópia,,,,,,,
,,,,,,,,,,,,,,,,cortam,,,,,,,
,,,,,,,,,azoto,,,,,,,,,,,,,,
,,,,,,,,,ameaçar,,,,,,,,,,,,,,
,,,,,,,,,,,,,,,,cartas,,,,,,,
,,,,,,,damasco,,,,,,,,,,,,,,,,
,,,,,,,,,,,,,,viajava,,,,,,,,,
,,,,,,,,,arrume,,,,,,,,,,,,,,
,,,,,,,,,,,,,,,,,jope,,,,,,
,,,,,,,dorcas,,,,,,,,,,,,,,,,
,,,,,,,,,,,,,,,,couros,,,,,,,
,,,,,,,,,,,,,,,,,,,parecida,,,,
,,,,,,,,,,,,,,,,comi,,,,,,,
,,,,,,,,,amizade,,,,,,,,,,,,,,
,,,,,,,,,,,,,,,,comecei,,,,,,,
,,,,,,,,,animou,,,,,,,,,,,,,,
,,,,,,,,,,,cristãos,,,,,,,,,,,,
,,,,,,,,,,,,,,,,cláudio,,,,,,,
,,,,,,,,,agradou,,,,,,,,,,,,,,
,,,,,,,,,,,,,,vigiado,,,,,,,,,
fervor,,,,,,,,,,,,,,,,,,,,,,,
,,,,,,,,,aperte,,,,,,,,,,,,,,
,,,,,,,,,amarre,,,,,,,,,,,,,,
,,,,,,,,,apoio,,,,,,,,,,,,,,
,blasto,,,,,,,,,,,,,,,,,,,,,,
,,,,,,,,,,,,,negro,,,,,,,,,,
,,,,,,,,,,,,,,,,,,jejuaram,,,,,
,,,,,,,,,,,,,,,,,,,pafos,,,,
,,,,,barjesus,,,,,,,,,,,,,,,,,,
,,,,,,,,,,,,,,,,,juízes,,,,,,
,,,,,,,desejo,,,,,,,,,,,,,,,,
,,,,,,,,,,,,,,,,corram,,,,,,,
,,,,,,,,,aceitá,,,,,,,,,,,,,,
,,,,,,,,,,,,,,,,,judias,,,,,,
,,,,,,icônio,,,,,,,,,,,,,,,,,
,,,,,,,derbe,,,,,,,,,,,,,,,,
,,,,,,,,,,,,,,,,,júpiter,,,,,,
,,,,,,,,,,,,,,,,coroas,,,,,,,
,,,,,,,,,,,,,,,,,,jejuavam,,,,,
,,,atália,,,,,,,,,,,,,,,,,,,,
,,,,,,,,,atália,,,,,,,,,,,,,,
,,,,,,itália,,,,,,,,,,,,,,,,,
,,,,,,,,,,,,,navio,,,,,,,,,,
,,,,,,,,,,,,,,,,criaram,,,,,,,
,,,,,,igrejas,,,,,,,,,,,,,,,,,
,bitínia,,,,,,,,,,,,,,,,,,,,,,
filipos,,,,,,,,,,,,,,,,,,,,,,,
,,,,,,,,,,,,,,,,colônia,,,,,,,
ficamos,,,,,,,,,,,,,,,,,,,,,,,
,,,,,,,,,,,,,,,,caímos,,,,,,,
,baterem,,,,,,,,,,,,,,,,,,,,,,
,blocos,,,,,,,,,,,,,,,,,,,,,,
,,,,,,,,,agido,,,,,,,,,,,,,,
fugido,,,,,,,,,,,,,,,,,,,,,,,
,,,atacaram,,,,,,,,,,,,,,,,,,,,
,,,,,,,,,,,,,,,,,jasão,,,,,,
,beréia,,,,,,,,,,,,,,,,,,,,,,
,,,,,,,,,agitar,,,,,,,,,,,,,,
,,,atiçar,,,,,,,,,,,,,,,,,,,,
,,,,,,,,,atiçar,,,,,,,,,,,,,,
,,,,,,,,,agiam,,,,,,,,,,,,,,
,,,,,,,,,atenas,,,,,,,,,,,,,,
,,,,,,,,,,,,,,,,câmara,,,,,,,
,,,,,,,,,,,,,,,,criar,,,,,,,
,,,,,,,,,,,,,,vivemos,,,,,,,,,
,,,,,,,dâmaris,,,,,,,,,,,,,,,,
,,,,,,,,,,,,,,,,corinto,,,,,,,
,,,,,,,,,,,crispo,,,,,,,,,,,,
,bispo,,,,,,,,,,,,,,,,,,,,,,
,,,,,,,,,,,,,,,,crispo,,,,,,,
,,,,,,,,,acaia,,,,,,,,,,,,,,
,,,,,,,,,,,,,,,,curta,,,,,,,
,,,,,,,,,apolo,,,,,,,,,,,,,,
,,,,,,,,,,,,,,votava,,,,,,,,,
,,,,,,,deusa,,,,,,,,,,,,,,,,
,,,,,,,diana,,,,,,,,,,,,,,,,
,,,,,,,,,,,,,negócio,,,,,,,,,,
,,,,,,,,,,,,,,valendo,,,,,,,,,
,,,,,,,,,adorada,,,,,,,,,,,,,,
,,,,,,,,,agarrou,,,,,,,,,,,,,,
,,,,,,,,,acalmar,,,,,,,,,,,,,,
,,,,,,,,,animá,,,,,,,,,,,,,,
,,,,,,,,,,,,,,,,,,,partimos,,,,
,,,,,,,,,,,,,,,,,janela,,,,,,
,,,,,,,,,,,,,,,,canela,,,,,,,
,,,,,,,,,assôs,,,,,,,,,,,,,,
fileto,,,,,,,,,,,,,,,,,,,,,,,
,,,,,,,,,,,,,,,,,,,passei,,,,
,,,,,,,,,,,,,,,,cheguei,,,,,,,
,,,,,,,,,apesar,,,,,,,,,,,,,,
firmeza,,,,,,,,,,,,,,,,,,,,,,,
,,,,,,,deixei,,,,,,,,,,,,,,,,
,,,,,,,,,,,,,,vozes,,,,,,,,,
ferozes,,,,,,,,,,,,,,,,,,,,,,,
,,,,,,,,,,,,,,,,cobicei,,,,,,,
,,,,,,,,,,,,,,,,chegada,,,,,,,
,,,,,,,despesa,,,,,,,,,,,,,,,,
,,,,,,,,,ajudem,,,,,,,,,,,,,,
,,,,,,,,,,,,,,vistas,,,,,,,,,
,,,,,,,defesa,,,,,,,,,,,,,,,,
,,,atendi,,,,,,,,,,,,,,,,,,,,
,,,,,,,,,,,,,,,,,joguei,,,,,,
,,,,,,,,,,,,,,voltei,,,,,,,,,
,,,,,,,,,,,criá,,,,,,,,,,,,
,,,,,,,,,,,,,,,,,jogavam,,,,,,
,,,,,,,,,,,,,,,,cidadão,,,,,,,
,,,,,,,,,,,,,,,,custou,,,,,,,
,,,,,,,,,,,,,,,,cavalos,,,,,,,
félix,,,,,,,,,,,,,,,,,,,,,,,
,,,,,,,,,abri,,,,,,,,,,,,,,
formas,,,,,,,,,,,,,,,,,,,,,,,
,,,,,,,,,acabado,,,,,,,,,,,,,,
,,,,,,,drusila,,,,,,,,,,,,,,,,
,,,,,,,,,,,,,,,,,judia,,,,,,
,,,,,,,domínio,,,,,,,,,,,,,,,,
,,,,,,,,,acusem,,,,,,,,,,,,,,
,,,,,,,,,apelo,,,,,,,,,,,,,,
,,,,,,,,,apelou,,,,,,,,,,,,,,
,,,,,,,,,agripa,,,,,,,,,,,,,,
,,,,,,,,,atendê,,,,,,,,,,,,,,
,,,,,,,,,,absurdo,,,,,,,,,,,,,
,,,,,,,,,absurdo,,,,,,,,,,,,,,
forcei,,,,,,,,,,,,,,,,,,,,,,,
,,,,,,,,,,,,,,viajei,,,,,,,,,
,,,,,,,,,apareci,,,,,,,,,,,,,,
,,,,,,,,,,,,,,,,,,,passarão,,,,
,,,,,,,,,,,,,,,,,júlio,,,,,,
,,,,,,,,,,,,,navegar,,,,,,,,,,
,,,,,,,devagar,,,,,,,,,,,,,,,,
,,,,,,,,,,,,,,,,capitão,,,,,,,
fênix,,,,,,,,,,,,,,,,,,,,,,,
,,,,,,,,,,,,,,,,cauda,,,,,,,
,bancos,,,,,,,,,,,,,,,,,,,,,,
,,,,,,,,,,,,,,,,,,,passada,,,,
,,,,,,,,,,,,,,,,confio,,,,,,,
,,,,,,,,,,,,,,,,corda,,,,,,,
fundura,,,,,,,,,,,,,,,,,,,,,,,
,,,,,,,,,,,,,,,,,jogando,,,,,,
fugindo,,,,,,,,,,,,,,,,,,,,,,,
,,,,,,inchado,,,,,,,,,,,,,,,,,
figura,,,,,,,,,,,,,,,,,,,,,,,
,,,,,,,,,acusa,,,,,,,,,,,,,,
,,,,,,,,,alugada,,,,,,,,,,,,,,
,,,,,,,,,aceito,,,,,,,,,,,,,,
,,,,,,,,,,,,,,,,castiga,,,,,,,
,,,,,,,,,,,,,,,,coberta,,,,,,,
,,,,,,imortal,,,,,,,,,,,,,,,,,
,,,,,,,desejos,,,,,,,,,,,,,,,,
,,,,,,,,,,,,,,,,cujas,,,,,,,
,,,,,,,,,,,,,,,,,,,paixões,,,,
,,,,,,,,,,,,,,,,ciúmes,,,,,,,
,brigas,,,,,,,,,,,,,,,,,,,,,,
,,,,,,imorais,,,,,,,,,,,,,,,,,
,,,,,,,,,,,,,,,,cumprem,,,,,,,
,,,,,,,,,aprovam,,,,,,,,,,,,,,
,,,,,,,,,,,,,,,,condena,,,,,,,
,buscam,,,,,,,,,,,,,,,,,,,,,,
,,,,,,,,,anuncio,,,,,,,,,,,,,,
,,,,,,,,,,,,,,,,confia,,,,,,,
,,,,,,,,,,,,,,,,,jovens,,,,,,
,,,,,,,,,,,,,,,,cometer,,,,,,,
,,,,,,infiel,,,,,,,,,,,,,,,,,
falas,,,,,,,,,,,,,,,,,,,,,,,
,,,,,,,digamos,,,,,,,,,,,,,,,,
,,,,,,,,,,,,,,,,clara,,,,,,,
,,,,,,,,,,,,,,,,,,,paciente,,,,
,,,,,,,,,,,,,,valesse,,,,,,,,,
,,,,,,,,,,,,,,,,cujos,,,,,,,
,,,,,,,,,,,,,,,,citamos,,,,,,,
,,,,,,,,,aceitos,,,,,,,,,,,,,,
,,,,,,,dominou,,,,,,,,,,,,,,,,
,,,,,,imensa,,,,,,,,,,,,,,,,,
,,,,,,,,,,,,,,vivamos,,,,,,,,,
,,,,,,,,,,,,,,valeu,,,,,,,,,
,,,,,,,domine,,,,,,,,,,,,,,,,
fracos,,,,,,,,,,,,,,,,,,,,,,,
,,,,,,,,,,,,,,,,casada,,,,,,,
,,,,,,,,,antiga,,,,,,,,,,,,,,
,,,,,,,,,,,,,,,,cobiça,,,,,,,
,,,,,,,,,,,,,,,,cobice,,,,,,,
,,,,,,,,,aprova,,,,,,,,,,,,,,
,,,,,,infeliz,,,,,,,,,,,,,,,,,
,,,,,,,,,,,,,,,,comamos,,,,,,,
,,,,,,,,,acusará,,,,,,,,,,,,,,
,,,,,,,declara,,,,,,,,,,,,,,,,
,,,,,,,,,,,,,,vitória,,,,,,,,,
,barro,,,,,,,,,,,,,,,,,,,,,,
,baseada,,,,,,,,,,,,,,,,,,,,,,
,,,,,,,,,aceitas,,,,,,,,,,,,,,
,,,,,,,,,,abençoa,,,,,,,,,,,,,
,,,,,,,,,abençoa,,,,,,,,,,,,,,
,,,,,,,,,altares,,,,,,,,,,,,,,
,baal,,,,,,,,,,,,,,,,,,,,,,
,baseia,,,,,,,,,,,,,,,,,,,,,,
faze,,,,,,,,,,,,,,,,,,,,,,,
,,,,,,,durará,,,,,,,,,,,,,,,,
funções,,,,,,,,,,,,,,,,,,,,,,,
fingido,,,,,,,,,,,,,,,,,,,,,,,
,,,,,,,,,alegram,,,,,,,,,,,,,,
,,,,,,,,,aceitem,,,,,,,,,,,,,,
,,,,,,,,,,,,,,vençam,,,,,,,,,
,,,,,,,devido,,,,,,,,,,,,,,,,
farras,,,,,,,,,,,,,,,,,,,,,,,
,,,,,,,,,amarão,,,,,,,,,,,,,,
,,,,,,,,,,,,,,vencido,,,,,,,,,
,,,,,,,destrua,,,,,,,,,,,,,,,,
,,,,,,,,,,,,,,,,cresça,,,,,,,
,,,,,,,,,atrevi,,,,,,,,,,,,,,
,,,,,,ilíria,,,,,,,,,,,,,,,,,
,,,,,,,,,apeles,,,,,,,,,,,,,,
,,,,,,,,,,,,,,,,,,,patrício,,,,
,,,,,,,,,,,,,narciso,,,,,,,,,,
ferida,,,,,,,,,,,,,,,,,,,,,,,
,,,,,,,,,amiga,,,,,,,,,,,,,,
,,,,,,,,,,,,,,,,,júlia,,,,,,
,,,,,,,,,,,,,nereu,,,,,,,,,,
,,,,,,,,,alegro,,,,,,,,,,,,,,
,batizei,,,,,,,,,,,,,,,,,,,,,,
,,,,,,,,,anunciá,,,,,,,,,,,,,,
,,,,,,,,,,,,,,visitei,,,,,,,,,
,,,,,,,,,,,,,,,,,jamais,,,,,,
,,,,,,,,,,,,,,,,,julgada,,,,,,
,,,,,,,,,,,,,,,,costumo,,,,,,,
,,,,,,,,,,,,,,,,capim,,,,,,,
,,,,,,,,,,,,,,,,,julguei,,,,,,
,,,,,,,,,atreve,,,,,,,,,,,,,,
,,,,,,,,,,,,,,,,casos,,,,,,,
,,,,,,,,,acordem,,,,,,,,,,,,,,
,,,,,,,dedicar,,,,,,,,,,,,,,,,
,,,,,,,,,,,,,,,,casem,,,,,,,
,,,,,,,,,,,,,,,,casados,,,,,,,
,,,,,,,,,,,,,,,,compram,,,,,,,
,,,,,,,,,agradá,,,,,,,,,,,,,,
,,,,,,,,,,,,,noivos,,,,,,,,,,
,,,,,,,,,,,criticam,,,,,,,,,,,,
,,,,,,,defendo,,,,,,,,,,,,,,,,
,,,,,,,,,,,,,,viagens,,,,,,,,,
,,,,,,,,,apóio,,,,,,,,,,,,,,
,,,,,,,,,,,,,,,,corrida,,,,,,,
,,,,,,,,,atleta,,,,,,,,,,,,,,
,,,,,,,,,agüenta,,,,,,,,,,,,,,
,,,,,,,,,aliás,,,,,,,,,,,,,,
,,,,,,,direto,,,,,,,,,,,,,,,,
,boxe,,,,,,,,,,,,,,,,,,,,,,
,,,,,,,,,aviso,,,,,,,,,,,,,,
,,,,,,,,,,,,,,,,cumpre,,,,,,,
,,,,,,,,,açougue,,,,,,,,,,,,,,
,,,,,,,,,,,,insulto,,,,,,,,,,,
,,,,,,,,,,,,,,,,culto,,,,,,,
,,,,,,,desonra,,,,,,,,,,,,,,,,
formam,,,,,,,,,,,,,,,,,,,,,,,
formar,,,,,,,,,,,,,,,,,,,,,,,
,,,,,,,,,,,,,,,,cheirar,,,,,,,
,,,,,,,,,,,,,,,,caladas,,,,,,,
,,,,,,,,,,abaladas,,,,,,,,,,,,,
faladas,,,,,,,,,,,,,,,,,,,,,,,
,,,,,,,,,,,,,,vaidoso,,,,,,,,,
,,,,,,,desiste,,,,,,,,,,,,,,,,
,,,,,,,durarão,,,,,,,,,,,,,,,,
,,,,,,,,,adulto,,,,,,,,,,,,,,
face,,,,,,,,,,,,,,,,,,,,,,,
,,,,,,,,,aretas,,,,,,,,,,,,,,
,,,,,,,,,,,,,,,,consolo,,,,,,,
,,,,,,,,,ajudada,,,,,,,,,,,,,,
,,,,,,,,,,,,inspirada,,,,,,,,,,,
flauta,,,,,,,,,,,,,,,,,,,,,,,
,,,,,,,,,,,,,,,,corneta,,,,,,,
,batalha,,,,,,,,,,,,,,,,,,,,,,
,,,,,,,,,,,,insultos,,,,,,,,,,,
,,,,,,,,,adultos,,,,,,,,,,,,,,
,,,,,,,,,,,,,,,,comecem,,,,,,,
,,,,,,,,,,,,,,,,cargos,,,,,,,
,batizam,,,,,,,,,,,,,,,,,,,,,,
,bebamos,,,,,,,,,,,,,,,,,,,,,,
,,,,,,,,,,,,,,,,,juntará,,,,,,
,,,,,,,,,,,,,,,,crescer,,,,,,,
,beleza,,,,,,,,,,,,,,,,,,,,,,
,bonito,,,,,,,,,,,,,,,,,,,,,,
,,,,,,,,,acaico,,,,,,,,,,,,,,
,,,,,,,,,,,cristãs,,,,,,,,,,,,
,,,,,,,,,,,,,,,,cristãs,,,,,,,
,,,,,,,,,auxilia,,,,,,,,,,,,,,
,,,,,,,,,,,,,,,,confiar,,,,,,,
,,,,,,,,,,,,,,,,cheguem,,,,,,,
,,,,,,início,,,,,,,,,,,,,,,,,
,,,,,,,,,alegrar,,,,,,,,,,,,,,
,,,,,,,,,acabe,,,,,,,,,,,,,,
,,,,,,,despedi,,,,,,,,,,,,,,,,
,,,,,,,desfile,,,,,,,,,,,,,,,,
,,,,,,,,,agimos,,,,,,,,,,,,,,
fazemos,,,,,,,,,,,,,,,,,,,,,,,
,,,,,,,,,,,,,,,,cobria,,,,,,,
,,,,,,,,,,,,,notados,,,,,,,,,,
,,,,,,inteira,,,,,,,,,,,,,,,,,
,,,,,,,,,alcance,,,,,,,,,,,,,,
,,,,,,,,,atendi,,,,,,,,,,,,,,
,,,,,,,defeito,,,,,,,,,,,,,,,,
,,,,,,,dormir,,,,,,,,,,,,,,,,
,,,,,,,,,animado,,,,,,,,,,,,,,
,,,,,,,,,anima,,,,,,,,,,,,,,
,,,,,,,,,aliviar,,,,,,,,,,,,,,
,,,,,,,,,auxílio,,,,,,,,,,,,,,
,,,,,,,,,animada,,,,,,,,,,,,,,
,,,,,,,,,,,cresçam,,,,,,,,,,,,
,,,,,,,,,,,,,,,,cresçam,,,,,,,
,,,,,,,,,,,,,,,,carinho,,,,,,,
,,,,,,imenso,,,,,,,,,,,,,,,,,
,briguem,,,,,,,,,,,,,,,,,,,,,,
,,,,,,,,,ativos,,,,,,,,,,,,,,
,,,,,,idéias,,,,,,,,,,,,,,,,,
,,,,,,igualar,,,,,,,,,,,,,,,,,
,,,,,,,devoção,,,,,,,,,,,,,,,,
,,,,,,,,,admirar,,,,,,,,,,,,,,
,,,atrevem,,,,,,,,,,,,,,,,,,,,
,,,,,,,,,atrevem,,,,,,,,,,,,,,
,,,,,,,,,atrever,,,,,,,,,,,,,,
,,,,,,,,,afundou,,,,,,,,,,,,,,
,boiando,,,,,,,,,,,,,,,,,,,,,,
,,,,,,,,,,,,,nomeado,,,,,,,,,,
,baseie,,,,,,,,,,,,,,,,,,,,,,
,,,,,,impedir,,,,,,,,,,,,,,,,,
,,,,,,,,,,,,,,,,cedemos,,,,,,,
,,,,,,,,,aperto,,,,,,,,,,,,,,
,,,,,,imposta,,,,,,,,,,,,,,,,,
,bênção,,,,,,,,,,,,,,,,,,,,,,
,,,,,,,,,assinam,,,,,,,,,,,,,,
,,,,,,,,,,,,,,,,,,,,,,,descendência
,,,,,,,,,,,,,,,,cumpri,,,,,,,
,,,,,,,,,anular,,,,,,,,,,,,,,
,,,,,,,,,,,,,,,,cuidam,,,,,,,
,,,,,,,dominam,,,,,,,,,,,,,,,,
,,,,,,,dirija,,,,,,,,,,,,,,,,
,,,,,,,,,acessos,,,,,,,,,,,,,,
,,,,,,,,,ambição,,,,,,,,,,,,,,
,,,,,,invejas,,,,,,,,,,,,,,,,,
,,,,,,,,,,,,,,,,crie,,,,,,,
,,,,,,,decisão,,,,,,,,,,,,,,,,
formou,,,,,,,,,,,,,,,,,,,,,,,
,,,,,,,divinas,,,,,,,,,,,,,,,,
,,,,,,imensas,,,,,,,,,,,,,,,,,
,,,,,,,,,animem,,,,,,,,,,,,,,
,,,,,,,,,ajoelho,,,,,,,,,,,,,,
,,,,,,,,,,,,,,,,conhecê,,,,,,,
fixos,,,,,,,,,,,,,,,,,,,,,,,
,baixos,,,,,,,,,,,,,,,,,,,,,,
,,,,,,insisto,,,,,,,,,,,,,,,,,
,,,,,,,,,,,,,,,,criada,,,,,,,
,,,,,,,,,,,,,,,,convém,,,,,,,
,,,,,,,decente,,,,,,,,,,,,,,,,
,,,,,,,,,agradam,,,,,,,,,,,,,,
,,,,,,,,,acorde,,,,,,,,,,,,,,
,,,,,,,,,,,,,,,,criá,,,,,,,
,,,,,,,,,,,,,,,,couraça,,,,,,,
,,,,,,,,,,,,,,,,calcem,,,,,,,
,bispos,,,,,,,,,,,,,,,,,,,,,,
,,,,,,,,,ausente,,,,,,,,,,,,,,
,,,,,,inúteis,,,,,,,,,,,,,,,,,
,,,,,,,,,,aborreço,,,,,,,,,,,,,
formos,,,,,,,,,,,,,,,,,,,,,,,
,,,,,,,,,,,,,,valiam,,,,,,,,,
,,,,,,,,,avanço,,,,,,,,,,,,,,
,,,,,,,,,,,,,,,,claras,,,,,,,
,,,,,,,,,amáveis,,,,,,,,,,,,,,
,,,,,,,,,aprendi,,,,,,,,,,,,,,
,,,,,,,,,,,,,,visível,,,,,,,,,
,,,,,,,,,afastar,,,,,,,,,,,,,,
,,,,,,,,,,,,,,,,conheça,,,,,,,
,,,,,,,,,adultas,,,,,,,,,,,,,,
,,,,,,,,,,,,instruam,,,,,,,,,,,
,,,,,,,domina,,,,,,,,,,,,,,,,
,,,,,,,,,anulou,,,,,,,,,,,,,,
,,,,,,insiste,,,,,,,,,,,,,,,,,
,,,,,,,,,,,criatura,,,,,,,,,,,,
forçada,,,,,,,,,,,,,,,,,,,,,,,
,,,,,,insulto,,,,,,,,,,,,,,,,,
,,,,,,irritem,,,,,,,,,,,,,,,,,
,,,,,,,,,,,,,,,,,,,passarem,,,,
,,,,,,,,,,,,,ninfa,,,,,,,,,,
,,,,,,,,,arquipo,,,,,,,,,,,,,,
,,,,,,,,,,,,,,,,contam,,,,,,,
,,,,,,,divino,,,,,,,,,,,,,,,,
falemos,,,,,,,,,,,,,,,,,,,,,,,
,,,,,,,,,agrade,,,,,,,,,,,,,,
,,,,,,,,,arcanjo,,,,,,,,,,,,,,
,,,,,,,descerá,,,,,,,,,,,,,,,,
,,,,,,,,,,,,,,,,calada,,,,,,,
,,,,,,,dormem,,,,,,,,,,,,,,,,
,,,,,,,,,,,,,,,,cansem,,,,,,,
,,,,,,,,,,,,,,,,causado,,,,,,,
,,,,,,,,,,,,,,,,calma,,,,,,,
,,,,,,,,,,,,,,,,,,,pacífica,,,,
,,,,,,,,,,,,,,,,,jóias,,,,,,
,,,,,,,,,,,,,,,,,,,pacífico,,,,
,,,,,,,,,apegar,,,,,,,,,,,,,,
,,,,,,,diácono,,,,,,,,,,,,,,,,
,,,,,,,,,,,,,,,,coluna,,,,,,,
físicos,,,,,,,,,,,,,,,,,,,,,,,
,,,,,,,dedique,,,,,,,,,,,,,,,,
,,,,,,,,,,,,,,,,cuide,,,,,,,
,,,,,,,dedicá,,,,,,,,,,,,,,,,
,,,,,,,,,avós,,,,,,,,,,,,,,
,,,,,,,,,,,,,,,,culpá,,,,,,,
,,,,,,,dobro,,,,,,,,,,,,,,,,
,,,,,,,,,avó,,,,,,,,,,,,,,
fígelo,,,,,,,,,,,,,,,,,,,,,,,
,,,,,,,,,,,,,,,,civil,,,,,,,
,,,,,,,dirige,,,,,,,,,,,,,,,,
,,,,,,,,,,,,,,,,corrige,,,,,,,
,,,,,,,,,,,,,,,,,janes,,,,,,
,,,,,,,,,,,,,,,,,jambres,,,,,,
faltas,,,,,,,,,,,,,,,,,,,,,,,
,,,,,,insista,,,,,,,,,,,,,,,,,
,,,,,,,,,,,,,,,,carpo,,,,,,,
,,,,,,,,,,,,,,,,cláudia,,,,,,,
,,,,,,,,,,,,,nomear,,,,,,,,,,
,,,,,,impuros,,,,,,,,,,,,,,,,,
,,,,,,,,,,,,,,,,conduta,,,,,,,
,,,,,,,,,agradem,,,,,,,,,,,,,,
,,,,,,,dedica,,,,,,,,,,,,,,,,
,,,,,,,debates,,,,,,,,,,,,,,,,
,,,,,,,,,aprenda,,,,,,,,,,,,,,
filemom,,,,,,,,,,,,,,,,,,,,,,,
,,,,,,,,,,,,,,,,criaste,,,,,,,
,,,,,,,,,,,,,,,,céus,,,,,,,
,,,,,,,,,,,,,,viverás,,,,,,,,,
,,,,,,,,,,,,,,,,casaco,,,,,,,
,,,,,,,,,,,,,,,,,,,,,puseste,,
,,,,,,,,,,,,,,,,coroado,,,,,,,
,,,,,,,,,,,,,,,,,,,,,purifica,,
,,,,,,irritou,,,,,,,,,,,,,,,,,
,,,,,,,,,,,,,,,,custam,,,,,,,
,bases,,,,,,,,,,,,,,,,,,,,,,
,baseava,,,,,,,,,,,,,,,,,,,,,,
,,,,,,,,,anulada,,,,,,,,,,,,,,
,brotos,,,,,,,,,,,,,,,,,,,,,,
,,,,,,,,,abertas,,,,,,,,,,,,,,
,bezerra,,,,,,,,,,,,,,,,,,,,,,
,,,,,,,,,,,,,,vigor,,,,,,,,,
,,,,,,,,,,,,,,,,cópias,,,,,,,
,,,,,,,,,após,,,,,,,,,,,,,,
,,,,,,,dirigir,,,,,,,,,,,,,,,,
,,,,,,insulta,,,,,,,,,,,,,,,,,
,,,,,,,,,avisos,,,,,,,,,,,,,,
,,,,,,,,,apoiou,,,,,,,,,,,,,,
,,,,,,,,,adorou,,,,,,,,,,,,,,
,baraque,,,,,,,,,,,,,,,,,,,,,,
,,,,,,,,,,,,,,,,,,jefté,,,,,
,,,,,,,,,,,,,,,,,jefté,,,,,,
,buracos,,,,,,,,,,,,,,,,,,,,,,
,,,,,,,,,ajudará,,,,,,,,,,,,,,
,,,,,,,duvidem,,,,,,,,,,,,,,,,
,,,,,,,duvida,,,,,,,,,,,,,,,,
,,,atraídas,,,,,,,,,,,,,,,,,,,,
,,,,,,,,,,,,,nasça,,,,,,,,,,
,,,,,,,demore,,,,,,,,,,,,,,,,
,,,,,,,,,,abençoar,,,,,,,,,,,,,
,,,,,,,,,anéis,,,,,,,,,,,,,,
,bondosa,,,,,,,,,,,,,,,,,,,,,,
,,,,,,,desejam,,,,,,,,,,,,,,,,
,brigam,,,,,,,,,,,,,,,,,,,,,,
fugirá,,,,,,,,,,,,,,,,,,,,,,,
,,,,,,,,,,,,,neblina,,,,,,,,,,
,,,,,,,,,,,,,,,,comerá,,,,,,,
,,,,,,,,,,,,,,,,condene,,,,,,,
,,,,,,,,,,,críticas,,,,,,,,,,,,
,,,,,,,,,,,,,,,,carnais,,,,,,,
,,,,,,,,,,,,,,,,,,,patrões,,,,
,bonita,,,,,,,,,,,,,,,,,,,,,,
,,,,,,,,,alcançá,,,,,,,,,,,,,,
,,,,,,,,,,,,,nojenta,,,,,,,,,,
,,,,,,,devorar,,,,,,,,,,,,,,,,
,,,,,,imitar,,,,,,,,,,,,,,,,,
,,,,,,,,,alerta,,,,,,,,,,,,,,
,,,,,,,,,,,,instinto,,,,,,,,,,,
,,,,,,,,,,,,,,,,caçados,,,,,,,
,,,,,,,,,apetite,,,,,,,,,,,,,,
,balaão,,,,,,,,,,,,,,,,,,,,,,
,beor,,,,,,,,,,,,,,,,,,,,,,
,,,,,,,,,,,,,,,,cobiçou,,,,,,,
,,,,,,,,,,,,,,vômito,,,,,,,,,
formada,,,,,,,,,,,,,,,,,,,,,,,
,,,,,,,deseja,,,,,,,,,,,,,,,,
,,,,,,,,,,,,,,,,causam,,,,,,,
,,,,,,,defende,,,,,,,,,,,,,,,,
,,,,,,,,,,,,,,,,cobiçam,,,,,,,
,,,,,,,,,,,creiamos,,,,,,,,,,,,
,,,,,,,decidir,,,,,,,,,,,,,,,,
,,,,,,,,,atreveu,,,,,,,,,,,,,,
,bravas,,,,,,,,,,,,,,,,,,,,,,
,bajulam,,,,,,,,,,,,,,,,,,,,,,
,,,,,,,,,alfa,,,,,,,,,,,,,,
,,,,,,,,,,,,,,,,,,,patmos,,,,
,,,,,,,,,,,,,,,,chegava,,,,,,,
,brancos,,,,,,,,,,,,,,,,,,,,,,
,,,,,,,,,antipas,,,,,,,,,,,,,,
,balaque,,,,,,,,,,,,,,,,,,,,,,
,brilham,,,,,,,,,,,,,,,,,,,,,,
,,,,,,,,,,,,,,,,,,jezabel,,,,,
,,,,,,,,,,,,,,,,,jezabel,,,,,,
,,,atacarei,,,,,,,,,,,,,,,,,,,,
,,,,,,,,,andarão,,,,,,,,,,,,,,
,,,,,,,,,,,,,,vomitá,,,,,,,,,
,,,,,,,,,,,,,nudez,,,,,,,,,,
,,,,,,,,,,,,,,,,colírio,,,,,,,
,,,,,,,,,,,,,,,,corrijo,,,,,,,
,,,,,,,,,,,,,,,,,jaspe,,,,,,
,,,,,,,,,,,,,,vidro,,,,,,,,,
,,,,,,,,,,,cristal,,,,,,,,,,,,
,,,,,,,,,,,,,,,,cristal,,,,,,,
famoso,,,,,,,,,,,,,,,,,,,,,,,
,,,,,,,,,,,,,,,,chifres,,,,,,,
,,,,,,,,,,,,,,,,canção,,,,,,,
foste,,,,,,,,,,,,,,,,,,,,,,,
,,,,,,,,,,,,,,,,cavalo,,,,,,,
,balança,,,,,,,,,,,,,,,,,,,,,,
,,,,,,,,,,,,,,,,custa,,,,,,,
,,,,,,,,,amarelo,,,,,,,,,,,,,,
,,,,,,,,,almas,,,,,,,,,,,,,,
,,,,,,,,,,,,,,,,,,,papel,,,,
,,,,issacar,,,,,,,,,,,,,,,,,,,
,,,,,,issacar,,,,,,,,,,,,,,,,,
,,,,,,,,,,,,,,,,,,,palmeira,,,,
,,,,,,,,,,,,,navios,,,,,,,,,,
,,,,,,,,,,,,,,voava,,,,,,,,,
ferrões,,,,,,,,,,,,,,,,,,,,,,,
,,,,,,,,,,abadom,,,,,,,,,,,,,
,,,,,,,,,abadom,,,,,,,,,,,,,,
,,,,,,,,,apolião,,,,,,,,,,,,,,
,,,,,,,,,azuis,,,,,,,,,,,,,,
,,,,,,,,,,,,,,,,colunas,,,,,,,
,,,,,,,,,azedo,,,,,,,,,,,,,,
,,,,,,,,,,,,,,,,chova,,,,,,,
,,,,,,,dragão,,,,,,,,,,,,,,,,
,,,,,,,,,,,,,,,,cabeças,,,,,,,
furioso,,,,,,,,,,,,,,,,,,,,,,,
,,,,,,,,,agüente,,,,,,,,,,,,,,
furor,,,,,,,,,,,,,,,,,,,,,,,
,,,,,,,,,alívio,,,,,,,,,,,,,,
,,,,,,,,,,,,,,,,cachos,,,,,,,
,,,,,,,,,adorado,,,,,,,,,,,,,,
,,,,,,imundos,,,,,,,,,,,,,,,,,
famosa,,,,,,,,,,,,,,,,,,,,,,,
,,,,,,,,,,,,,,,,cumpram,,,,,,,
,,,,,,imundas,,,,,,,,,,,,,,,,,
,,,,,,,,,,,,,,vestida,,,,,,,,,
,,,,,,,,,,,,,noivas,,,,,,,,,,
,,,,,,,,,aleluia,,,,,,,,,,,,,,
,,,,,,,,,,,,,,,,combate,,,,,,,
,,,,,,,,,,,,,,,,comuns,,,,,,,
,berilo,,,,,,,,,,,,,,,,,,,,,,
,,,,,,,,,,,,,,,,,jacinto,,,,,,
,,,,,,imundo,,,,,,,,,,,,,,,,,
