u,e,a,mien,mieno,pũ,ewyie,ie,m,t,wir,ewyi,i
,,,,,,,,mi,,,,
,,,,,,,,,ti,,,
,,,,mienoi,,,,,,,,
,,,,,pũsui,,,,,,,
,,,,,,ewyiesui,,,,,,
,,,,,,,iesui,,,,,
,,,,,,,,,,,ewyiesui,
,,,,,,,,,,,,iesui
ut,,,,,,,,,,,,
,et,,,,,,,,,,,
,,at,,,,,,,,,,
,,,,,,,,,tat,,,
uiat,,,,,,,,,,,,
,,,,,,,,miat,,,,
,etiat,,,,,,,,,,,
,,,,,,,,mu,,,,
,,,,,,,,,tu,,,
,,,,,,,,mateu,,,,
,,,,,,,,,tateu,,,
,,,,,,,,,,wirateu,,
,,,,,,,,mo,,,,
,,,,,,,,,,,,io
,,,,,,,,,to,,,
,,,,,,,,,,wiro,,
,eto,,,,,,,,,,,
,,,,,,,,,,,,ito
,,aito,,,,,,,,,,
uito,,,,,,,,,,,,
,eito,,,,,,,,,,,
,,,,mienoiuito,,,,,,,,
,,,mienoiuito,,,,,,,,,
,,,,,,,,me,,,,
,,,,,,,,,te,,,
,,,,,,,,,,wire,,
,eꞌe,,,,,,,,,,,
,,,,,,,,,,,,iꞌe
,,,,,,,,,tuꞌe,,,
,,,,,,,,muꞌe,,,,
,,,,,,,,,,,,imuꞌe
,emuꞌe,,,,,,,,,,,
uꞌi,,,,,,,,,,,,
,,,,,,,,miꞌi,,,,
,en,,,,,,,,,,,
,,an,,,,,,,,,,
,,,,,,,,man,,,,
,,,,,,,,,,,ewyiwan,
,,,,,,,,,,,,iwan
,,,,,,,,,tiwan,,,
,,,,,,,,miwan,,,,
,,,,,,,,,,,,imiwan
,emiwan,,,,,,,,,,,
uimiwan,,,,,,,,,,,,
,eimiwan,,,,,,,,,,,
,,aimiwan,,,,,,,,,,
,,amo,,,,,,,,,,
,,,,,,,,,,,,imo
,eimo,,,,,,,,,,,
,,aimo,,,,,,,,,,
,,,,,,,,mimo,,,,
uimo,,,,,,,,,,,,
,,,,,,,,,timo,,,
,,atimo,,,,,,,,,,
,etimo,,,,,,,,,,,
,,ap,,,,,,,,,,
,,,,,,,,,tep,,,
,,,,,,,,merep,,,,
,,apo,,,,,,,,,,
,,,,,,,,,,,,ipo
,epo,,,,,,,,,,,
,,,,,,,,,tipo,,,
,,aipo,,,,,,,,,,
uipo,,,,,,,,,,,,
,,,,,,,,mipo,,,,
,eipo,,,,,,,,,,,
,,,,,,,,mot,,,,
,,,,,,,,,typot,,,
,,,,,,,,ma,,,,
,,,,,,,,,ta,,,
,,asa,,,,,,,,,,
,,akasa,,,,,,,,,,
,,aꞌakasa,,,,,,,,,,
,,,,,,,,map,,,,
,,,,,,,,,toꞌi,,,
,,,,,,,,,,,,ikuap
,ekuap,,,,,,,,,,,
,,,,,,,,mikuap,,,,
,,aikuap,,,,,,,,,,
uikuap,,,,,,,,,,,,
,,,,,,,,,tikuap,,,
,eikuap,,,,,,,,,,,
,emikuap,,,,,,,,,,,
,,are,,,,,,,,,,
,ere,,,,,,,,,,,
uwe,,,,,,,,,,,,
,,,,,,,,,tuwe,,,
,,,,,,,,mesuwe,,,,
,,,,,,,,,tyꞌi,,,
,,,,,,,,mia,,,,
,,aria,,,,,,,,,,
uria,,,,,,,,,,,,
,eria,,,,,,,,,,,
,,,,,,,,maria,,,,
,,,,,,,,muaria,,,,
,,,,,,,,,,,,itu
,etu,,,,,,,,,,,
,,,,,,,,,,,,iatu
,,,,,,,,,,,,iꞌatu
,,,,,,,,,tiꞌatu,,,
,,,,,,,,miꞌatu,,,,
,etiꞌatu,,,,,,,,,,,
,,atiꞌatu,,,,,,,,,,
,,,,,,,,,tet,,,
,,,,,,,,,,,,ihik
,,,,,,,,,teran,,,
,,,,,,,,,tꞌin,,,
,,ano,,,,,,,,,,
,,,,,,,,mono,,,,
,,,,,,,,meꞌi,,,,
,,aseꞌi,,,,,,,,,,
,eꞌaseꞌi,,,,,,,,,,,
,,arãu,,,,,,,,,,
,,aparãu,,,,,,,,,,
upiat,,,,,,,,,,,,
,,,,,,,,,,,,ipiat
,epiat,,,,,,,,,,,
,,,,,,,,,tepiat,,,
,,ase,,,,,,,,,,
,,,,,,,iese,,,,,
,,,,,,,,,,,,iese
,,,,,,,,,tã,,,
,,akotã,,,,,,,,,,
,,aikotã,,,,,,,,,,
,,ana,,,,,,,,,,
,,,,,,,,mana,,,,
,,,,,,,,,tupana,,,
,,,,,,,,,toꞌe,,,
,,,,,,,iero,,,,,
,,,,,,,,,,,,iro
,,,,,,,,moro,,,,
,,,,,,,,meiũran,,,,
,,aru,,,,,,,,,,
,,,,,,,ieru,,,,,
uru,,,,,,,,,,,,
,,,,,,ewyieru,,,,,,
,,,,,,,,,tiru,,,
,,,,,,,,,,,,iãꞌỹi
,eiãꞌỹi,,,,,,,,,,,
,eꞌat,,,,,,,,,,,
,,,,,,,,myhuꞌat,,,,
,,,,,,,,,tania,,,
uwania,,,,,,,,,,,,
,,,,,,,,muat,,,,
,ete,,,,,,,,,,,
,,,,,,,iete,,,,,
,,,,,,,iewyte,,,,,
,ewyte,,,,,,,,,,,
,,,,,,,,,,,,iewyte
,,,,,,,,,,,ewyiꞌewyte,
,,,,,,,,,,,,iꞌewyte
,,awi,,,,,,,,,,
,,,,,,,,,tawi,,,
,,,,,,,,mywiat,,,,
,,,,,,,,,taꞌyn,,,
uimi,,,,,,,,,,,,
,eimi,,,,,,,,,,,
,,,,,,,,mimi,,,,
,,aimi,,,,,,,,,,
upyno,,,,,,,,,,,,
,ewypyno,,,,,,,,,,,
,,,,,,,ieha,,,,,
,,,,,,,,,,,,iha
,eha,,,,,,,,,,,
,,,,,,,,,,,,ieha
,,,,,,,,,teha,,,
,,,,,,,,meha,,,,
,,aheha,,,,,,,,,,
,eheha,,,,,,,,,,,
uheha,,,,,,,,,,,,
,,,,,,,,,taꞌat,,,
,,,,,,,,maꞌat,,,,
,eraꞌat,,,,,,,,,,,
,,araꞌat,,,,,,,,,,
,,,,,,,,,,,,iherep
,,,,,,,,moherep,,,,
,,,,,,,,,tosai,,,
,esaki,,,,,,,,,,,
,,,,,,,,,,,,isaki
,,,,,,,,myi,,,,
,,,,,,,,,,,,iko
,eko,,,,,,,,,,,
,,,,,,,,,,,,iako
,,,,,,,,,,,,iuta
,,,,,,,,mywo,,,,
,,,,,,,,,tere,,,
,,,,,,,,,tyt,,,
,eywyt,,,,,,,,,,,
,,,,,,,,,,,,iywyt
,,,,,,,,,,,ewyieru,
,,,,,,,,meru,,,,
,,,,,,,,,,,,ieru
,eharyꞌi,,,,,,,,,,,
,,,,,,,,,,,,iharyꞌi
,,,,,,,,,tamãu,,,
,,,,,,,,,,,,ihũ
uhũ,,,,,,,,,,,,
,ehũ,,,,,,,,,,,
,esehũ,,,,,,,,,,,
upi,,,,,,,,,,,,
,,,,,,,,,,,,iasũ
,,,,,,,iesi,,,,,
,,ati,,,,,,,,,,
,,,,,,,,,teti,,,
,,,,,,,,,,,,imaꞌat
,emaꞌat,,,,,,,,,,,
uimaꞌat,,,,,,,,,,,,
,,,,,,,,mimaꞌat,,,,
,,,,,,,,,timaꞌat,,,
,eimaꞌat,,,,,,,,,,,
,,aimaꞌat,,,,,,,,,,
uka,,,,,,,,,,,,
,,auka,,,,,,,,,,
,,,,,,,,,,,,iꞌauka
,eꞌauka,,,,,,,,,,,
,,,,,,,,,tiꞌauka,,,
uiꞌauka,,,,,,,,,,,,
,eiꞌauka,,,,,,,,,,,
,,,,,,,,miꞌauka,,,,
,,aiꞌauka,,,,,,,,,,
,,apia,,,,,,,,,,
,,,,,,,,,tewe,,,
,,awa,,,,,,,,,,
,ewa,,,,,,,,,,,
uwa,,,,,,,,,,,,
,,,,,,,,,,,,iwa
,,,,,,,,,tawa,,,
,,,,,,,,,,,,iosawa
,,,,,,,,,,,,iurãu
usia,,,,,,,,,,,,
,,asia,,,,,,,,,,
,,atãu,,,,,,,,,,
,,,,,,,,,,,,iutãu
,,akasi,,,,,,,,,,
,esekia,,,,,,,,,,,
,,,,,,,,manasi,,,,
,,amaũ,,,,,,,,,,
,,,,,,,,,,,,iusia
,,,,,,,,,tusia,,,
,,,,,,,,,,,,iunia
,,,,,,,,,tunia,,,
,,,,,,,iekunia,,,,,
,,,,,,,,,,,,iekunia
,,,,,,,,,ten,,,
,,,,,,,,,teꞌen,,,
,,,,,,,ieĩneꞌen,,,,,
,,,,,,,,,turan,,,
,,,,,,,,mẽ,,,,
,,,,,pũꞌẽ,,,,,,,
,,,,,,,,mõꞌẽ,,,,
,,,,,,,,,tõꞌẽ,,,
,,,,,,,,,,,,iõꞌẽ
uato,,,,,,,,,,,,
,ema,,,,,,,,,,,
,,,,,,,,moma,,,,
,,,,,,,,,tue,,,
,,,,,,,,,,,,iatue
,,,,,,,,,,,,iꞌatue
,,,,,,,,,tok,,,
,,,,,,,,,,,,iꞌok
,,,,,,,,,toꞌok,,,
,,,,,,,,moꞌok,,,,
,epe,,,,,,,,,,,
,,,,,,,,,,,,ipe
,,,,,,,,,tpe,,,
,,ape,,,,,,,,,,
,,,,,,,,,tape,,,
,,,,,,,,,taꞌatue,,,
,,,,,,,,,,,,ipat
,,,,,,,,motꞌi,,,,
,,,,,,,,mote,,,,
,,,,,,,,,tote,,,
,,,,,,,,,,,,ipap
,epap,,,,,,,,,,,
,,,,,,,,motpap,,,,
,,,,,,,,miitꞌin,,,,
,,,,,,,,,tup,,,
,,,,,,,,,,,,itote
,,,,,,,,,,,ewyitote,
,,,,,,,,,tewa,,,
,,ahewa,,,,,,,,,,
uhewa,,,,,,,,,,,,
,ehewa,,,,,,,,,,,
,eĩ,,,,,,,,,,,
,,,,,,,,mĩ,,,,
,etia,,,,,,,,,,,
,,,,,,,,,ty,,,
,ewy,,,,,,,,,,,
,,,,,,,,,,,,iwy
,,,,,,,,,,,,iwat
,ewat,,,,,,,,,,,
,,,,,,,,,tewat,,,
,,,,,,,,mekewat,,,,
,,apeu,,,,,,,,,,
,,apiuti,,,,,,,,,,
,,akĩ,,,,,,,,,,
,eriakĩ,,,,,,,,,,,
,,asu,,,,,,,,,,
,,,,,,,iesu,,,,,
,eriuti,,,,,,,,,,,
,ereasa,,,,,,,,,,,
,,,,,,,,matã,,,,
,,,,,,,,muse,,,,
,,,,,,,,,,,,iuse
,eꞌaito,,,,,,,,,,,
,epoꞌoro,,,,,,,,,,,
,,,,,,,,,,,,ipoꞌoro
,ekat,,,,,,,,,,,
,,,,,,,,,,,,ikat
,,,,,,,,,takat,,,
,eiwat,,,,,,,,,,,
,,aiwat,,,,,,,,,,
uiwat,,,,,,,,,,,,
,,,,,,,,miaria,,,,
,,,,,,,,,tiaria,,,
,ewymiꞌi,,,,,,,,,,,
,,,mienoi,,,,,,,,,
,,,,,,,,moi,,,,
,enoi,,,,,,,,,,,
uhenoi,,,,,,,,,,,,
,,ahenoi,,,,,,,,,,
,ehenoi,,,,,,,,,,,
,,,,,,,,,tuwat,,,
,,,,,,,,mesuwat,,,,
,,,,,,,,mug,,,,
,,,,,,,,,tare,,,
,,,,,,,,mare,,,,
,,,,,,,,,,,,itup
,,,,,,,,miꞌat,,,,
,ekyiꞌat,,,,,,,,,,,
,,,,,,,,,,,,ikyiꞌat
,,,,,,,,,,,,ihainia
,,,,,,,,maꞌato,,,,
,,,,,,,,myk,,,,
,epytyk,,,,,,,,,,,
,,,,,,,,,,,,ipytyk
,,,,,,,,,topytyk,,,
,,,,,,,,,,,,ipyt
,,,,,,,,mẽpyt,,,,
,emẽpyt,,,,,,,,,,,
,,,,,,,,,,,,imẽpyt
,,,,,,,,,takano,,,
,,,,,,,,mãꞌãu,,,,
,,,,,,,,,,,,iꞌa
,,,,,,,,,tiꞌa,,,
,,,,,,,,miꞌa,,,,
uiꞌa,,,,,,,,,,,,
,eiꞌa,,,,,,,,,,,
,,aiꞌa,,,,,,,,,,
,,apiꞌa,,,,,,,,,,
upiꞌa,,,,,,,,,,,,
,eupiꞌa,,,,,,,,,,,
,,,,,,,,,tuwa,,,
,,,,,,,,mig,,,,
,,,,,,,,,tig,,,
uku,,,,,,,,,,,,
,,,,,,,,maku,,,,
,etat,,,,,,,,,,,
,,atat,,,,,,,,,,
,,,,,,,,,tire,,,
,,,,,,,,migꞌi,,,,
,,,,,,,,,,,,iuteu
,,,,,,,,,teꞌaito,,,
,ekai,,,,,,,,,,,
,,,,,,,,,,,,ikai
,,,,,,,,mytkai,,,,
,,,,,,,,,takaria,,,
,,,,,,,,,,,,inug
,enug,,,,,,,,,,,
,,,,,,,,,tunug,,,
,etunug,,,,,,,,,,,
,,atunug,,,,,,,,,,
,ehay,,,,,,,,,,,
,,,,,,,,,,,,ihay
,,,,,,,,,tehay,,,
,,apy,,,,,,,,,,
,,,,,,,,,,,,ipy
,epy,,,,,,,,,,,
,,,,,,,,mipy,,,,
,eipy,,,,,,,,,,,
,,aipy,,,,,,,,,,
uipy,,,,,,,,,,,,
,,,,,,,,,tipy,,,
,,atipy,,,,,,,,,,
,,,,,,,,metu,,,,
,,,,,,,,,,wiretu,,
,,,,,,,,,tetu,,,
,,,,,,,,muꞌetu,,,,
,emuꞌetu,,,,,,,,,,,
,,,,,,,,,,,,imuꞌetu
,,arewa,,,,,,,,,,
,erewa,,,,,,,,,,,
,,,,,,,,,tiꞌo,,,
,,,,,,,,,teiꞌo,,,
,,,,,,,,minug,,,,
,einug,,,,,,,,,,,
uinug,,,,,,,,,,,,
,,ainug,,,,,,,,,,
,,aparap,,,,,,,,,,
,,,,,,,,mesup,,,,
,,,,,,,,,taꞌi,,,
,,,,,,,,mohey,,,,
,emohey,,,,,,,,,,,
,,,,,,,,,,,,imohey
,,,,,,,,,tomohey,,,
uhetꞌok,,,,,,,,,,,,
,,ahetꞌok,,,,,,,,,,
,ehetꞌok,,,,,,,,,,,
,,,,,,,,musu,,,,
,,,,,,,,muo,,,,
,,,,,,,,,tuo,,,
,,,,,,,,,,,,iatuꞌe
,,,,,,,,,,,,iꞌatuꞌe
,,,,,,,,mio,,,,
,,,,,,,,mary,,,,
,,,,,,,,,toria,,,
,,,,,,,,,,,,iãpe
,,,,,,,,mẽpytꞌa,,,,
,eset,,,,,,,,,,,
,,,,,,,,mope,,,,
,,,,,,,,,tope,,,
,,,,,,,,,,,,iope
,,,,,,,,,,,,isaia
,eywuat,,,,,,,,,,,
,ewywuat,,,,,,,,,,,
,,,,,,,,,,,,iwywuat
,eut,,,,,,,,,,,
,,aut,,,,,,,,,,
,,,,,,,,,tut,,,
,,,,,,,,,tutunug,,,
,,,,,,,,,,,,inãpin
,enãpin,,,,,,,,,,,
,,,,,,,,,tonãpin,,,
,,,,,,,,,tatat,,,
,,am,,,,,,,,,,
,,,,,,,,,tum,,,
,,,,,,,,,,,,ium
,,,,,,,,,,,,ipusu
,epusu,,,,,,,,,,,
,,,,,,,,,topusu,,,
,,,,,,,,,,,,irẽ
,eroti,,,,,,,,,,,
,,,,,,,,motiat,,,,
,,,,,,,,,totiat,,,
,,,,,,,,,,,,itotiat
,eꞌyi,,,,,,,,,,,
,,,,,,,,,teꞌyi,,,
,,,,,,,,,tueꞌyi,,,
urienti,,,,,,,,,,,,
,,aikope,,,,,,,,,,
,,,,,,,,,,,,iwẽtem
,ewẽtem,,,,,,,,,,,
,,,,,,,,,tuwẽtem,,,
,,,,,,,,makup,,,,
,etiaria,,,,,,,,,,,
,,,,,,,,,taꞌa,,,
urutaꞌa,,,,,,,,,,,,
,,,,,,,,,,,,iꞌywãꞌĩ
,eꞌywãꞌĩ,,,,,,,,,,,
urueꞌyi,,,,,,,,,,,,
,,,,,,,,mõtypot,,,,
urutõꞌẽ,,,,,,,,,,,,
,,,,,,,,,towo,,,
,,aikowo,,,,,,,,,,
,,,,,,,,meikowo,,,,
,,,,,,,,,teg,,,
,,,,,,,,meꞌeg,,,,
,,,,,,,,,,,,iweꞌeg
,eweꞌeg,,,,,,,,,,,
,,,,,,,,,tokenꞌẽ,,,
,,,,,,,,,teꞌeru,,,
,,,,,,,,,tuẽtup,,,
,,,,,,,,,toiꞌatu,,,
,,apoꞌe,,,,,,,,,,
,,,,,,,,,tepe,,,
,,,,,,,,mehĩꞌin,,,,
,,,,,,,,,,,,iane
,,,,,,,,,,,,irane
,etawa,,,,,,,,,,,
,,,,,,,,miit,,,,
,,,,,,,,mete,,,,
,eete,,,,,,,,,,,
,,,,,,,,,,,,iete
,,,,,,,,,tetawa,,,
,,ahetawa,,,,,,,,,,
,ehetawa,,,,,,,,,,,
uhetawa,,,,,,,,,,,,
,,,,,,,,moityꞌi,,,,
,eiꞌe,,,,,,,,,,,
,,aiꞌe,,,,,,,,,,
uiꞌe,,,,,,,,,,,,
,eweiꞌe,,,,,,,,,,,
,,,,,,,,,tiwe,,,
,,aiwe,,,,,,,,,,
uiwe,,,,,,,,,,,,
,eiwe,,,,,,,,,,,
,,,,,,,,mõti,,,,
,eupi,,,,,,,,,,,
,,,,,,,,mupi,,,,
,,,,,,,,mog,,,,
,eꞌog,,,,,,,,,,,
,,,,,,,,moꞌog,,,,
,,,,,,,,,,,,isareu
,,,,,,,,mikeia,,,,
,,,,,,,,,tomiwan,,,
,,apotoꞌe,,,,,,,,,,
,,,,,,,,,tuepiat,,,
,ewawi,,,,,,,,,,,
,,,,,,,,,towawi,,,
uhowawi,,,,,,,,,,,,
,,ahowawi,,,,,,,,,,
,ehowawi,,,,,,,,,,,
,,,,,,,,maꞌatu,,,,
,,,,,,,,,taꞌatu,,,
,eweiwat,,,,,,,,,,,
,,,,,,,,mẽti,,,,
,epuẽti,,,,,,,,,,,
,,,,,,,,,,,,ipuẽti
,,aipuẽti,,,,,,,,,,
,eipuẽti,,,,,,,,,,,
uipuẽti,,,,,,,,,,,,
,,,,,,,,,tipuẽti,,,
uhepe,,,,,,,,,,,,
,,ahepe,,,,,,,,,,
,ehepe,,,,,,,,,,,
,,atikuap,,,,,,,,,,
,etikuap,,,,,,,,,,,
,ereto,,,,,,,,,,,
,,areto,,,,,,,,,,
,,,,,,,,,tyro,,,
,,,,,,,,,,,,ity
,ety,,,,,,,,,,,
,,,,,,,,,tepyi,,,
,,araꞌa,,,,,,,,,,
,eraꞌa,,,,,,,,,,,
,,,,,,,,muꞌap,,,,
,,,,,,,,,toto,,,
,,,,,,,,moto,,,,
,eme,,,,,,,,,,,
,,ahum,,,,,,,,,,
,ehum,,,,,,,,,,,
uhum,,,,,,,,,,,,
,eꞌyat,,,,,,,,,,,
,,,,,,,,,,,,iꞌyat
,,,,,,,,,toty,,,
,,,,,,,,moty,,,,
,,,,,,,,mỹꞌã,,,,
,,,,,,,,,tutuk,,,
,,,,,,,,mie,,,,
,,apok,,,,,,,,,,
,,ahit,,,,,,,,,,
,,,,,,,,mehit,,,,
,,,,,,,,,,,,imehit
,eium,,,,,,,,,,,
,ekyꞌe,,,,,,,,,,,
,,,,,,,,,,,,ikyꞌe
,,,,,,,,,,,,ikamhig
,,,,,,,,,,,,iwuk
,eiwuk,,,,,,,,,,,
,,,,,,,,,tiwuk,,,
,,aiwuk,,,,,,,,,,
,,,,,,,,miwuk,,,,
uiwuk,,,,,,,,,,,,
,ehag,,,,,,,,,,,
,,,,,,,,mohag,,,,
ura,,,,,,,,,,,,
,,,,,,,,mira,,,,
,,,,,,,,,tira,,,
,,,,,,,,,type,,,
,,aipok,,,,,,,,,,
,eꞌaipok,,,,,,,,,,,
,,,,,,,,,topiat,,,
,,,,,,,,,,,,ihaꞌat
,ehaꞌat,,,,,,,,,,,
,,,,,,,,,tehaꞌat,,,
,epoĩꞌãm,,,,,,,,,,,
,,,,,,,,,,,,ipoĩꞌãm
,,,,,,,,,tioto,,,
,etioto,,,,,,,,,,,
,,atioto,,,,,,,,,,
,,,,,,,,,titu,,,
,,,,,,,,,,,,isitu
,esitu,,,,,,,,,,,
,,,,,,,,mopy,,,,
,,,,,,,,,topy,,,
,,,,,,,,,,,,ipopy
,eipopy,,,,,,,,,,,
,,,,,,,,,tikat,,,
,,,,,,,,mikat,,,,
,,aikat,,,,,,,,,,
uikat,,,,,,,,,,,,
,eikat,,,,,,,,,,,
,,,,,,,,,,,,itym
,eremo,,,,,,,,,,,
,,aremo,,,,,,,,,,
,,,,,,,,meremo,,,,
,,,,,,,,,tero,,,
,,,,,,,,,,,,iero
,,,,,,,,,teꞌero,,,
uhaꞌyru,,,,,,,,,,,,
,,ahaꞌyru,,,,,,,,,,
,ekaykay,,,,,,,,,,,
,,,,,,,,,,,,ikaykay
,,,,,,,,,,,,ipuo
,,,,,,,,,topuo,,,
,,,,,,,,mak,,,,
,,ahak,,,,,,,,,,
,,,,,,,,myꞌahak,,,,
,,,,,,,,,,,,iãi
uipuo,,,,,,,,,,,,
,eipuo,,,,,,,,,,,
,,ahepiat,,,,,,,,,,
,ehepiat,,,,,,,,,,,
uhepiat,,,,,,,,,,,,
,,,,,,,,,,,,iesu
,,,,,,,,,tesu,,,
,,,,,,,,mesu,,,,
,,,,,,,,,,,,ipaꞌiat
,,,,,,,,,tuꞌuka,,,
,,atuꞌuka,,,,,,,,,,
,etuꞌuka,,,,,,,,,,,
,,,,,,,,,typy,,,
,,anu,,,,,,,,,,
,enu,,,,,,,,,,,
,,,,,,,,,temia,,,
,,,,,,,ieremia,,,,,
,,,,,,,,,,,,ieremia
,,,,,,,,mienoi,,,,
,,,,,,,,,tama,,,
,,,,,,,,makꞌi,,,,
,,,,,,,,,tuehay,,,
,,,,,,,,muehay,,,,
,,,,,,,,,,,,iꞌu
,eꞌu,,,,,,,,,,,
,,,,,,,,,tyꞌu,,,
,,,,,,,,,tuwak,,,
,,,,,,,,,topap,,,
,,,,,,,,,,,,iuseꞌin
,ekuꞌuro,,,,,,,,,,,
,,,,,,,,,,,,ikuꞌuro
,emiit,,,,,,,,,,,
,,,,,,,,,temiit,,,
,,aheꞌyi,,,,,,,,,,
,eheꞌyi,,,,,,,,,,,
uheꞌyi,,,,,,,,,,,,
,,airo,,,,,,,,,,
,,,,,,,,,toꞌiro,,,
,,akeirau,,,,,,,,,,
,eꞌywot,,,,,,,,,,,
,,,,,,,,,,,,iꞌywot
,,,,,,,,,toꞌywot,,,
,eipe,,,,,,,,,,,
,,,,,,,,,tipe,,,
,,aipe,,,,,,,,,,
uipe,,,,,,,,,,,,
,,,,,,,,mam,,,,
,eiam,,,,,,,,,,,
,,,,,,,,,teiam,,,
,,aiũpe,,,,,,,,,,
,,,,,,,,meiũpe,,,,
,,,,,,,,,,,,itag
,,,,,,,,,totag,,,
,,,,,,,,motag,,,,
,eꞌairo,,,,,,,,,,,
uiꞌairo,,,,,,,,,,,,
,,aiꞌairo,,,,,,,,,,
,,,,,,,,,tiꞌairo,,,
,eiꞌairo,,,,,,,,,,,
,,,,,,,,miꞌairo,,,,
,esetꞌok,,,,,,,,,,,
,,,,,,,,,,,,iuwãu
,,,,,,,,mohenoi,,,,
,,,,,,,,,tohenoi,,,
,ewawiat,,,,,,,,,,,
,,,,,,,,,toiat,,,
,etoiat,,,,,,,,,,,
,,atoiat,,,,,,,,,,
,eminug,,,,,,,,,,,
,,,,,,,,,,,,iminug
uminug,,,,,,,,,,,,
uiminug,,,,,,,,,,,,
,,aiminug,,,,,,,,,,
,eiminug,,,,,,,,,,,
uimuꞌe,,,,,,,,,,,,
,,,,,,,,mimuꞌe,,,,
,eimuꞌe,,,,,,,,,,,
,,aimuꞌe,,,,,,,,,,
,ewehe,,,,,,,,,,,
,,,,,,,,,tupono,,,
,eweimo,,,,,,,,,,,
,,apyk,,,,,,,,,,
,,,,,,,,,tokpe,,,
,esokpe,,,,,,,,,,,
,,,,,,,,,tesokpe,,,
,,,,,,,,,tuhũ,,,
,,,,,,,,,,,,iꞌatuhũ
,,,,,,,,,,,,iweꞌok
,eweꞌok,,,,,,,,,,,
uiꞌu,,,,,,,,,,,,
,,aiꞌu,,,,,,,,,,
,eiꞌu,,,,,,,,,,,
,,,,,,,,miꞌu,,,,
,,,,,,,,,,,,imiꞌu
,emiꞌu,,,,,,,,,,,
,,,,,,,,mohit,,,,
,,awiꞌa,,,,,,,,,,
,,,,,,,,,tuꞌu,,,
,etuꞌu,,,,,,,,,,,
,,atuꞌu,,,,,,,,,,
,,,,,,,,,tutuꞌu,,,
upiaria,,,,,,,,,,,,
,,,,,,,,,,,,iũtãu
,,,,,,,,,,,,iuẽ
,,,,,,,,meimuẽ,,,,
,,,,,,,,,,,,ikag
,ekag,,,,,,,,,,,
,,akag,,,,,,,,,,
,eweĩꞌẽ,,,,,,,,,,,
,,,,,,,,,,,,iheg
,,apiheg,,,,,,,,,,
,,,,,,,,,,,,ikoi
,,,,,,,,mikoi,,,,
,,,,,,,,,tikoi,,,
,,amikoi,,,,,,,,,,
,,,,,,,,,,,,imikoi
,emikoi,,,,,,,,,,,
uimikoi,,,,,,,,,,,,
,,aimikoi,,,,,,,,,,
,eimikoi,,,,,,,,,,,
,,,,,,,,,,,,iwepit
,ewepit,,,,,,,,,,,
,,,,,,,,mowepit,,,,
,,,,,,,,,towepit,,,
,eiwa,,,,,,,,,,,
,,aiwa,,,,,,,,,,
uiwa,,,,,,,,,,,,
,,,,,,,,muꞌin,,,,
,,,,,,,,,tuꞌin,,,
,,,,,,,,,tiruꞌin,,,
uruto,,,,,,,,,,,,
,,aiweꞌeg,,,,,,,,,,
uiweꞌeg,,,,,,,,,,,,
,eiweꞌeg,,,,,,,,,,,
,ewaku,,,,,,,,,,,
,,,,,,,,,tewaku,,,
,ehewaku,,,,,,,,,,,
uhewaku,,,,,,,,,,,,
,,ahewaku,,,,,,,,,,
,,,,,,,,,tyꞌin,,,
,,,,,,,,,,,,ityꞌin
,,aityꞌin,,,,,,,,,,
,eityꞌin,,,,,,,,,,,
uityꞌin,,,,,,,,,,,,
,,atpo,,,,,,,,,,
,,,,,,,,miatpo,,,,
,,,,,,,,,,,,iuria
,ehap,,,,,,,,,,,
,,,,,,,,,,,,irania
,,,,,,,,,torania,,,
,,,,,,,,morania,,,,
,,,,,,,,myp,,,,
,,,,,,,,,,,,iꞌyp
,,ariaꞌyp,,,,,,,,,,
,,,,,,,,,tek,,,
,,,,,,,,,terek,,,
,,,,,,,,,,,,iterek
,,,,,,,,miterek,,,,
,,aikai,,,,,,,,,,
,eikai,,,,,,,,,,,
uikai,,,,,,,,,,,,
,eꞌy,,,,,,,,,,,
,,,,,,,,,teria,,,
,,,,,,,,muꞌeria,,,,
,,,,,,,,,,,,ikawiat
,ekawiat,,,,,,,,,,,
,,,,,,,,,tei,,,
,,,,,,,,,,,,ipysei
,,,,,,,,,,,,imoma
,,,,,,,,myꞌa,,,,
upyꞌa,,,,,,,,,,,,
,epyꞌa,,,,,,,,,,,
,,,,,,,,,,,,ipyꞌa
,,aipyꞌa,,,,,,,,,,
uipyꞌa,,,,,,,,,,,,
,eipyꞌa,,,,,,,,,,,
,,,,,,,,,,,,itok
,,atiꞌa,,,,,,,,,,
,etiꞌa,,,,,,,,,,,
,,asap,,,,,,,,,,
,esap,,,,,,,,,,,
,,ahu,,,,,,,,,,
uhu,,,,,,,,,,,,
,epag,,,,,,,,,,,
,,,,,,,,,,,,ipag
,,,,,,,,,topag,,,
,etopag,,,,,,,,,,,
,,atopag,,,,,,,,,,
,,,,,,,,,,,,iꞌape
,,,,,,,,,teꞌaria,,,
,,,,,,,,,toikuap,,,
,,,,,,,,mowa,,,,
,eowa,,,,,,,,,,,
,,,,,,,,,towa,,,
,eitok,,,,,,,,,,,
,,aimitok,,,,,,,,,,
,,,,,,,,mimohey,,,,
,,,,,,,,,timohey,,,
uimohey,,,,,,,,,,,,
,,aimohey,,,,,,,,,,
,eimohey,,,,,,,,,,,
,,,,,,,,,,,,iun
,,,,,,,,,,,,iꞌapo
,,,,,,,,miꞌapo,,,,
,,ariot,,,,,,,,,,
,eriot,,,,,,,,,,,
,,,,,,,,,tetiat,,,
,eetiat,,,,,,,,,,,
,,ahetiat,,,,,,,,,,
,ehetiat,,,,,,,,,,,
uhetiat,,,,,,,,,,,,
,eiꞌywot,,,,,,,,,,,
,,aiꞌywot,,,,,,,,,,
uiꞌywot,,,,,,,,,,,,
,,,,,,,,mehĩ,,,,
,,,,,,,,,,,,iꞌakag
,eꞌakag,,,,,,,,,,,
,,aiꞌakag,,,,,,,,,,
,eiꞌakag,,,,,,,,,,,
uiꞌakag,,,,,,,,,,,,
,,,,,,,,,,,,iꞌypy
,,,,,,,,,tasu,,,
,eꞌapyk,,,,,,,,,,,
,,,,,,,,,taꞌapyk,,,
,,,,,,,,meiẽ,,,,
,eikyꞌe,,,,,,,,,,,
,,aikyꞌe,,,,,,,,,,
uikyꞌe,,,,,,,,,,,,
,,,,,,,,,tikyꞌe,,,
,,,,,,,,mikyꞌe,,,,
,,,,,,,,,,,,imikyꞌe
,emikyꞌe,,,,,,,,,,,
,,aiũ,,,,,,,,,,
,,,,,,,,meiũ,,,,
,,ahiag,,,,,,,,,,
,,,,,,,,,,,,iãꞌãg
,,,,,,,,,tomi,,,
,ewaty,,,,,,,,,,,
,esyꞌat,,,,,,,,,,,
,,,,,,,,mosyꞌat,,,,
,,,,,,,,,tesyꞌat,,,
,,,,,,,,merup,,,,
,,,,,,,,,,,,iperup
,eperup,,,,,,,,,,,
,,,,,,,,,towat,,,
,,aikowat,,,,,,,,,,
,,ahehay,,,,,,,,,,
,ehehay,,,,,,,,,,,
uhehay,,,,,,,,,,,,
,,,,,,,,,totopag,,,
,,,,,,,,miti,,,,
,,,,,,,,,teute,,,
,ehemiit,,,,,,,,,,,
uhemiit,,,,,,,,,,,,
,,ahemiit,,,,,,,,,,
,epowyro,,,,,,,,,,,
,,,,,,,,,,,,ipowyro
,,ahyk,,,,,,,,,,
,,,,,,,,,,,,iꞌahyk
,eꞌahyk,,,,,,,,,,,
,,,,,,,,,,,,iwesat
uiwesat,,,,,,,,,,,,
,,aiwesat,,,,,,,,,,
,,,,,,,,miwesat,,,,
,eiwesat,,,,,,,,,,,
,,,,,,,,,tiwesat,,,
uhãꞌãg,,,,,,,,,,,,
,ehãꞌãg,,,,,,,,,,,
,,ahãꞌãg,,,,,,,,,,
,,,,,,,,mytyp,,,,
,,,,,,,,,toimo,,,
,,,,,,,,,tekat,,,
,,,,,,,,,tuekat,,,
,ewato,,,,,,,,,,,
uwato,,,,,,,,,,,,
,,awato,,,,,,,,,,
,,,,,,,,,,,,iwato
,,,,,,,,,tonug,,,
,,atum,,,,,,,,,,
,etum,,,,,,,,,,,
,,,,,,,,mõ,,,,
,eimõ,,,,,,,,,,,
,,,,,,,,mimõ,,,,
,,,,,,,,,timõ,,,
,,aimõ,,,,,,,,,,
uimõ,,,,,,,,,,,,
,erepỹꞌã,,,,,,,,,,,
,,,,,,,,mutoro,,,,
,,,,,,,,,,,,iꞌyaty
,eꞌyaty,,,,,,,,,,,
uiꞌyaty,,,,,,,,,,,,
,,,,,,,,,toꞌo,,,
,,,,,,,,mipoꞌo,,,,
,etepyi,,,,,,,,,,,
,,,,,,,,,totepyi,,,
,,,,,,,,more,,,,
,,,,,,,,,,,,ipyhik
,epyhik,,,,,,,,,,,
,,,,,,,,mipyhik,,,,
uipyhik,,,,,,,,,,,,
,,aipyhik,,,,,,,,,,
,,,,,,,,,tipyhik,,,
,eipyhik,,,,,,,,,,,
,,,,,,,,,topyhik,,,
,,,,,,,,,,,,imotag
,emotag,,,,,,,,,,,
,,,,,,,,,tomotag,,,
,emyiꞌa,,,,,,,,,,,
uianuat,,,,,,,,,,,,
,,,,,,,,mianuat,,,,
,,,,,,,,,,,,irũ
,eri,,,,,,,,,,,
,,,,,,,,,tumuꞌe,,,
,,atumuꞌe,,,,,,,,,,
,,,,,,,,,tiria,,,
,,,,,,,,miꞌiria,,,,
,,,,,,,,,tukuap,,,
,,,,,,,,,,,,iypyryp
,,ariãty,,,,,,,,,,
,,,,,,,,,,,,ihot
,,,,,,,,,tyhot,,,
,,,,,,,,,tẽtyhot,,,
,,,,,,,,morem,,,,
,eweiwe,,,,,,,,,,,
,eyry,,,,,,,,,,,
,,,,,,,,,tyry,,,
,ewyry,,,,,,,,,,,
,,,,,,,,,tewyry,,,
,,,,,,,,,timãu,,,
,,ateru,,,,,,,,,,
,,atere,,,,,,,,,,
,,,,,,,,,tara,,,
,eꞌyara,,,,,,,,,,,
,,,,,,,,,teꞌyara,,,
,,,,,,,,,tapap,,,
,,ahupi,,,,,,,,,,
uhupi,,,,,,,,,,,,
,ehupi,,,,,,,,,,,
,,,,,,,,,tiaku,,,
,esuki,,,,,,,,,,,
,,,,,,,,,tesuki,,,
,,,,,,,,,,,,iꞌahu
,eꞌahu,,,,,,,,,,,
,,,,,,,,moe,,,,
,,,,,,,,misepap,,,,
,erut,,,,,,,,,,,
,,,,,,,,,terut,,,
,eerut,,,,,,,,,,,
,,,,,,,,,tuerut,,,
,esoꞌok,,,,,,,,,,,
,,aikopuo,,,,,,,,,,
,,apyꞌi,,,,,,,,,,
,,,,,,,,,typyꞌi,,,
,,,,,,,,,,,,iꞌam
,epotꞌam,,,,,,,,,,,
,,,,,,,,,,,,ipotꞌam
,eke,,,,,,,,,,,
,,,,,,,,meke,,,,
,,,,,,,,,teke,,,
,,apypeke,,,,,,,,,,
,,,,,,,,,tapy,,,
,,,,,,,,,,,,iꞌapy
,,,,,,,,meri,,,,
,,,,,,,,mueri,,,,
,epoi,,,,,,,,,,,
,,,,,,,,,,,,ipoi
uipoi,,,,,,,,,,,,
,eipoi,,,,,,,,,,,
,,,,,,,,,tipoi,,,
,,aipoi,,,,,,,,,,
,,,,,,,,mipoi,,,,
,,,,,,,,,teka,,,
uheka,,,,,,,,,,,,
,,aheka,,,,,,,,,,
,eheka,,,,,,,,,,,
,,,,,,,,,tokuap,,,
,,,,,,,,,topyꞌa,,,
,,atek,,,,,,,,,,
,,,,,,,,,topot,,,
uhete,,,,,,,,,,,,
,,ahete,,,,,,,,,,
,ehete,,,,,,,,,,,
,ewetuꞌu,,,,,,,,,,,
,egyiꞌat,,,,,,,,,,,
,,,,,,,,,toꞌoꞌog,,,
uipot,,,,,,,,,,,,
,,aipot,,,,,,,,,,
,eipot,,,,,,,,,,,
,,,,,,,,,,,,iꞌewy
,eꞌewy,,,,,,,,,,,
uiꞌewy,,,,,,,,,,,,
,,aiꞌewy,,,,,,,,,,
,eiꞌewy,,,,,,,,,,,
,ehaipe,,,,,,,,,,,
uhaipe,,,,,,,,,,,,
,,ahaipe,,,,,,,,,,
,,,,,,,,,taꞌapy,,,
,ewese,,,,,,,,,,,
,,,,,,,,,,,,iwese
,,,,,,,,,towese,,,
,ehamo,,,,,,,,,,,
,,,,,,,,,,,,ihamo
,etama,,,,,,,,,,,
,,,,,,,,,tetama,,,
,ehetama,,,,,,,,,,,
uhetama,,,,,,,,,,,,
,,ahetama,,,,,,,,,,
uheiam,,,,,,,,,,,,
,,aheiam,,,,,,,,,,
,eheiam,,,,,,,,,,,
,esatyꞌi,,,,,,,,,,,
,,,,,,,,,,,,ikaꞌi
,eiwehum,,,,,,,,,,,
,,aiwehum,,,,,,,,,,
,ehaꞌup,,,,,,,,,,,
uhaꞌup,,,,,,,,,,,,
,,ahaꞌup,,,,,,,,,,
,,,,,,,,,,,,ipywo
,ewypywo,,,,,,,,,,,
,,,,,,,,,towaku,,,
,,,,,,,,mowaku,,,,
ukyt,,,,,,,,,,,,
,,,,,,,,mosẽꞌẽ,,,,
,,,,,,,,,,,,imosẽꞌẽ
,,,,,,,,,,,,ipun
,,aipun,,,,,,,,,,
,,,,,,,,mipun,,,,
uipun,,,,,,,,,,,,
,,,,,,,,,tipun,,,
,,akit,,,,,,,,,,
,eꞌakit,,,,,,,,,,,
,,,,,,,,,,,,iꞌakit
,eiꞌakit,,,,,,,,,,,
,,,,,,,,miꞌakit,,,,
,,aiꞌakit,,,,,,,,,,
uiꞌakit,,,,,,,,,,,,
,,,,,,,,,tiꞌakit,,,
,emig,,,,,,,,,,,
,,,,,,,,,temig,,,
,,,,,,,,,tuwemig,,,
,,apype,,,,,,,,,,
,,,,,,,,,tusei,,,
,,,,,,,,musei,,,,
,,,,,,,,,,,,inik
,,,,,,,,monik,,,,
uiano,,,,,,,,,,,,
,etiano,,,,,,,,,,,
,eimoma,,,,,,,,,,,
,,,,,,,,mimoma,,,,
,,aimoma,,,,,,,,,,
,,,,,,,,,timoma,,,
,,atimoma,,,,,,,,,,
,,ahut,,,,,,,,,,
uhut,,,,,,,,,,,,
,ewakai,,,,,,,,,,,
,,,,,,,,,,,,itig
,,atig,,,,,,,,,,
,,,,,,,,,,,,ikahuro
,ekahuro,,,,,,,,,,,
,,,,,,,,,,,,ihyp
uhyp,,,,,,,,,,,,
,epyhyp,,,,,,,,,,,
,,,,,,,,,,,,ipyhyp
,einãpin,,,,,,,,,,,
,,ainãpin,,,,,,,,,,
,,,,,,,,,tinãpin,,,
,,,,,,,,minãpin,,,,
uinãpin,,,,,,,,,,,,
,,,,,,,,,,,,imohit
,emohit,,,,,,,,,,,
,eimohit,,,,,,,,,,,
,,aimohit,,,,,,,,,,
,,,,,,,,mimohit,,,,
uimohit,,,,,,,,,,,,
,,,,,,,,,timohit,,,
,,,,,,,,,tuwan,,,
,,,,,,,,moꞌa,,,,
,,,,,,,,,toꞌa,,,
,,,,,,,,motoro,,,,
,,,,,,,,miium,,,,
,emiium,,,,,,,,,,,
,,,,,,,,,,,,imiium
,,,,,,,,,,,,ikap
,,aiwy,,,,,,,,,,
uiwy,,,,,,,,,,,,
,eiwy,,,,,,,,,,,
,,,,,,,,,,,,iwoꞌo
,ewoꞌo,,,,,,,,,,,
,eiwoꞌo,,,,,,,,,,,
,,aiwoꞌo,,,,,,,,,,
,ewywo,,,,,,,,,,,
,,,,,,,,,,,,iwywo
,,atikat,,,,,,,,,,
,etikat,,,,,,,,,,,
,,,,,,,,,,,,ipore
,epore,,,,,,,,,,,
,,,,,,,,,,,,ipehik
,,,,,,,,,,,,iwary
,ewary,,,,,,,,,,,
,ewaire,,,,,,,,,,,
,,,,,,,,,,,,iwaire
,,,,,,,,,teꞌe,,,
,ereꞌe,,,,,,,,,,,
,,areꞌe,,,,,,,,,,
,,,,,,,,,,,,ihep
,,,,,,,,mihep,,,,
,,,,,,,,,tihep,,,
uihep,,,,,,,,,,,,
,eihep,,,,,,,,,,,
,,aihep,,,,,,,,,,
,etihep,,,,,,,,,,,
,,atihep,,,,,,,,,,
,,,,,,,,manaꞌin,,,,
,etipun,,,,,,,,,,,
,,atipun,,,,,,,,,,
,,,,,,,,,,,,ihasik
,,areke,,,,,,,,,,
,ereke,,,,,,,,,,,
,,,,,,,,,titek,,,
,,,,,,,,mitek,,,,
,etitek,,,,,,,,,,,
uiweupi,,,,,,,,,,,,
,ehatyꞌi,,,,,,,,,,,
uhatyꞌi,,,,,,,,,,,,
,,ahatyꞌi,,,,,,,,,,
uiko,,,,,,,,,,,,
,eiko,,,,,,,,,,,
,,aiko,,,,,,,,,,
,eso,,,,,,,,,,,
,,,,,,,,,teso,,,
,eeso,,,,,,,,,,,
,eheso,,,,,,,,,,,
uheso,,,,,,,,,,,,
,,aheso,,,,,,,,,,
,ewepe,,,,,,,,,,,
,,,,,,,,,tuwepe,,,
,,,,,,,,,,,,iꞌasap
,eiꞌasap,,,,,,,,,,,
uiꞌasap,,,,,,,,,,,,
,,aiꞌasap,,,,,,,,,,
,eipehik,,,,,,,,,,,
,,,,,,,,mipehik,,,,
,,,,,,,,,tipehik,,,
,,,,,,,,,,,,ikytsig
,ewẽ,,,,,,,,,,,
,,,,,,,,,,,,iwẽ
,eiwẽ,,,,,,,,,,,
uiwẽ,,,,,,,,,,,,
,,aiwẽ,,,,,,,,,,
,,,,,,,,,toꞌapy,,,
,eiãi,,,,,,,,,,,
,,,,,,,,,tipik,,,
uipik,,,,,,,,,,,,
uiꞌahyk,,,,,,,,,,,,
,eiꞌahyk,,,,,,,,,,,
,,,,,,,,,tiꞌahyk,,,
,,aiꞌahyk,,,,,,,,,,
,,,,,,,,miꞌahyk,,,,
,erepyk,,,,,,,,,,,
,,,,,,,,,tokai,,,
,,,,,,,,,,,,ipohari
,epohari,,,,,,,,,,,
,eꞌyni,,,,,,,,,,,
,,,,,,,,misa,,,,
,emisa,,,,,,,,,,,
,ekamisa,,,,,,,,,,,
,,,,,,,,,toihep,,,
,esirara,,,,,,,,,,,
,,,,,,,,,,,,ipuat
,,,,,,,,manĩ,,,,
,ewanĩ,,,,,,,,,,,
,,,,,,,,,turu,,,
,,apuru,,,,,,,,,,
,,,,,,,,,,,,ipuru
,,,,,,,,,tipuru,,,
,,atipuru,,,,,,,,,,
,etipuru,,,,,,,,,,,
,,,,,,,,,tukyꞌe,,,
,,atukyꞌe,,,,,,,,,,
,ehẽtup,,,,,,,,,,,
,,ahẽtup,,,,,,,,,,
,eman,,,,,,,,,,,
,,,,,,,,,,,,iꞌaman
,,,,,,,,,,,,ihãite
,ehãite,,,,,,,,,,,
,,,,,,,,,tehãite,,,
,,,,,,,,,tokyꞌe,,,
,ewyꞌewy,,,,,,,,,,,
,ekatu,,,,,,,,,,,
,ewykatu,,,,,,,,,,,
,,ahyt,,,,,,,,,,
uhyt,,,,,,,,,,,,
,eimiꞌu,,,,,,,,,,,
,,aimiꞌu,,,,,,,,,,
uimiꞌu,,,,,,,,,,,,
,,,,,,,,moran,,,,
,,,,,,,,,toran,,,
,,atipo,,,,,,,,,,
,etipo,,,,,,,,,,,
urumõ,,,,,,,,,,,,
,,,,,,,,,tuꞌa,,,
,etuꞌa,,,,,,,,,,,
,,atuꞌa,,,,,,,,,,
,,,,,,,,,,,,iꞌatuꞌa
,eimiium,,,,,,,,,,,
,,aimiium,,,,,,,,,,
uimiium,,,,,,,,,,,,
,,,,,,,,,tetup,,,
,,,,,,,,,tuwehum,,,
,ekahu,,,,,,,,,,,
,,,,,,,,,,,,ikahu
,,ahẽgu,,,,,,,,,,
,,,,,,,,miitin,,,,
,,,,,,,,,tutum,,,
,,,,,,,,miẽtup,,,,
,,,,,,,,,,,,imiẽtup
,emiẽtup,,,,,,,,,,,
,,,,,,,,misuꞌat,,,,
,ewaure,,,,,,,,,,,
,,,,,,,,,,,,iwaure
,,,,,,,,,tewaure,,,
,,,,,,,,,tupoi,,,
urupoi,,,,,,,,,,,,
urumiꞌu,,,,,,,,,,,,
,,,,,,,,,tuꞌi,,,
,,,,,,,,muꞌi,,,,
,,,,,,,,,,,,iutu
urutu,,,,,,,,,,,,
,eiãꞌãg,,,,,,,,,,,
,,,,,,,,,tuiãꞌãg,,,
,,,,,,,,,tika,,,
,,aika,,,,,,,,,,
uika,,,,,,,,,,,,
,eika,,,,,,,,,,,
,esaika,,,,,,,,,,,
,,,,,,,,,tomaꞌat,,,
uhytꞌi,,,,,,,,,,,,
,,arotꞌi,,,,,,,,,,
,,ahowa,,,,,,,,,,
uhowa,,,,,,,,,,,,
,ehowa,,,,,,,,,,,
,,,,,,,,,tukat,,,
,,,,,,,,,tuetiat,,,
,esaꞌup,,,,,,,,,,,
,,ahekat,,,,,,,,,,
uhekat,,,,,,,,,,,,
,ehekat,,,,,,,,,,,
,,,,,,,,,tuwei,,,
,,,,,,,,motyk,,,,
,,,,,,,,,,,,iꞌytyk
,,,,,,,,,,,ewyihotꞌok,
,,,,,,,,,,,,ihotꞌok
,,ahewyry,,,,,,,,,,
,ehewyry,,,,,,,,,,,
uhewyry,,,,,,,,,,,,
uhetu,,,,,,,,,,,,
,ehetu,,,,,,,,,,,
,,ahetu,,,,,,,,,,
,,,,,,,,,toꞌewy,,,
,,atikyꞌe,,,,,,,,,,
,etikyꞌe,,,,,,,,,,,
,epotpap,,,,,,,,,,,
,,,,,,,,,,,,ipotpap
,,aheꞌuꞌi,,,,,,,,,,
uheꞌuꞌi,,,,,,,,,,,,
,esapo,,,,,,,,,,,
,,ahesapo,,,,,,,,,,
uhesapo,,,,,,,,,,,,
,ehesapo,,,,,,,,,,,
,eiwepit,,,,,,,,,,,
,,aiwepit,,,,,,,,,,
uiwepit,,,,,,,,,,,,
,,,,,,,,,,,,itaria
,,ataria,,,,,,,,,,
,etikoi,,,,,,,,,,,
,,atikoi,,,,,,,,,,
,,,,,,,,,,,,ipirik
,,,,,,,,,teꞌy,,,
,,,,,,,,,tuꞌyat,,,
,,,,,,,,mohyt,,,,
,,,,,,,,,,,,ipohyt
,,,,,,,,,,,,ipainug
,,,,,,,,,,,,igag
,,ahemyp,,,,,,,,,,
,,,,,,,,,,,,iꞌanam
,,aterut,,,,,,,,,,
,eterut,,,,,,,,,,,
,,,,,,,,meiẽwat,,,,
,,,,,,,,moĩ,,,,
,,,,,,,,,toĩ,,,
,,awahuru,,,,,,,,,,
,ehũria,,,,,,,,,,,
,,,,,,,,,,,,ihũria
,,aihũria,,,,,,,,,,
uihũria,,,,,,,,,,,,
,eihũria,,,,,,,,,,,
,,awahu,,,,,,,,,,
,enuk,,,,,,,,,,,
,,,,,,,ienuk,,,,,
,,,,,,,,,tenuk,,,
,,,,,,,,,,,,ienuk
,,arenuk,,,,,,,,,,
,erenuk,,,,,,,,,,,
,,,,,,,,,terenuk,,,
,,,,,,,,,tewahi,,,
,ehewahi,,,,,,,,,,,
,,ahewahi,,,,,,,,,,
,,,,,,,,,,,,inytꞌin
,eimẽpyt,,,,,,,,,,,
uimẽpyt,,,,,,,,,,,,
,,aimẽpyt,,,,,,,,,,
,,,,,,,,mamai,,,,
,,,,,,,,,,,,imõꞌẽ
,,,,,,,,mimõꞌẽ,,,,
uimõꞌẽ,,,,,,,,,,,,
,,,,,,,,,timõꞌẽ,,,
,,atimõꞌẽ,,,,,,,,,,
,etimõꞌẽ,,,,,,,,,,,
,esaꞌyru,,,,,,,,,,,
,,ahape,,,,,,,,,,
,,,,,,,,,,,,ikohye
,eweikat,,,,,,,,,,,
,,,,,,,,,tusat,,,
,,,,,,,,,,,,iywa
,,,,,,,,,,,,iꞌywa
,,,,,,,,meiẽpe,,,,
,eiꞌy,,,,,,,,,,,
,,aiꞌy,,,,,,,,,,
uiꞌy,,,,,,,,,,,,
,,,,,,,,,tiꞌy,,,
uruꞌatu,,,,,,,,,,,,
,,,,,,,,,topo,,,
,,,,,,,,mopo,,,,
,,,,,,,,moweꞌeg,,,,
,,,,,,,,,toweꞌeg,,,
,eiꞌyat,,,,,,,,,,,
,,aiꞌyat,,,,,,,,,,
uiꞌyat,,,,,,,,,,,,
,,,,,,,,,,,,ikuꞌi
,,,,,,,,,,,,ipopit
,,,,,,,,,,,,ihy
,,ahy,,,,,,,,,,
,,,,,,,,,teput,,,
,,,,,,,,,,,,ihyeput
,,,,,,,,,tuweꞌeg,,,
,,,,,,,,,tipugha,,,
,,aipugha,,,,,,,,,,
,,,,,,,,mipugha,,,,
,eipugha,,,,,,,,,,,
,,,,,,,,,torokꞌe,,,
,,,,,,,,,toꞌope,,,
,,,,,,,,mani,,,,
,,,,,,,,,tani,,,
,,,,,,,,,tuweupi,,,
,epihi,,,,,,,,,,,
uimoe,,,,,,,,,,,,
,,,,,,,,,timoe,,,
,eimoe,,,,,,,,,,,
,,,,,,,,mimoe,,,,
,,aimoe,,,,,,,,,,
,,,,,,,,,tuwetyk,,,
,,,,,,,,,,,,ikãꞌã
,,,,,,,,mokãꞌã,,,,
,,,,,,,,,tokãꞌã,,,
,eanu,,,,,,,,,,,
,,,,,,,,,teꞌyni,,,
,,,,,,,,,tuete,,,
,,,,,,,,mokup,,,,
,,,,,,,,,,,,ikaipyi
,ekaipyi,,,,,,,,,,,
,etimoe,,,,,,,,,,,
,,atimoe,,,,,,,,,,
,,,,,,,,,taren,,,
,esurara,,,,,,,,,,,
,,aiũwat,,,,,,,,,,
,,,,,,,,meiũwat,,,,
,eperia,,,,,,,,,,,
,eiperia,,,,,,,,,,,
,eypa,,,,,,,,,,,
,,,,,,,,,toꞌyat,,,
,,,,,,,,,,,ewyirokirẽ,
,,,,,,,,,,,,irokirẽ
,epiit,,,,,,,,,,,
,,,,,,,,,,,,ipiit
,,,,,,,,,,,,ikosap
,,,,,,,,,tokosap,,,
,ewãtym,,,,,,,,,,,
,,aiꞌahu,,,,,,,,,,
,eiꞌahu,,,,,,,,,,,
uiꞌahu,,,,,,,,,,,,
,,,,,,,,,toimoe,,,
,,,,,,,,,topiit,,,
,,,,,,,,,,,,imog
,,,,,,,,mimog,,,,
,,,,,,,,,toimog,,,
,,,,,,,,,totioto,,,
uhemig,,,,,,,,,,,,
,,,,,,,,,tuwẽ,,,
,eipap,,,,,,,,,,,
,,aipap,,,,,,,,,,
uipap,,,,,,,,,,,,
,ewano,,,,,,,,,,,
,eket,,,,,,,,,,,
,,,,,,,,,,,,iket
,,,,,,,,,toket,,,
,,,,,,,,,,,,ikaꞌa
,,,,,,,,,tusok,,,
,eiket,,,,,,,,,,,
,,aiket,,,,,,,,,,
uiket,,,,,,,,,,,,
,,,,,,,,,,,,iykeꞌet
,,,,,,,ieykeꞌet,,,,,
,eykeꞌet,,,,,,,,,,,
,,,,,,,,,,,,isyp
,,,,,,,,,,,,imoĩ
,,,,,,,,,,,,ihymut
,,apyꞌat,,,,,,,,,,
,,,,,,,,,tehymut,,,
,,,,,,,,,tueha,,,
urueha,,,,,,,,,,,,
,eikenꞌẽ,,,,,,,,,,,
uikenꞌẽ,,,,,,,,,,,,
,,aikenꞌẽ,,,,,,,,,,
uweĩ,,,,,,,,,,,,
,,,,,,,,mata,,,,
,,,,,,,,,tosyp,,,
,,,,,,,,,towy,,,
,,,,,,,,mũꞌẽ,,,,
,,,,,,,,,tuemiit,,,
,,asuwai,,,,,,,,,,
,,,,,,,,,tuhep,,,
uruhep,,,,,,,,,,,,
,,aputꞌi,,,,,,,,,,
,,,,,,,,,teꞌereã,,,
,,apykok,,,,,,,,,,
,ewyyi,,,,,,,,,,,
,,,,,,,,meketã,,,,
,,,,,,,,,tesaika,,,
,,,,,,,,,,,,ihãpyk
,,,,,,,,mohãpyk,,,,
,,,,,,,,,toenuk,,,
,,,,,,,,moenuk,,,,
,,,,,,,,,,,,imoenuk
,,,,,,,,,tuwywo,,,
uruwywo,,,,,,,,,,,,
,,,,,,,,,teko,,,
,,aheko,,,,,,,,,,
uheko,,,,,,,,,,,,
,eheko,,,,,,,,,,,
,,,,,,,,,tieha,,,
,,,,,,,,mieha,,,,
,eweiwa,,,,,,,,,,,
,,,,,,,,,teꞌere,,,
,,,,,,,,,tomo,,,
,,,,,,,,,tereto,,,
,ehereto,,,,,,,,,,,
,,ahereto,,,,,,,,,,
uhereto,,,,,,,,,,,,
uity,,,,,,,,,,,,
,,aity,,,,,,,,,,
,eity,,,,,,,,,,,
,,,,,,,,,,,,ipakup
,epakup,,,,,,,,,,,
,,,,,,,,,tomog,,,
,,atomog,,,,,,,,,,
,,,,,,,,,toho,,,
,,aimimog,,,,,,,,,,
,,,,,,,,,tihiot,,,
,,,,,,,,,toihiot,,,
,,,,,,,,mosat,,,,
,,,,,,,,,toꞌosat,,,
,,,,,,,,,torok,,,
,,,,,,,,,,,,iporok
,,,,,,,,mahy,,,,
,,,,,,,,,teneg,,,
,,,,,,,,,,,,iporot
,eĩam,,,,,,,,,,,
,,,,,,,,,tuwepun,,,
,ewepyi,,,,,,,,,,,
,,aiwepyi,,,,,,,,,,
,eiwepyi,,,,,,,,,,,
uiwepyi,,,,,,,,,,,,
,,,,,,,,,toꞌopuo,,,
uipag,,,,,,,,,,,,
,,aipag,,,,,,,,,,
,eipag,,,,,,,,,,,
,,,,,,,,mipag,,,,
,,,,,,,,,tipag,,,
,eweipag,,,,,,,,,,,
,ewymio,,,,,,,,,,,
,,,,,,,,,,,,ipyhu
,,,,,,,,,tekꞌe,,,
,,,,,,,,,tuꞌisa,,,
,esuu,,,,,,,,,,,
,,,,,,,,,tosuu,,,
,,atemig,,,,,,,,,,
,,,,,,,,mupiat,,,,
,eupiat,,,,,,,,,,,
,,,,,,,,,totemig,,,
,,,,,,,,,tohãite,,,
,,,,,,,,mohãite,,,,
,,akuara,,,,,,,,,,
,,,,,,,,,toipo,,,
,,akipy,,,,,,,,,,
,eꞌokipy,,,,,,,,,,,
,,,,,,,,,totat,,,
urumoe,,,,,,,,,,,,
urukyꞌe,,,,,,,,,,,,
,,ahepap,,,,,,,,,,
,ehepap,,,,,,,,,,,
,,atueha,,,,,,,,,,
,,,,,,,,,tisopo,,,
,,ahytpok,,,,,,,,,,
uiku,,,,,,,,,,,,
,eiku,,,,,,,,,,,
,,aiku,,,,,,,,,,
,,ahatyꞌu,,,,,,,,,,
,ekyi,,,,,,,,,,,
,,,,,,,,,tuko,,,
uruko,,,,,,,,,,,,
,etiwan,,,,,,,,,,,
,,atiwan,,,,,,,,,,
,,,,,,,,,toimõꞌẽ,,,
,,,,,,,,,,wiripi,,
,,,,,,,,,tume,,,
,,,,,,,,,tuweu,,,
,,auweu,,,,,,,,,,
,,,,,,,,,toꞌauka,,,
,,,,,,,,miꞌai,,,,
,,,,,,,,,,,,imiꞌai
,emiꞌai,,,,,,,,,,,
uimiꞌai,,,,,,,,,,,,
,ewetiat,,,,,,,,,,,
,,aimẽpuo,,,,,,,,,,
,,,,,,,,,,,,ipãꞌãu
,epãꞌãu,,,,,,,,,,,
,,,,,,,,,tupiit,,,
,,aiwywo,,,,,,,,,,
,eiwywo,,,,,,,,,,,
uiwywo,,,,,,,,,,,,
,,,,,,,,,,,,iyhop
,,,,,,,,,,,,iꞌyhop
,,aheti,,,,,,,,,,
uheti,,,,,,,,,,,,
,eheti,,,,,,,,,,,
,eipiit,,,,,,,,,,,
uipiit,,,,,,,,,,,,
,,aipiit,,,,,,,,,,
,ehenuk,,,,,,,,,,,
,,ahenuk,,,,,,,,,,
uhenuk,,,,,,,,,,,,
,ewetum,,,,,,,,,,,
uruꞌyat,,,,,,,,,,,,
,,,,,,,,,tewuat,,,
,,,,,,,,miu,,,,
,,,,,,,,mohep,,,,
,,,,,,,,,,,,ipohep
,epohep,,,,,,,,,,,
,emienoi,,,,,,,,,,,
,,,,,,,,,,,,imienoi
,,atuma,,,,,,,,,,
,eura,,,,,,,,,,,
,,,,,,,,,tuwuk,,,
,,,,,,,,moity,,,,
,,,,,,,,,,,,ipoity
,,awyꞌato,,,,,,,,,,
,eipyhyp,,,,,,,,,,,
,,,,,,,,,tipyhyp,,,
uipyhyp,,,,,,,,,,,,
,,aipyhyp,,,,,,,,,,
,,,,,,,,mipyhyp,,,,
,eipetek,,,,,,,,,,,
,,aiwehay,,,,,,,,,,
,eiwehay,,,,,,,,,,,
uiwehay,,,,,,,,,,,,
,eweipun,,,,,,,,,,,
uimie,,,,,,,,,,,,
,eimie,,,,,,,,,,,
,,aimie,,,,,,,,,,
,,,,,,,,mohan,,,,
,eimohan,,,,,,,,,,,
,,aimohan,,,,,,,,,,
uimohan,,,,,,,,,,,,
,,aikaꞌi,,,,,,,,,,
,eipãꞌãu,,,,,,,,,,,
uipãꞌãu,,,,,,,,,,,,
,,aipãꞌãu,,,,,,,,,,
,ehuꞌuka,,,,,,,,,,,
,,,,,,,,mosa,,,,
,,,,,,,,,tosa,,,
,,,,,,,,,toikyꞌe,,,
,,,,,,,,,tomẽpyt,,,
,,,,,,,,,tuwese,,,
,,,,,,,,miwaure,,,,
uiwaure,,,,,,,,,,,,
,,,,,,,,,tiwaure,,,
,ekuiꞌa,,,,,,,,,,,
,,,,,,,,,,,,iweran
,eweran,,,,,,,,,,,
,eiweran,,,,,,,,,,,
uiweran,,,,,,,,,,,,
,,aiweran,,,,,,,,,,
urumuꞌe,,,,,,,,,,,,
uruhe,,,,,,,,,,,,
,eimikat,,,,,,,,,,,
,,aimikat,,,,,,,,,,
,,,,,,,,,tema,,,
,,,,,,,,,,,,iairu
,ehairu,,,,,,,,,,,
,,,,,,,,,,,,ihairu
,,,,,,,,,tehairu,,,
urupap,,,,,,,,,,,,
uiwak,,,,,,,,,,,,
,,aiwak,,,,,,,,,,
,,,,,,,,,,,,imahy
,,akywyt,,,,,,,,,,
,ekywyt,,,,,,,,,,,
,,aikywyt,,,,,,,,,,
uikywyt,,,,,,,,,,,,
,eikywyt,,,,,,,,,,,
,,,,,,,,,tueko,,,
urueko,,,,,,,,,,,,
uruwẽ,,,,,,,,,,,,
uruehay,,,,,,,,,,,,
,,,,,,,,,tupun,,,
uhehamo,,,,,,,,,,,,
,,ahehamo,,,,,,,,,,
,ehehamo,,,,,,,,,,,
,,,,,,,,maita,,,,
,eweiwak,,,,,,,,,,,
,ewoꞌope,,,,,,,,,,,
,etomo,,,,,,,,,,,
,,atomo,,,,,,,,,,
,,,,,,,,,tupag,,,
urukuap,,,,,,,,,,,,
uruwato,,,,,,,,,,,,
,ewaꞌa,,,,,,,,,,,
,eiwaꞌa,,,,,,,,,,,
,,arehum,,,,,,,,,,
,ewanuat,,,,,,,,,,,
,,,,,,,,,,,,iꞌarot
,,aiꞌarot,,,,,,,,,,
,eiꞌarot,,,,,,,,,,,
uiꞌarot,,,,,,,,,,,,
,,ahupit,,,,,,,,,,
,,,,,,,,mohy,,,,
,,,,,,,,,tohy,,,
,eropat,,,,,,,,,,,
,,,,,,,,,teropat,,,
,eꞌyry,,,,,,,,,,,
uheꞌyry,,,,,,,,,,,,
,,,,,,,,,,,,ipotyi
,,ahero,,,,,,,,,,
,ehero,,,,,,,,,,,
uhero,,,,,,,,,,,,
,,awati,,,,,,,,,,
,etiõtem,,,,,,,,,,,
,,atiõtem,,,,,,,,,,
,,aihũ,,,,,,,,,,
uihũ,,,,,,,,,,,,
,eihũ,,,,,,,,,,,
uweuria,,,,,,,,,,,,
,eweihep,,,,,,,,,,,
,eyke,,,,,,,,,,,
,,,,,,,,,,,,iyke
,eꞌyke,,,,,,,,,,,
,emiꞌa,,,,,,,,,,,
,,,,,,,,,,,,imiꞌa
uimiꞌa,,,,,,,,,,,,
,,,,,,,,,,,,imimoe
,emimoe,,,,,,,,,,,
,,,,,,,,,tuwepy,,,
,ekatup,,,,,,,,,,,
,,,,,,,,moehay,,,,
,,apu,,,,,,,,,,
,,,,,,,,,tepu,,,
,,,,,,,,,topãꞌãu,,,
,,,,,,,,,,,,imipoꞌo
,,akagnia,,,,,,,,,,
,,apoꞌi,,,,,,,,,,
,,,,,,,,,,,,ipoꞌi
,epoꞌi,,,,,,,,,,,
,,,,,,,,mipoꞌi,,,,
uipoꞌi,,,,,,,,,,,,
,,,,,,,,,toipoꞌi,,,
uihoiro,,,,,,,,,,,,
,,,,,,,,,,,,iũteꞌen
,eweium,,,,,,,,,,,
,,,,,,,,,tuweium,,,
,esaat,,,,,,,,,,,
,,,,,,,,,tosaat,,,
,epyp,,,,,,,,,,,
,,,,,,,,,,,,ipyp
,,,,,,,,,,,,iꞌapyp
urumo,,,,,,,,,,,,
uruepe,,,,,,,,,,,,
,,,,,,,,merepꞌe,,,,
,,,,,,,,,,,,imoꞌa
,emoꞌa,,,,,,,,,,,
uimoꞌa,,,,,,,,,,,,
,,,,,,,,,,,,iãꞌãkap
,,,,,,,,myeꞌym,,,,
,,,,,,,,,,,,iuna
,,arẽtem,,,,,,,,,,
,erẽtem,,,,,,,,,,,
uisyp,,,,,,,,,,,,
,,aisyp,,,,,,,,,,
,,,,,,,,misyp,,,,
,,,,,,,,,tomiꞌa,,,
,,,,,,,,,tuweete,,,
,,,,,,,,,tuana,,,
,,,,,,,,,,,,iuana
,esaipe,,,,,,,,,,,
,,,,,,,,,tosaipe,,,
,ewete,,,,,,,,,,,
,,,,,,,,,,,,iwete
,,,,,,,,,tuwete,,,
,ewehy,,,,,,,,,,,
,,,,,,,,,,wirip,,
uweꞌin,,,,,,,,,,,,
,,,,,,,,,toko,,,
,,,,,,,,,,,,ioko
,,,,,,,,,tohik,,,
,ewenug,,,,,,,,,,,
,,,,,,,,,tuwenug,,,
,,,,,,,,,,,,iꞌatuwẽ
,,,,,,,,,toikoi,,,
,,,,,,,,moꞌanam,,,,
,,,,,,,,,,,,ipuruk
,,,,,,,,mipuruk,,,,
,,,,,,,,,tipuruk,,,
,eipuruk,,,,,,,,,,,
,,,,,,,,,toywyt,,,
,,,,,,,,,teman,,,
,,apeman,,,,,,,,,,
,eweiwuk,,,,,,,,,,,
,,,,,,,,mutata,,,,
,,,,,,,,,topyt,,,
,,apopyt,,,,,,,,,,
,,,,,,,,,towato,,,
,,,,,,,,mowato,,,,
,,,,,,,,,,,,ikoran
,,,,,,,,,tõi,,,
,,,,,,,,mõi,,,,
,,,,,,,,,,,,ipuk
,,,,,,,,,,,,ipyre
,,ahytmoi,,,,,,,,,,
,,,,,,,,miãuka,,,,
,,,,,,,,,tohyp,,,
,,,,,,,,,toiwe,,,
,,,,,,,,,tomie,,,
,,,,,,,,,tomikoi,,,
,,,,,,,,,toipun,,,
,,,,,,,,,tekyi,,,
,etekyi,,,,,,,,,,,
,,atekyi,,,,,,,,,,
,,,,,,,,,totekyi,,,
,,,,,,,,,,,,ipatꞌok
,,aimotag,,,,,,,,,,
uimotag,,,,,,,,,,,,
,eimotag,,,,,,,,,,,
,,,,,,,,mimotag,,,,
,eotia,,,,,,,,,,,
,erotia,,,,,,,,,,,
,,,,,,,,,tomõ,,,
,,,,,,,,,typiat,,,
,,apuete,,,,,,,,,,
,,,,,,,,,tupy,,,
urupy,,,,,,,,,,,,
utꞌyp,,,,,,,,,,,,
,,,,,,,,,tusyp,,,
,,,,,,,,,tuweran,,,
,eiꞌapyk,,,,,,,,,,,
uiꞌapyk,,,,,,,,,,,,
,,,,,,,,mopep,,,,
,,,,,,,,,tuꞌok,,,
,,,,,,,ieĩpyt,,,,,
,eĩpyt,,,,,,,,,,,
,,,,,,,,,,,,ieĩpyt
,,,,,,,,,,,,ipupi
,epupi,,,,,,,,,,,
,,aipupi,,,,,,,,,,
uipupi,,,,,,,,,,,,
,ewewawi,,,,,,,,,,,
,,,,,,,,,tuwehik,,,
,,,,,,,,mierut,,,,
,eweimõ,,,,,,,,,,,
,,,,,,,,,tuty,,,
,,,,,,,,,,,,iꞌatuty
,,,,,,,,mohun,,,,
,,aimohun,,,,,,,,,,
,eimohun,,,,,,,,,,,
,,,,,,,,,,,,ipuꞌap
,epuꞌap,,,,,,,,,,,
,,aipuꞌap,,,,,,,,,,
uipuꞌap,,,,,,,,,,,,
,etohon,,,,,,,,,,,
,,aiymyẽ,,,,,,,,,,
,,,,,,,,,,,,imeꞌen
,emeꞌen,,,,,,,,,,,
,,aimeꞌen,,,,,,,,,,
uimeꞌen,,,,,,,,,,,,
,eroꞌok,,,,,,,,,,,
,,,,,,,,,teroꞌok,,,
,,,,,,,,,tohẽtup,,,
,,,,,,,,,toimõ,,,
,etisopo,,,,,,,,,,,
,,atisopo,,,,,,,,,,
urutum,,,,,,,,,,,,
,,,,,,,,myẽpe,,,,
,etupana,,,,,,,,,,,
,,aheman,,,,,,,,,,
,ehepira,,,,,,,,,,,
,,ahepira,,,,,,,,,,
,,,,,,,,matara,,,,
,,,,,,,,minꞌe,,,,
,,ahup,,,,,,,,,,
,,,,,,,,,,,,ihup
,,,,,,,,mopuk,,,,
,,,,,,,,,,,,iꞌasyp
,,,,,,,,,tiꞌasyp,,,
uiꞌasyp,,,,,,,,,,,,
,,,,,,,,miꞌasyp,,,,
,,anai,,,,,,,,,,
,,,,,,,,,,,,ianai
,,,,,,,,,teꞌog,,,
,,aheꞌog,,,,,,,,,,
,eheꞌog,,,,,,,,,,,
uheꞌog,,,,,,,,,,,,
,,,,,,,,,tuemig,,,
,,,,,,,,,tuereto,,,
,,,,,,,,,,,,ihapy
uruihep,,,,,,,,,,,,
,eweimoe,,,,,,,,,,,
,,,,,,,,mutara,,,,
,,,,,,,,mina,,,,
,,,,,,,,miekyi,,,,
,emiekyi,,,,,,,,,,,
urupyꞌa,,,,,,,,,,,,
,eweitek,,,,,,,,,,,
,,,,,,,,makꞌe,,,,
,,apoꞌere,,,,,,,,,,
urumi,,,,,,,,,,,,
uruwa,,,,,,,,,,,,
,,,,,,,,,tohaꞌup,,,
,,atiwe,,,,,,,,,,
,etiwe,,,,,,,,,,,
,,,,,,,,,,,,imonik
,,,,,,,,,timonik,,,
uruwary,,,,,,,,,,,,
,,apoꞌare,,,,,,,,,,
,,,,,,,,,,,,iwaryꞌi
,eiwary,,,,,,,,,,,
uiwary,,,,,,,,,,,,
,,aiwary,,,,,,,,,,
,,,,,,,iesuiꞌin,,,,,
,etomõ,,,,,,,,,,,
,ehire,,,,,,,,,,,
,,,,,,,,,,,,ihire
uihire,,,,,,,,,,,,
,,aihire,,,,,,,,,,
,ehapo,,,,,,,,,,,
uruekat,,,,,,,,,,,,
,,amyap,,,,,,,,,,
,eamyap,,,,,,,,,,,
,eꞌamyap,,,,,,,,,,,
,ehupiat,,,,,,,,,,,
uhupiat,,,,,,,,,,,,
,,,,,,,,,totyꞌin,,,
,,,,,,,,,teuwa,,,
uheuwa,,,,,,,,,,,,
uruwat,,,,,,,,,,,,
,,,,,,,,,teꞌat,,,
,,aheꞌat,,,,,,,,,,
uheꞌat,,,,,,,,,,,,
,eheꞌat,,,,,,,,,,,
uiwese,,,,,,,,,,,,
,,aiwese,,,,,,,,,,
,eiwese,,,,,,,,,,,
,,,,,,,,,teꞌyꞌu,,,
,,,,,,,,,tekuiꞌa,,,
,,ahatek,,,,,,,,,,
uhatek,,,,,,,,,,,,
,ehatek,,,,,,,,,,,
uiporan,,,,,,,,,,,,
,,,,,,,,,tomiꞌai,,,
,,,,,,,ieriko,,,,,
,,,,,,,,,,,,ieriko
,,,,,,,,,tupo,,,
urupo,,,,,,,,,,,,
,,aimẽ,,,,,,,,,,
,eimẽ,,,,,,,,,,,
uimẽ,,,,,,,,,,,,
,,,,,,,,meimẽ,,,,
uweira,,,,,,,,,,,,
,,,,,,,,,,,,iumenta
,,asaity,,,,,,,,,,
,,,,,,,,,typok,,,
uruhũ,,,,,,,,,,,,
,,,,,,,,maꞌam,,,,
,,,,,,,,,taꞌam,,,
,,,,,,,,,,,,iãgã
,,,,,,,,mesa,,,,
,,,,,,,,,tesa,,,
,,,,,,,,,,,,iꞌokpun
,,,,,,,,,tineiru,,,
,,,,,,,,minꞌere,,,,
,,,,,,,,meikotã,,,,
uipopap,,,,,,,,,,,,
,eweihay,,,,,,,,,,,
,,,,,,,,,,,,iꞌypia
,,,,,,,,,toipuru,,,
,,,,,,,,mipoꞌok,,,,
,emipuru,,,,,,,,,,,
,,,,,,,,,,,,imipuru
,ekuekai,,,,,,,,,,,
,,,,,,,,,tynug,,,
,,,,,,,,,,,,ipueri
,,,,,,,,,,,,iwyp
,,,,,,,,,,,,imosat
,,,,,,,,,tomosat,,,
,,,,,,,,,topoꞌi,,,
,epopoꞌi,,,,,,,,,,,
uiwyꞌok,,,,,,,,,,,,
,eiwyꞌok,,,,,,,,,,,
,,aiwu,,,,,,,,,,
,eiwu,,,,,,,,,,,
,ewekyꞌe,,,,,,,,,,,
,,,,,,,,,,,,iꞌokpe
uiꞌokpe,,,,,,,,,,,,
,,aiꞌokpe,,,,,,,,,,
,eiꞌokpe,,,,,,,,,,,
,,,,,,,,,,,,iꞌywop
,ekytyt,,,,,,,,,,,
,,,,,,,,,,,,ikytyt
,,atupo,,,,,,,,,,
,,,,,,,,,,,,iꞌatupo
,,,,,,,,maꞌatꞌi,,,,
uruwepe,,,,,,,,,,,,
,ewatꞌyp,,,,,,,,,,,
,,,,,,,,moheg,,,,
uhehiwu,,,,,,,,,,,,
,,,,,,,,,,,,imoheg
,,aimoheg,,,,,,,,,,
,,,,,,,,,,,,ikoho
,eikoho,,,,,,,,,,,
,,,,,,,,,tikoho,,,
uikoho,,,,,,,,,,,,
,,,,,,,,mikoho,,,,
,,aikoho,,,,,,,,,,
,,,,,,,,,,,,ipitpit
,eweipyi,,,,,,,,,,,
,ewãi,,,,,,,,,,,
,,awãi,,,,,,,,,,
,eweiwãi,,,,,,,,,,,
,,,,,,,,,,,,ipen
,,aipen,,,,,,,,,,
,,,,,,,,,tipen,,,
uipen,,,,,,,,,,,,
,eweipen,,,,,,,,,,,
,,,,,,,,mokahu,,,,
,,,,,,,,,,,,imokahu
,ewyieru,,,,,,,,,,,
uruimo,,,,,,,,,,,,
uhet,,,,,,,,,,,,
,,ahet,,,,,,,,,,
,ehet,,,,,,,,,,,
,,,,,,,,,tyryꞌe,,,
,,apeꞌi,,,,,,,,,,
,,,,,,,,,,,,ipupiat
,,,,,,,,,,,,iraꞌak
,,,,,,,,,tanieu,,,
,,,,,,,,,,,,ihyha
,,aihyha,,,,,,,,,,
uihyha,,,,,,,,,,,,
,eihyha,,,,,,,,,,,
,,,,,,,,,,,,iraꞌyn
,,,,,,,,mytuꞌu,,,,
,,,,,,,,,,,,iuẽpe
,,ahoꞌo,,,,,,,,,,
,ehoꞌo,,,,,,,,,,,
uruhoꞌo,,,,,,,,,,,,
,,,,,,,,,,,,iꞌokpuk
urupu,,,,,,,,,,,,
,,,,,,,,,tominug,,,
,,,,,,,,,,,,iꞌatuko
,,,,,,,,mikuꞌi,,,,
,,,,,,,,,teꞌa,,,
,,,,,,,,,,,,ipytꞌat
,,,,,,,,,tuket,,,
,,,,,,,,meipe,,,,
,ewehoꞌo,,,,,,,,,,,
uruket,,,,,,,,,,,,
,eiwano,,,,,,,,,,,
uiwano,,,,,,,,,,,,
,,aiwano,,,,,,,,,,
,esaka,,,,,,,,,,,
,,,,,,,,,,,,isaka
,emowato,,,,,,,,,,,
,,,,,,,,,,,,imowato
,,,,,,,,,tuwy,,,
,,,,,,,,,,,,imisyp
,,,,,,,,,tomiium,,,
uiwaria,,,,,,,,,,,,
utui,,,,,,,,,,,,
uruipoi,,,,,,,,,,,,
,ereꞌyꞌu,,,,,,,,,,,
,,areꞌyꞌu,,,,,,,,,,
urutoꞌe,,,,,,,,,,,,
,,,,,,,,,,,,iꞌuhu
,,,,,,,,miꞌuhu,,,,
,,,,,,,,,tiꞌuhu,,,
,eitokpe,,,,,,,,,,,
,,aiꞌywa,,,,,,,,,,
,,,,,,,,,tituꞌin,,,
,,ahenõꞌẽ,,,,,,,,,,
,,,,,,,,,tuenuk,,,
,,arapatu,,,,,,,,,,
,,,,,,,,,tikãꞌã,,,
,,,,,,,,,toikat,,,
,,,,,,,,,tunik,,,
,,atunik,,,,,,,,,,
,,,,,,,,,,,,ipikpik
,ewetat,,,,,,,,,,,
,,ahuu,,,,,,,,,,
uhuu,,,,,,,,,,,,
,,aresa,,,,,,,,,,
,,,,,,,,,,,,iresa
,,aremõti,,,,,,,,,,
,eremõti,,,,,,,,,,,
,,ahaty,,,,,,,,,,
,,,,,,,,,tohaty,,,
,,,,,,,,mohaty,,,,
,eweiket,,,,,,,,,,,
,,,,,,,,,,,,ipak
,eweto,,,,,,,,,,,
,ewope,,,,,,,,,,,
,,,,,,,,,towope,,,
,eahape,,,,,,,,,,,
,,,,,,,,,,,,iꞌahape
,,,,,,,,,tuwepyk,,,
uipytyk,,,,,,,,,,,,
,eipytyk,,,,,,,,,,,
,eꞌoki,,,,,,,,,,,
,,,,,,,,,tuwepik,,,
,eratu,,,,,,,,,,,
,,,,,,,,,totoiat,,,
,,,,,,,,mũti,,,,
,,atisyp,,,,,,,,,,
,,,,,,,,,tueso,,,
,,atueso,,,,,,,,,,
,,,,,,,,,tuwehay,,,
urehay,,,,,,,,,,,,
,erehay,,,,,,,,,,,
,,arehay,,,,,,,,,,
,eherut,,,,,,,,,,,
uherut,,,,,,,,,,,,
,ehamuat,,,,,,,,,,,
uruete,,,,,,,,,,,,
,,,,,,,,,tupak,,,
,,,,,,,,mãtap,,,,
,,amãtap,,,,,,,,,,
,,,,,,,,,tehu,,,
,,,,,,,,,,,,iota
,,,,,,,,,toterep,,,
,epiok,,,,,,,,,,,
,ereha,,,,,,,,,,,
,,areha,,,,,,,,,,
,,atomoma,,,,,,,,,,
,ewewi,,,,,,,,,,,
,,,,,,,,mokoꞌi,,,,
,,,,,,,,,tuwewi,,,
,,,,,,,,,tuwatka,,,
,erai,,,,,,,,,,,
,,,,,,,,,,,,irama
,,,,,,,,mena,,,,
,,,,,,,,,tũꞌã,,,
,,,,,,,,,,,,ipũꞌã
,,apokik,,,,,,,,,,
,,,,,,,,,,,,ipũꞌẽ
,,,,,,,,,topũꞌẽ,,,
uiwẽtem,,,,,,,,,,,,
,,aiwẽtem,,,,,,,,,,
,ehakye,,,,,,,,,,,
,,,,,,,,mihy,,,,
,eweihy,,,,,,,,,,,
uiky,,,,,,,,,,,,
,,,,,,,,,tiky,,,
,,,,,,,,miky,,,,
,eiky,,,,,,,,,,,
,,aiky,,,,,,,,,,
,,,,,,,,,toiky,,,
,,,,,,,,,toiꞌa,,,
,,,,,,,,,tihuruk,,,
,eꞌãpe,,,,,,,,,,,
,,,,,,,,,,,,iꞌãpe
,,atiky,,,,,,,,,,
,etiky,,,,,,,,,,,
,ehaꞌa,,,,,,,,,,,
uhaꞌa,,,,,,,,,,,,
,,ahaꞌa,,,,,,,,,,
,,,,,,,,,tomoe,,,
,,,,,,,,,tukup,,,
,eweiky,,,,,,,,,,,
,,aiꞌok,,,,,,,,,,
uiꞌok,,,,,,,,,,,,
,,,,,,,,,tiꞌok,,,
,,,,,,,,miꞌok,,,,
,eiꞌok,,,,,,,,,,,
,etiꞌok,,,,,,,,,,,
,,,,,,,,moiꞌok,,,,
,,,,,,,,,toiꞌok,,,
,,,,,,,,,,,,irewi
,,apykpe,,,,,,,,,,
,,,,,,,,moꞌy,,,,
,,,,,,,,,toꞌy,,,
,emu,,,,,,,,,,,
,,atera,,,,,,,,,,
,,,,,,,,,,,,ipotmu
,epotmu,,,,,,,,,,,
,,,,,,,,,,,,iteneg
,enãpuk,,,,,,,,,,,
,,apiata,,,,,,,,,,
,,,,,,,,,,,,ikuasa
,ekuasa,,,,,,,,,,,
,erepo,,,,,,,,,,,
,,arepo,,,,,,,,,,
,esura,,,,,,,,,,,
,,,,,,,,,,,,itumeia
,,,,,,,,,tuset,,,
,,atuset,,,,,,,,,,
,,,,,,,,,,,,ipuehay
,,,,,,,,,tuy,,,
,enõtem,,,,,,,,,,,
uipusu,,,,,,,,,,,,
,,aipusu,,,,,,,,,,
,eipusu,,,,,,,,,,,
,eweipy,,,,,,,,,,,
,,,,,,,,,tuieĩ,,,
,,,,,,,,,typag,,,
,ereko,,,,,,,,,,,
,,,,,,,,,tereko,,,
,,,,,,,,,tuwepyi,,,
,eweikoi,,,,,,,,,,,
,,aga,,,,,,,,,,
,,,,,,,,,,,,iaga
,ewyat,,,,,,,,,,,
,,,,,,,,,toꞌakag,,,
,,,,,,,,mysop,,,,
,,,,,,,,minwa,,,,
,,,,,,,,,,,,imope
urusa,,,,,,,,,,,,
,,,,,,,,,,,,isem
uruset,,,,,,,,,,,,
uruty,,,,,,,,,,,,
,,,,,,,,,toꞌahu,,,
,enyt,,,,,,,,,,,
,,,,,,,,,,,,inyt
uheinyt,,,,,,,,,,,,
,,aheinyt,,,,,,,,,,
,eheinyt,,,,,,,,,,,
,,,,,,,,,,,,iruka
uruka,,,,,,,,,,,,
,,,,,,,,,,,,irita
,,,,,,,,,tarita,,,
,,,,,,,,,topoi,,,
,etopoi,,,,,,,,,,,
,,,,,,,,,,,,ipatpap
,,,,,,,,,tohepap,,,
,epoꞌyha,,,,,,,,,,,
,,,,,,,,,tupen,,,
,,,,,,,,,toika,,,
,,,,,,,,,toterut,,,
umipo,,,,,,,,,,,,
,,,,,,,,,,,,imipo
,emipo,,,,,,,,,,,
,eweiꞌa,,,,,,,,,,,
,ewyteꞌe,,,,,,,,,,,
,,,,,,,,,,,,imipoi
,,,,,,,,,tomipoi,,,
,ehog,,,,,,,,,,,
,,,,,,,iehog,,,,,
,eꞌoken,,,,,,,,,,,
,,,,,,,,,tupyi,,,
,,,,,,,,mimu,,,,
uimu,,,,,,,,,,,,
,emimu,,,,,,,,,,,
,,,,,,,,,,,,imimu
uhaꞌy,,,,,,,,,,,,
,ehaꞌy,,,,,,,,,,,
,,,,,,,,,,,,ihaꞌy
,,ahaꞌy,,,,,,,,,,
,ehaki,,,,,,,,,,,
,,ahaki,,,,,,,,,,
uhaki,,,,,,,,,,,,
,epaꞌi,,,,,,,,,,,
,,,,,,,,,tepaꞌi,,,
,,ahepaꞌi,,,,,,,,,,
,ehepaꞌi,,,,,,,,,,,
,eipohep,,,,,,,,,,,
uipohep,,,,,,,,,,,,
,,aipohep,,,,,,,,,,
uiposei,,,,,,,,,,,,
,eiposei,,,,,,,,,,,
,,aipysei,,,,,,,,,,
,eipysei,,,,,,,,,,,
uipysei,,,,,,,,,,,,
,ereĩ,,,,,,,,,,,
,,aimẽꞌẽn,,,,,,,,,,
,,,,,,,,,tuwetẽm,,,
uiwaku,,,,,,,,,,,,
,,aiwaku,,,,,,,,,,
,,,,,,,,,teky,,,
,,,,,,,,misia,,,,
,,,,,,,,,,wirisia,,
,etipoi,,,,,,,,,,,
,,atipoi,,,,,,,,,,
,,aware,,,,,,,,,,
,,ahẽku,,,,,,,,,,
uhẽku,,,,,,,,,,,,
,ehẽku,,,,,,,,,,,
,,,,,,,,,tohẽku,,,
,,,,,,,,,tẽty,,,
,ewata,,,,,,,,,,,
,,,,,,,,,tauma,,,
,,,,,,,,,tohok,,,
,eiwo,,,,,,,,,,,
,,aiwo,,,,,,,,,,
,,,,,,,,,topũꞌĩa,,,
,,,,,,,,,toꞌoe,,,
,erepik,,,,,,,,,,,
,eheꞌa,,,,,,,,,,,
,,aheꞌa,,,,,,,,,,
uheꞌa,,,,,,,,,,,,
,,aimipun,,,,,,,,,,
uimipun,,,,,,,,,,,,
,eimipun,,,,,,,,,,,
,eikup,,,,,,,,,,,
,eweikup,,,,,,,,,,,
,eweiꞌeĩ,,,,,,,,,,,
,eithep,,,,,,,,,,,
,,,,,,,,,tupano,,,
,,,,,,,,,,,,iꞌokhyt
,,,,,,,,meiko,,,,
,,,,,,,,,tusake,,,
,,,,,,,,mõto,,,,
,,,,,,,,,tuwenoi,,,
,,,,,,,,mekepe,,,,
,,,,,,,,moweu,,,,
uruta,,,,,,,,,,,,
,,,,,,,,moꞌam,,,,
,,arepot,,,,,,,,,,
,erepot,,,,,,,,,,,
,,atimõ,,,,,,,,,,
,etimõ,,,,,,,,,,,
,,,,,,,,,,,,iwasu
,,,,,,,,,tuwee,,,
,,,,,,,,,tomẽ,,,
,,,,,,,,,toku,,,
,,,,,,,,,,,,ipokpok
,eropy,,,,,,,,,,,
uruiky,,,,,,,,,,,,
,etuꞌi,,,,,,,,,,,
,,,,,,,,,,,,imimõ
,emimõ,,,,,,,,,,,
,,aiꞌya,,,,,,,,,,
,eiꞌya,,,,,,,,,,,
uiꞌya,,,,,,,,,,,,
,,,,,,,,,timeu,,,
,,,,,,,,,topysop,,,
,,,,,,,,,,,,imiky
,emiky,,,,,,,,,,,
,,,,,,,,,,,,iumentu
,ewyheꞌi,,,,,,,,,,,
,esaatꞌu,,,,,,,,,,,
,,,,,,,,,tutnug,,,
,,,,,,,,,topopy,,,
,,,,,,,,,typnug,,,
,,,,,,,,motpo,,,,
,epotpo,,,,,,,,,,,
,,,,,,,,,,,,ipotpo
,,,,,,,,,,,,ipoꞌog
,,,,,,,,,toiãꞌãg,,,
,,,,,,,,mõpy,,,,
,,,,,,,,,toset,,,
,,,,,,,,,,,,iꞌatuy
,,,,,,,,,tumiium,,,
,,,,,,,,,toinyt,,,
,ewyiwan,,,,,,,,,,,
,,ahaig,,,,,,,,,,
,ereꞌok,,,,,,,,,,,
,eiwemig,,,,,,,,,,,
,eimitum,,,,,,,,,,,
,eroꞌo,,,,,,,,,,,
,ewytypy,,,,,,,,,,,
,eweha,,,,,,,,,,,
,,aikopeĩ,,,,,,,,,,
,eweipo,,,,,,,,,,,
,,,,,,,,mĩkau,,,,
,,,,,,,,moieĩ,,,,
,,,,,,,,,timoieĩ,,,
,,,,,,,,mimoieĩ,,,,
,,aimoieĩ,,,,,,,,,,
,eimoieĩ,,,,,,,,,,,
uimoieĩ,,,,,,,,,,,,
,eꞌyian,,,,,,,,,,,
,,,,,,,,,typuot,,,
,,,,,,,,moha,,,,
,,,,,,,,,toha,,,
,,areket,,,,,,,,,,
,ereket,,,,,,,,,,,
,eihãꞌãg,,,,,,,,,,,
uiꞌã,,,,,,,,,,,,
,,,,,,,,miꞌã,,,,
,,,,,,,,,tiꞌã,,,
,,,,,,,,,toiꞌã,,,
,,,,,,,,,towape,,,
,,,,,,,,mõpe,,,,
,,,,,,,,,,,,ihahik
uikuasa,,,,,,,,,,,,
,,,,,,,,mikuasa,,,,
,,,,,,,,,tikuasa,,,
,ewyyne,,,,,,,,,,,
,,aresã,,,,,,,,,,
,,,,,,,,,tinu,,,
,,,,,,,,,,,,imoweu
,ewyatpo,,,,,,,,,,,
,erui,,,,,,,,,,,
,,arui,,,,,,,,,,
,,,,,,,,,typuo,,,
,,,,,,,,,tohuwy,,,
,,,,,,,,,teꞌo,,,
,,,,,,,,mimiꞌin,,,,
,,,,mienoimehĩ,,,,,,,,
,,,mienoimehĩ,,,,,,,,,
,,,,,,,,,teowiru,,,
uhat,,,,,,,,,,,,
,ehat,,,,,,,,,,,
,eremuꞌe,,,,,,,,,,,
,,aremuꞌe,,,,,,,,,,
uiwepe,,,,,,,,,,,,
,,aiwepe,,,,,,,,,,
,,,,,,,,,,,,isapeu
,esapeu,,,,,,,,,,,
,,,,,,,iesapeu,,,,,
,,,,,,,,,topakup,,,
,,,,,,,,mopakup,,,,
,,,,,,,,,toiwuk,,,
,,awemo,,,,,,,,,,
,ewemo,,,,,,,,,,,
,,,,,,,,,,,,iwemo
,,,,,,,,,,,,iporo
uiporo,,,,,,,,,,,,
,,,,,,,,,tomu,,,
uhupiꞌa,,,,,,,,,,,,
,,,,,,,,,tohe,,,
,emiari,,,,,,,,,,,
,eꞌapiꞌi,,,,,,,,,,,
,,,,,,,,,toupiꞌa,,,
,,,,,,,,,tung,,,
,,atung,,,,,,,,,,
,,,,,,,,,,,,iꞌymyẽ
,eꞌymyẽ,,,,,,,,,,,
,,,,,,,,mũkup,,,,
,,,,,,,,miha,,,,
,,,,,,,,,tora,,,
,,,,,,,,meiũra,,,,
,ehaky,,,,,,,,,,,
,,,,,,,,,,,,ihaky
urueꞌa,,,,,,,,,,,,
uruꞌy,,,,,,,,,,,,
,,,,,,,,musin,,,,
,emusin,,,,,,,,,,,
,,,,,,,,mase,,,,
,eꞌase,,,,,,,,,,,
,ehãꞌãpe,,,,,,,,,,,
uruewa,,,,,,,,,,,,
,,,,,,,,,tenõtem,,,
,,,,,,,,,,,,imimo
,emimo,,,,,,,,,,,
,,ahekyi,,,,,,,,,,
uhekyi,,,,,,,,,,,,
,ehekyi,,,,,,,,,,,
,,,,,,,,moẽ,,,,
,,aimoẽ,,,,,,,,,,
,eimoẽ,,,,,,,,,,,
,,,,,,,,,toimoẽ,,,
,ewysaꞌa,,,,,,,,,,,
,,aukutu,,,,,,,,,,
,,atumo,,,,,,,,,,
,,,,,,,,,tosu,,,
,,awyato,,,,,,,,,,
,,,,,,,,,tosuwy,,,
upip,,,,,,,,,,,,
uruimõ,,,,,,,,,,,,
uweria,,,,,,,,,,,,
,,,,,,,,murui,,,,
,,,,,,,,,,,,iueu
,,arepy,,,,,,,,,,
,erepy,,,,,,,,,,,
uruikat,,,,,,,,,,,,
,,,,,,,,,tiwyro,,,
,,,,,,,,,tiperiu,,,
,,,,,pũsiu,,,,,,,
,,,,,,,,,,,,itureia
uheywyt,,,,,,,,,,,,
,eheywyt,,,,,,,,,,,
,,aheywyt,,,,,,,,,,
,,apirene,,,,,,,,,,
,,,,,,,,,toihy,,,
,,,,,,,,mohot,,,,
,,,,,,,,,,,,iꞌõꞌẽ
uruꞌa,,,,,,,,,,,,
uruwano,,,,,,,,,,,,
,ewepo,,,,,,,,,,,
,,,,,,,,,toiꞌyky,,,
,,,,,,,,matati,,,,
,,,,,,,,meuki,,,,
,,,,,,,,matia,,,,
,,,,,,,,matatia,,,,
,,,,,,,,miri,,,,
,esiri,,,,,,,,,,,
,,,,,,,,maate,,,,
,,,,,,,,,teki,,,
,,,,,,,,,,,,iuseki
,eumutã,,,,,,,,,,,
,,,,,,,,,,,,iusue
,eriese,,,,,,,,,,,
,,,,,,,,,,,,iurĩ
,,,,,,,,matate,,,,
,,,,,,,,merea,,,,
,,,,,,,,matata,,,,
,,,,,,,,,,,,iupete
,,amina,,,,,,,,,,
,emĩ,,,,,,,,,,,
,,atimĩ,,,,,,,,,,
,,arani,,,,,,,,,,
,,,,,,,,,,,,irakãu
,epet,,,,,,,,,,,
,,awasate,,,,,,,,,,
,,,,,,,,,,,,irameki
,enoki,,,,,,,,,,,
,,,,,,,,,,,,inoki
,,,,,,,,,,,,iarete
,,,,,,,,marereu,,,,
,,,,,,,,merereu,,,,
,,arepỹ,,,,,,,,,,
,erepỹ,,,,,,,,,,,
,,,,,,,,,toipag,,,
,,arepopy,,,,,,,,,,
,erepopy,,,,,,,,,,,
,,aremoe,,,,,,,,,,
,eremoe,,,,,,,,,,,
,,ahei,,,,,,,,,,
,ehei,,,,,,,,,,,
,,areta,,,,,,,,,,
,eriseu,,,,,,,,,,,
,,,,,,,,,tamã,,,
uruwy,,,,,,,,,,,,
,ehesuki,,,,,,,,,,,
,,,,,,,,,toĩnꞌen,,,
,,,,,,,,,tomisat,,,
,,,,,,,,mõpuk,,,,
,epotꞌi,,,,,,,,,,,
,,,,,,,,,,,,ipotꞌi
,,,,,,,,,,,,imopẽꞌã
,eweho,,,,,,,,,,,
,,,,,,,,,tomiit,,,
,,,,,,,,,tiꞌaro,,,
,,,,,,,,,toiꞌaro,,,
uruꞌok,,,,,,,,,,,,
,eheꞌyni,,,,,,,,,,,
uheꞌyni,,,,,,,,,,,,
,,aheꞌyni,,,,,,,,,,
,,,,,,,,meũran,,,,
,,apowa,,,,,,,,,,
,,aheuru,,,,,,,,,,
,,,,,,,,,tukag,,,
,,,,,,,,,,,,iãkukag
,eãkukag,,,,,,,,,,,
,,,,,,,,,toipan,,,
uhesu,,,,,,,,,,,,
,,ahesu,,,,,,,,,,
,ehesu,,,,,,,,,,,
,,arewak,,,,,,,,,,
,erewak,,,,,,,,,,,
urumie,,,,,,,,,,,,
,,,,,,,,,towesat,,,
,eꞌut,,,,,,,,,,,
,,,,,,,,,tomohit,,,
,,,,,,,,,tupe,,,
,,,,,,,,,,,,itypore
,,,,,,,,,toitip,,,
,,,,,,,,,taꞌasap,,,
,,,,,,,,,topysei,,,
,,,,,,,,,tehahy,,,
,,,,,,,,mogag,,,,
,etipag,,,,,,,,,,,
uipypen,,,,,,,,,,,,
,,,,,,,,,,,,iꞌakyt
uruho,,,,,,,,,,,,
,,,,,,,,,,,,iponik
,,,,,,,,meikope,,,,
,,,,,,,,,toꞌoran,,,
,ereꞌã,,,,,,,,,,,
,,,,,,,,,tomoieĩ,,,
,eheku,,,,,,,,,,,
,eiwei,,,,,,,,,,,
,,aiwei,,,,,,,,,,
,,,,,,,,,tuey,,,
,ewyyt,,,,,,,,,,,
uruupi,,,,,,,,,,,,
,,ahewat,,,,,,,,,,
uhewat,,,,,,,,,,,,
,,aitotã,,,,,,,,,,
,,,,,,,,maneꞌi,,,,
,eharia,,,,,,,,,,,
,eweinuk,,,,,,,,,,,
,ehuꞌu,,,,,,,,,,,
,,ahuꞌu,,,,,,,,,,
,,aipit,,,,,,,,,,
uruipit,,,,,,,,,,,,
,emiwuk,,,,,,,,,,,
,,aimiwuk,,,,,,,,,,
,eimiwuk,,,,,,,,,,,
uimiwuk,,,,,,,,,,,,
,,,,,,,,,tuepiit,,,
uruiꞌa,,,,,,,,,,,,
,,,,,,,,,,,,ipohag
,,,,,,,,,tohũ,,,
,,,,,,,,,toky,,,
,ewehu,,,,,,,,,,,
uruwe,,,,,,,,,,,,
urutup,,,,,,,,,,,,
,,areꞌo,,,,,,,,,,
,ereꞌo,,,,,,,,,,,
uimẽt,,,,,,,,,,,,
,,ahepuo,,,,,,,,,,
,ehepuo,,,,,,,,,,,
,,,,,,,,,tuetu,,,
uruetu,,,,,,,,,,,,
,,,,,,,,,tuekyi,,,
,,atuekyi,,,,,,,,,,
,,,,,,,,,topen,,,
,,,,,,,,,temi,,,
,emotãg,,,,,,,,,,,
,,,,,,,,,,,,iona
,,,,,,,,mona,,,,
,,,,,,,,,,,,ipytyp
,eiwekat,,,,,,,,,,,
,,aimisyp,,,,,,,,,,
uruipag,,,,,,,,,,,,
urikuap,,,,,,,,,,,,
uheypa,,,,,,,,,,,,
,,aheypa,,,,,,,,,,
,ewyuiwy,,,,,,,,,,,
,eroto,,,,,,,,,,,
,,aheroto,,,,,,,,,,
,eheroto,,,,,,,,,,,
,,,,,,,,,tukoi,,,
,,,,,,,,,toipoi,,,
,,,,,,,,mogyt,,,,
uimogyt,,,,,,,,,,,,
,,aimogyt,,,,,,,,,,
,,,,,,,,mũki,,,,
,eisapo,,,,,,,,,,,
,eweiꞌo,,,,,,,,,,,
,etewuat,,,,,,,,,,,
,,,,,,,,,toka,,,
,,atiwuk,,,,,,,,,,
,,aũka,,,,,,,,,,
,,,,,,,,,,,,iũe
,,,,,,,,,teren,,,
,eweipap,,,,,,,,,,,
,,,,,,,,,tomiꞌu,,,
,,aꞌẽpo,,,,,,,,,,
,,atipok,,,,,,,,,,
,,,,,,,,,tiporop,,,
,eweiõꞌẽ,,,,,,,,,,,
,,,,,,,,,toꞌu,,,
,ehewot,,,,,,,,,,,
,,atusopo,,,,,,,,,,
,,,,,,,,,,,,iꞌewtye
,,,,,,,,miowat,,,,
,,,,,,,,mihik,,,,
,eꞌypa,,,,,,,,,,,
uiweko,,,,,,,,,,,,
,,aimꞌu,,,,,,,,,,
,,,,,,,,,toupiat,,,
,ehesa,,,,,,,,,,,
,,,,,,,,moryꞌa,,,,
,,,,,,,,morekat,,,,
,,apypok,,,,,,,,,,
,,,,,,,,,tohũria,,,
,,,,,,,,,tusoke,,,
,,,,,,,,,tohupit,,,
,,,,,,,,,tuwepit,,,
,,,,,,,,,tesaꞌup,,,
,,,,,,,,,tomipun,,,
,,,,,,,,,toꞌyara,,,
,,aikag,,,,,,,,,,
uikag,,,,,,,,,,,,
,,,,,,,,,,,,ipuĩꞌã
,ewetey,,,,,,,,,,,
,epopera,,,,,,,,,,,
,,,,,,,,,toiwan,,,
,erewy,,,,,,,,,,,
,,arewy,,,,,,,,,,
,,,,,,,,,,,,irasaru
,,,,,,,,,topuĩꞌã,,,
,,,,,,,,minꞌi,,,,
,,ahenꞌi,,,,,,,,,,
,,ahaity,,,,,,,,,,
,erekoi,,,,,,,,,,,
,,,,,,,,,tuwekoi,,,
,,arewei,,,,,,,,,,
,erewei,,,,,,,,,,,
,etupe,,,,,,,,,,,
,,,,,,,,,,,,iꞌatupe
,,,,,,,,,tuapana,,,
,,,,,,,,,,,,ihatꞌat
,,,,,,,,,,,,iroꞌin
,,acre,,,,,,,,,,
uruwu,,,,,,,,,,,,
,,,,,,,,mosero,,,,
,,,,,,,,,tosero,,,
,,,,,,,,,teheꞌat,,,
,,,,,,,,,tokpyi,,,
,,,,,,,,,tipak,,,
uipak,,,,,,,,,,,,
uimisat,,,,,,,,,,,,
,eweitat,,,,,,,,,,,
,eweipok,,,,,,,,,,,
,,apota,,,,,,,,,,
,,,,,,,,,toꞌakit,,,
,,,,,,,,,tokag,,,
,,,,,,,,,towepy,,,
,,aipytyp,,,,,,,,,,
,,,,,,,,,tueꞌat,,,
,,,,,,,,,toipik,,,
,,,,,,,,,,,,imipik
uimipik,,,,,,,,,,,,
uiꞌau,,,,,,,,,,,,
,,,,,,,,marakꞌa,,,,
,,,,,,,,,towano,,,
,eheky,,,,,,,,,,,
urutat,,,,,,,,,,,,
urueky,,,,,,,,,,,,
,,,,,,,,,,,,iwemõpe
,,akurẽꞌã,,,,,,,,,,
,,,,,,,,,towẽ,,,
,,,,,,,,mowẽ,,,,
,,ahemĩ,,,,,,,,,,
urumig,,,,,,,,,,,,
,eikaꞌa,,,,,,,,,,,
,,,,,,,,,,,,imuheg
,,,,,,,,,tuꞌ,,,
,erehep,,,,,,,,,,,
,,,,,,,,,toisyp,,,
,,,,,,,,,,,,iꞌywyt
,emau,,,,,,,,,,,
,,,,,,,,,tupa,,,
,,,,,,,,,tumu,,,
urumu,,,,,,,,,,,,
,epuꞌi,,,,,,,,,,,
,,,,,,,,,,,,ipuꞌi
,,aipuꞌi,,,,,,,,,,
uipuꞌi,,,,,,,,,,,,
urunug,,,,,,,,,,,,
,,aitoria,,,,,,,,,,
,,,,,,,,meipepe,,,,
,,,,,,,,,tuponoĩ,,,
,,,,,,,,,,,,irapi
uruꞌewy,,,,,,,,,,,,
,ehepy,,,,,,,,,,,
,,atiꞌã,,,,,,,,,,
,,,,,,,,,tipywo,,,
,,,,,,,,,,wiremu,,
,,,,,,,,,temu,,,
,,aporu,,,,,,,,,,
,,,,,,,,mieka,,,,
,enũ,,,,,,,,,,,
uiwyok,,,,,,,,,,,,
,,,,,,,,,towyꞌok,,,
,,,,,,,,,tipytpe,,,
,,,,,,,,,,,,irasa
,eꞌyꞌy,,,,,,,,,,,
,ereꞌy,,,,,,,,,,,
,,areꞌy,,,,,,,,,,
,,,,,,,,,tekui,,,
,,,,,,,,,,,,iuẽpiat
,,,,,,,,,tosaꞌup,,,
,,,,,,,,,tipyt,,,
uipyt,,,,,,,,,,,,
,,aipyt,,,,,,,,,,
,eiꞌyian,,,,,,,,,,,
,,,,,,,,mumꞌok,,,,
,,atug,,,,,,,,,,
,,,,,,,,,tetupe,,,
uiwewi,,,,,,,,,,,,
,,aiwewi,,,,,,,,,,
,,arekuap,,,,,,,,,,
,,,,,,,,,tuwo,,,
,,,,,,,,,tuwepag,,,
,eimoꞌok,,,,,,,,,,,
,,aikosap,,,,,,,,,,
uikosap,,,,,,,,,,,,
,,atenõꞌẽ,,,,,,,,,,
,,apoiꞌa,,,,,,,,,,
,eꞌahit,,,,,,,,,,,
,,aiꞌahit,,,,,,,,,,
,,,,,,,,,tuewãi,,,
,epope,,,,,,,,,,,
uiwete,,,,,,,,,,,,
,,aiwete,,,,,,,,,,
,,apoꞌwa,,,,,,,,,,
uruwo,,,,,,,,,,,,
,,,,,,,,mikyꞌ,,,,
uruꞌe,,,,,,,,,,,,
,eremõ,,,,,,,,,,,
,,aremõ,,,,,,,,,,
,,,,,,,,,toipen,,,
,,,,,,,,mowe,,,,
,,,,,,,,,toꞌya,,,
,,aikotaĩ,,,,,,,,,,
,,,,,,,,moeha,,,,
,emoeha,,,,,,,,,,,
,,,,,,,,,,,,imoeha
,eiweke,,,,,,,,,,,
,ereput,,,,,,,,,,,
,,areput,,,,,,,,,,
,erenug,,,,,,,,,,,
,,arenug,,,,,,,,,,
,,,,,,,,,toꞌasap,,,
uruisyp,,,,,,,,,,,,
,,,,,,,,mataꞌin,,,,
,,,,,,,,,topuẽti,,,
,,,,,,,,,tome,,,
,,,,,,,,,tokywyt,,,
,ewehyp,,,,,,,,,,,
,eꞌyiãn,,,,,,,,,,,
,,,,,,,,mise,,,,
,ewarĩ,,,,,,,,,,,
,ewy6,,,,,,,,,,,
,,auri,,,,,,,,,,
,,,,,,,,,topohag,,,
,,,,,,,,,,,,imiꞌã
,,,,,,,,,,,,iumetiu
,,,,,,,,,tasia,,,
,etikoho,,,,,,,,,,,
,,,,,,,,misei,,,,
,,,,,,,,,,,,iutai
,,,,,,,,,,,,ipomeru
,eiwenug,,,,,,,,,,,
,,apoꞌu,,,,,,,,,,
,,,,,,,,,toꞌuhu,,,
,,ahemit,,,,,,,,,,
uikahu,,,,,,,,,,,,
,,aikahu,,,,,,,,,,
,,,,,,,,miero,,,,
,,,,,,,,mauku,,,,
,,,,,,,,,topopep,,,
,eweipak,,,,,,,,,,,
,,,,,,,,mipiꞌig,,,,
,,,,,,,,,tipiꞌig,,,
,,,,,,,,,,,,iratĩ
,,,,,,,,,tuhiot,,,
,,,,,,,,,,,,ipuhu
,,,,,,,,,tupik,,,
uruku,,,,,,,,,,,,
,,,,,,,,muruku,,,,
,,,,,,,,,,,,isuk
,,,,,,,,misuk,,,,
,,,,,,,,,tisuk,,,
,,,,,,,,,toisuk,,,
,,areꞌam,,,,,,,,,,
,,,,,,,,,toposuk,,,
,,,,,,,,,toꞌywy,,,
,,ahenꞌẽ,,,,,,,,,,
,,,,,,,,,titimu,,,
,erepũ,,,,,,,,,,,
,,arepũ,,,,,,,,,,
uiposuk,,,,,,,,,,,,
uhakupe,,,,,,,,,,,,
urute,,,,,,,,,,,,
uimak,,,,,,,,,,,,
uruimak,,,,,,,,,,,,
uruepo,,,,,,,,,,,,
,etimuꞌe,,,,,,,,,,,
,,ahepiku,,,,,,,,,,
,,,,,,,,,tesai,,,
,ewywiat,,,,,,,,,,,
,,,,,,,,metui,,,,
,eramita,,,,,,,,,,,
,,,,,,,,,tamia,,,
,,,,,,,,,,,,irisia
,,,,,,,,,,,,iripia
,,arapia,,,,,,,,,,
,ewuare,,,,,,,,,,,
,eipesu,,,,,,,,,,,
,,,,,,,,,temahy,,,
,,,,,,,,,topuꞌap,,,
,,ahemia,,,,,,,,,,
uhemia,,,,,,,,,,,,
urueti,,,,,,,,,,,,
uruimoe,,,,,,,,,,,,
,eweipot,,,,,,,,,,,
,,,,,,,,,,,,imowaku
,,,,,,,,,,,,iweneru
,,anania,,,,,,,,,,
,,,,,,,,,tuewyi,,,
,,,,,,,,,,,,iãti
,,,,,,,,,teuta,,,
,epereu,,,,,,,,,,,
urupot,,,,,,,,,,,,
,etewãu,,,,,,,,,,,
,,atiokia,,,,,,,,,,
,,arã,,,,,,,,,,
,esaꞌy,,,,,,,,,,,
,,,,,,,,,,,,ipyãtap
,,atomoe,,,,,,,,,,
,,aimusin,,,,,,,,,,
,eimusin,,,,,,,,,,,
,,,,,,,,,toyke,,,
,,,,,,,,,toeyke,,,
,,,,,,,,,toimuꞌe,,,
,,,,,,,,,,,,iwuwu
,,,,,,,,moroki,,,,
,,,,,,,,,,,,irenwã
uiwato,,,,,,,,,,,,
,,,,,,,,merepꞌi,,,,
,,,,,,,,,,,,ipotput
,emowa,,,,,,,,,,,
,,,,,,,,,tuenoi,,,
,etiopia,,,,,,,,,,,
uweuira,,,,,,,,,,,,
,,asutu,,,,,,,,,,
,,,,,,,,,tamaku,,,
,,atero,,,,,,,,,,
,,,,,,,,mehitꞌe,,,,
urupoꞌi,,,,,,,,,,,,
,ekurara,,,,,,,,,,,
,eneia,,,,,,,,,,,
,,,,,,,,,turaka,,,
,,,,,,,,,tapita,,,
,,atukãꞌã,,,,,,,,,,
,emimõꞌẽ,,,,,,,,,,,
,,atusiu,,,,,,,,,,
,,,,,,,,motpe,,,,
,,akapu,,,,,,,,,,
,,,,,,,,mihymut,,,,
,,,,,,,,,tihymut,,,
,,,,,,,,moperup,,,,
,,,,,,,,,tutumig,,,
,,,,,,,,,,,,irusiu
,,,,,,,,manaꞌẽ,,,,
,epoha,,,,,,,,,,,
,,,,,,,,,topoha,,,
,ehera,,,,,,,,,,,
,,ahera,,,,,,,,,,
,,,,,,,,,,,,ikuniu
,,,,,,,,,,,,iupite
,,,,,,,,,,,,iuriu
,,,,,,,,mekuriu,,,,
uruipo,,,,,,,,,,,,
uruekue,,,,,,,,,,,,
,,,,,,,,,tuepiok,,,
,,atumoe,,,,,,,,,,
,,,,,,,,,timoteu,,,
,eurate,,,,,,,,,,,
,,,,,,,,,turate,,,
,,,,,,,,masẽ,,,,
,,,,,,,,,,,,iꞌatuo
,,,,,,,,,,wiripu,,
,,,,,,,,,,,,iritia
,,,,,,,,,tiatira,,,
,,,,,,,,motyꞌi,,,,
,,,,,,,,,toikoho,,,
,,awipuri,,,,,,,,,,
,,,,,,,,,,,,iasũꞌin
,,atena,,,,,,,,,,
,,,,,,,,,,,,ipaku
,,,,,,,,,tamari,,,
,,akira,,,,,,,,,,
,,,,,,,,,toipe,,,
,,akaia,,,,,,,,,,
,etuꞌisa,,,,,,,,,,,
,ewowi,,,,,,,,,,,
uhewowi,,,,,,,,,,,,
,ehewowi,,,,,,,,,,,
,ewesu,,,,,,,,,,,
,,,,,,,,miereto,,,,
,,,,,,,,,,,,ipypap
,,,,,,,,,tiranu,,,
,,,,,,,,,temetiu,,,
,,,,,,,,,tiana,,,
,,aritaku,,,,,,,,,,
,,ahemana,,,,,,,,,,
,,,,,,,,,tikiku,,,
,,,,,,,,,towimu,,,
,,,,,,,,mũkite,,,,
,eutiko,,,,,,,,,,,
,,,,,,,,,tokiriu,,,
,,,,,,,,miretu,,,,
,eiwehik,,,,,,,,,,,
,,,,,,,,mikytyt,,,,
,eikytyt,,,,,,,,,,,
,,aikytyt,,,,,,,,,,
,,,,,,,,manasũ,,,,
,erepuk,,,,,,,,,,,
urupusu,,,,,,,,,,,,
,,,,,,,,,,,,ikoro
uitag,,,,,,,,,,,,
,,,,,,,,moso,,,,
,eweiwẽ,,,,,,,,,,,
,eheyke,,,,,,,,,,,
,,aheyke,,,,,,,,,,
uheyke,,,,,,,,,,,,
,,,,,,,,,toꞌetu,,,
urutuꞌu,,,,,,,,,,,,
,,,,,,,,,,,,iwẽpap
,,,,,,,,mowẽpap,,,,
,eturu,,,,,,,,,,,
,,,,,,,,,teturu,,,
,etipywo,,,,,,,,,,,
,,atipywo,,,,,,,,,,
,,,,,,,,,topiok,,,
,,,,,,,,,tusira,,,
,,akipa,,,,,,,,,,
,,atusa,,,,,,,,,,
,epaiku,,,,,,,,,,,
,,,,,,,,,toꞌopy,,,
,,,,,,,,,tuowa,,,
uruowa,,,,,,,,,,,,
urupag,,,,,,,,,,,,
useia,,,,,,,,,,,,
,,,,,,,,,,,,iraseia
,,,,,,,,,,,,ihypopy
,,,,,,,,mauta,,,,
uruekyi,,,,,,,,,,,,
,,,,,,,,moewyry,,,,
,,,,,,,,,,,,imopy
,,,,,,,,,tosaity,,,
,,,,,,,,,,,,iãpo
,,,,,,,,,,,,ipotyꞌi
,,,,,,,,,tutek,,,
,,,,,,,,,,,,iꞌokpy
,,,,,,,,,tesiu,,,
,,,,,,,,,,,,iresiu
urukat,,,,,,,,,,,,
,,apiu,,,,,,,,,,
,,,,,,,,,topyhyp,,,
,,,,,,,,,tomõꞌẽ,,,
,,atomõꞌẽ,,,,,,,,,,
uhaiwot,,,,,,,,,,,,
,,ahaiwot,,,,,,,,,,
,ehaiwot,,,,,,,,,,,
uruwewi,,,,,,,,,,,,
,ewakuap,,,,,,,,,,,
,,,,,,,,,,,,iakare
,,,,,,,,,towary,,,
,,,,,,,,moeso,,,,
,,,,,,,,moꞌarot,,,,
,eweikut,,,,,,,,,,,
uruesa,,,,,,,,,,,,
uruitek,,,,,,,,,,,,
,,aipohag,,,,,,,,,,
,eipohag,,,,,,,,,,,
uipohag,,,,,,,,,,,,
urukai,,,,,,,,,,,,
,,,,,,,,,toitek,,,
,,ahewãi,,,,,,,,,,
,ehewãi,,,,,,,,,,,
,,,,,,,,,,,,ihaĩte
upiano,,,,,,,,,,,,
,,,,,,,,maha,,,,
,,,,,,,,,towẽtem,,,
,,ahaga,,,,,,,,,,
uhaga,,,,,,,,,,,,
,eweiꞌok,,,,,,,,,,,
,eisaity,,,,,,,,,,,
,,,,,,,,,towãiꞌe,,,
,,aimõti,,,,,,,,,,
uimõti,,,,,,,,,,,,
,,aiwewãi,,,,,,,,,,
uiwewãi,,,,,,,,,,,,
,eiwewãi,,,,,,,,,,,
uhaꞌum,,,,,,,,,,,,
,,aiꞌãu,,,,,,,,,,
,,,,,,,,mopyp,,,,
urupiit,,,,,,,,,,,,
,emieha,,,,,,,,,,,
,erepuꞌi,,,,,,,,,,,
,,,,,,,,,,,,ihary
,ehary,,,,,,,,,,,
,esau,,,,,,,,,,,
,,,,,,,,,tosey,,,
,ehehẽku,,,,,,,,,,,
,,,,,,,,,,,,iꞌatupy
,ewamiri,,,,,,,,,,,
,,,,,,,,mihu,,,,
,,,,,,,,,,,,iꞌypyꞌa
,,,,,,,,,,,,imihep
,,,,,,,,,tomihep,,,
,,,,,,,,,toꞌyp,,,
,,,,,,,,,,,,irauꞌin
,eiperup,,,,,,,,,,,
,,aiperup,,,,,,,,,,
,,,,,,,,,towak,,,
,,,,,,,,mowak,,,,
,,,,,,,,,toiho,,,
,,,,,,,,,,,,iesi
,eheho,,,,,,,,,,,
,,,,,,,,,,,,iꞌperup
,epania,,,,,,,,,,,
,etika,,,,,,,,,,,
uhowapy,,,,,,,,,,,,
,,ahowapy,,,,,,,,,,
uhekue,,,,,,,,,,,,
,epenetu,,,,,,,,,,,
upanu,,,,,,,,,,,,
,etaki,,,,,,,,,,,
,,apere,,,,,,,,,,
,,aritũ,,,,,,,,,,
,erotiãu,,,,,,,,,,,
,,,,,,,,,tiwena,,,
,,,,,,,,,tiwosa,,,
,,asikitu,,,,,,,,,,
urĩpa,,,,,,,,,,,,
,,,,,,,,,,,,iasãu
,,,,,,,,,tuut,,,
,,,,,,,,,typyꞌok,,,
,etewana,,,,,,,,,,,
,,amyãtym,,,,,,,,,,
,,,,,,,,mesep,,,,
,,aityry,,,,,,,,,,
uityry,,,,,,,,,,,,
,ewywyat,,,,,,,,,,,
,,,,,,,,,,,,ihuꞌi
,,,,,,,,,toihuꞌi,,,
,,,,,,,,,,,,iꞌahik
,,,,,,,,,,,,ikaha
,,aiopo,,,,,,,,,,
,,,,,,,,,tohãꞌãg,,,
urutoĩ,,,,,,,,,,,,
uiwaire,,,,,,,,,,,,
,,,,,,,,,,,,iꞌapuk
,,,,,,,,mekwat,,,,
,,,,,,,,monem,,,,
,,,,,,,,,,,,imonem
,,aimopyp,,,,,,,,,,
,,,,,,,,,,,,iwẽꞌẽg
,eweiki,,,,,,,,,,,
,,,,,,,,,tapyiꞌa,,,
,,aimiit,,,,,,,,,,
,emiwe,,,,,,,,,,,
,ehaꞌok,,,,,,,,,,,
,,,,,,,,,,,,iꞌatag
,,aihe,,,,,,,,,,
,eweipoi,,,,,,,,,,,
,eimipoi,,,,,,,,,,,
,,arekyry,,,,,,,,,,
,,ahetamã,,,,,,,,,,
,,,,,,,,miiãꞌãg,,,,
,,aiiãꞌãg,,,,,,,,,,
,,,,,,,,,,,,iꞌatuiã
,,,,,,,,,,,,ihayꞌy
,,,,,,,,,taꞌakag,,,
,,,,,,,,miitꞌn,,,,
,,,,,,,,,tornia,,,
,,,,,,,,,tuwepyy,,,
,,ainuꞌe,,,,,,,,,,
,,,,,,,,,toimoma,,,
,ewiꞌe,,,,,,,,,,,
,eiĩaꞌãg,,,,,,,,,,,
,,akaiku,,,,,,,,,,
,,akuira,,,,,,,,,,
,erakue,,,,,,,,,,,
uruiwan,,,,,,,,,,,,
urueso,,,,,,,,,,,,
,,,,,,,,,turati,,,
,ewewa,,,,,,,,,,,
,,,,,,,,,tuwewa,,,
,,,,,,,,,,,,iꞌãuka
,,,,,,,,mikyiat,,,,
,,,,,,,,,timoeĩ,,,
urumẽ,,,,,,,,,,,,
,,,,,,,,,toimõto,,,
urusai,,,,,,,,,,,,
uimia,,,,,,,,,,,,
,eimia,,,,,,,,,,,
uiꞌape,,,,,,,,,,,,
,ehepiok,,,,,,,,,,,
uimiꞌat,,,,,,,,,,,,
,,,,,,,,,tuwyria,,,
,,areꞌi,,,,,,,,,,
,,apyꞌyha,,,,,,,,,,
,emurui,,,,,,,,,,,
,,,,,,,,,tokuasa,,,
,,airan,,,,,,,,,,
,,,,,,,,,topuꞌi,,,
,,,,,,,,,,,,isameu
,,,,,,,,,toieha,,,
,,,,,,,,,,,,imoẽtyt
uipekyt,,,,,,,,,,,,
,,,,mienoiuiwy,,,,,,,,
,,,mienoiuiwy,,,,,,,,,
uruwese,,,,,,,,,,,,
,,aima,,,,,,,,,,
,eima,,,,,,,,,,,
,,,,,,,,,toꞌoete,,,
,erekyꞌe,,,,,,,,,,,
,eiwepyk,,,,,,,,,,,
,,,,,,,,,tuwetu,,,
,epawu,,,,,,,,,,,
,ewotia,,,,,,,,,,,
,,,,,,,,,,,,iwuꞌuka
,epawai,,,,,,,,,,,
,,,,,,,,,tueo,,,
,,,,,,,,,,,,iꞌatueo
uruiꞌok,,,,,,,,,,,,
uruenuk,,,,,,,,,,,,
,eꞌanu,,,,,,,,,,,
,,ahasep,,,,,,,,,,
unesimu,,,,,,,,,,,,
,,akipu,,,,,,,,,,
uruẽku,,,,,,,,,,,,
urueka,,,,,,,,,,,,
,,ahaka,,,,,,,,,,
,,aiꞌam,,,,,,,,,,
,,,,,,,,,,,,ipotiꞌa
,,,,,,,,,toꞌoewy,,,
,,,,,,,,,teuꞌin,,,
,ewemõti,,,,,,,,,,,
,,,,,,,,,topyhu,,,
urukup,,,,,,,,,,,,
urueiam,,,,,,,,,,,,
urusero,,,,,,,,,,,,
,,,,,,,,,,,,imeneu
,,arisã,,,,,,,,,,
,,,,,,,,,toꞌairo,,,
,,,,,,,,miehay,,,,
,,,,,,,,,,,,iũtikag
,,atuꞌeso,,,,,,,,,,
,,,,,,,,,,,,ipoty
,,aseꞌiꞌi,,,,,,,,,,
,erohik,,,,,,,,,,,
,ewewei,,,,,,,,,,,
,,,,,,,,,,,,iroiti
,eunise,,,,,,,,,,,
,emosene,,,,,,,,,,,
,ekatuwy,,,,,,,,,,,
,,aheput,,,,,,,,,,
,,ahepihi,,,,,,,,,,
,,,,,,,,,,,,iãpere
,,,,,,,,,,,,iritara
uipysop,,,,,,,,,,,,
,,aiꞌãuka,,,,,,,,,,
uiꞌãuka,,,,,,,,,,,,
,eũpuru,,,,,,,,,,,
,,,,,,,,,,,,irinu
,,,,mienoimesup,,,,,,,,
,,atema,,,,,,,,,,
,,,,,,,,mieroto,,,,
,,,,,,,,,topugha,,,
,,aiwẽꞌẽg,,,,,,,,,,
,,,,,,,,,toipywo,,,
uruwyro,,,,,,,,,,,,
uiwepy,,,,,,,,,,,,
,,aiwepy,,,,,,,,,,
,ehewã,,,,,,,,,,,
,ewemohy,,,,,,,,,,,
,,,,,,,,,toꞌowa,,,
,,,,,,,,miꞌit,,,,
,eipaꞌi,,,,,,,,,,,
,,ahepiꞌi,,,,,,,,,,
,,,,,,,,,toisym,,,
,,areset,,,,,,,,,,
,,atipyt,,,,,,,,,,
,,,,,,,,meske,,,,
,,ahepa,,,,,,,,,,
,,,,,,,,mowehum,,,,
,,aipehom,,,,,,,,,,
,,,,,,,,,toipuka,,,
,,,,,,,,,topopag,,,
,,,,,,,,mõtyot,,,,
,eipai,,,,,,,,,,,
,,,,,,,,,typuat,,,
uhaꞌaru,,,,,,,,,,,,
,,,,,,,,miewaku,,,,
uhekye,,,,,,,,,,,,
,,apakuki,,,,,,,,,,
uimimoe,,,,,,,,,,,,
,,,,,,,,,,,,ihama
,etieha,,,,,,,,,,,
uruipun,,,,,,,,,,,,
,,,,,,,,,,,,ituktuk
,,,,,,,,makmak,,,,
,eipyꞌ,,,,,,,,,,,
,,,,,,,,,tueput,,,
,,,,,,,,,toꞌypia,,,
,,,,,,,,,tapꞌyia,,,
,eꞌyhig,,,,,,,,,,,
uimõgyt,,,,,,,,,,,,
,,ahapei,,,,,,,,,,
,,,,,,,,moewaku,,,,
urutung,,,,,,,,,,,,
,,,,,,,,moekat,,,,
,,,,,,,,mokyt,,,,
,eikap,,,,,,,,,,,
,,aikap,,,,,,,,,,
,,,,,,,,,,,,ihywap
,,aiweꞌok,,,,,,,,,,
,,,,,,,,,,,,imowese
,eheki,,,,,,,,,,,
,,aheki,,,,,,,,,,
,,,,,,,,,tyryꞌ,,,
,,ahehary,,,,,,,,,,
,ehehary,,,,,,,,,,,
,,,,,,,,,,,,iꞌatupi
,,,,,,,,,timohy,,,
,etiꞌawa,,,,,,,,,,,
,,,,,,,,,tuwesot,,,
,,atumoma,,,,,,,,,,
,,,,,,,,,,,,iꞌeywte
,,,,,,,,,teotewe,,,
,,,,,,,,mikeu,,,,
,,,,,,,,,teꞌetu,,,
uihey,,,,,,,,,,,,
,,,,,,,,,,,,ipotmo
,,,,,,,,,,,,iꞌewute
,,,,,,,,,,wiratewia,,
,,,,,,,ieĩenꞌen,,,,,
,,antipa,,,,,,,,,,
,,,,,,,,miset,,,,
uimiset,,,,,,,,,,,,
,,,,,,,,,,,,iesapeu
,emoꞌahu,,,,,,,,,,,
,,,,,,,,,,,,ipohup
uheꞌo,,,,,,,,,,,,
uiphyp,,,,,,,,,,,,
,,apyꞌaha,,,,,,,,,,
,,,,,,,,,,,,iasipi
,,,,,,,,,,,,ipainũg
,,,,,,,,,,,,ipepo
,,atipype,,,,,,,,,,
,,,,,,,,mosatꞌe,,,,
,,,,,,,,,tyghe,,,
,,arawak,,,,,,,,,,
,eꞌaut,,,,,,,,,,,
,,,,,,,,,,,,iꞌaut
,,,,,,,,,,,,iꞌokman
,,,,,,,,,teꞌru,,,
,,,,,,,,,toipak,,,
,,,,,,,,mory,,,,
,,,,,,,,,,,,ikaꞌay
urueru,,,,,,,,,,,,
urusuu,,,,,,,,,,,,
,,apuꞌete,,,,,,,,,,
,eirania,,,,,,,,,,,
,eisuu,,,,,,,,,,,
urusyp,,,,,,,,,,,,
,ehewo,,,,,,,,,,,
,ewatuꞌa,,,,,,,,,,,
,,,,,,,,manase,,,,
,,,,,,,,miꞌaria,,,,
,emeiha,,,,,,,,,,,
,,ahehoi,,,,,,,,,,
,,,,,,,,,toꞌoewa,,,
,ehekiri,,,,,,,,,,,
,,,,,,,,,,,,imipy
,,,,,,,,,totopy,,,
,,,,,,,,,,,,iꞌuhuu
,,,,,,,,,,,,ihokhok
,,apatãu,,,,,,,,,,
,,apariãu,,,,,,,,,,
,,,,,,,,,topypag,,,
,emihon,,,,,,,,,,,
,,,,,,,,,,,,ihywy
,eweisyp,,,,,,,,,,,
,,,,,,,,,toꞌoepe,,,
,eremig,,,,,,,,,,,
,,,,,,,,mutꞌe,,,,
,,,,,,,,,,,,iꞌakare
,eawyoto,,,,,,,,,,,
uruiwe,,,,,,,,,,,,
,ekyse,,,,,,,,,,,
,,,,,,,,,toitok,,,
,,,,,,,,moraꞌa,,,,
,,,,,,,,,,,,ihysik
,,,,,,,,momã,,,,
,,,,,,,,,,,,ihypap
,,amaketũ,,,,,,,,,,
,,,,,,,,,tusuk,,,
,,,,,,,,,tuꞌaut,,,
,,,,,,,,,,,,iehog
uheꞌai,,,,,,,,,,,,
,,,,,,,,,,,,ihakyꞌe
,,,,,,,,,,,,ipewiu
,,,,,,,,mokap,,,,
,esaỹry,,,,,,,,,,,
,,areĩne,,,,,,,,,,
,ewãhyp,,,,,,,,,,,
,,,,,,,,,toipok,,,
,,,,,,,,makoki,,,,
,,,,,,,,mipueri,,,,
,,auriwo,,,,,,,,,,
,eꞌaiꞌa,,,,,,,,,,,
,,,,,,,,,tupasiu,,,
,,,,,,,,,,,,iasintu
,,ametita,,,,,,,,,,
,,,,,,,,miirꞌin,,,,
,,,,,,,,mopywo,,,,
,,,,,,,,maꞌati,,,,
,,,,,,,,myu,,,,
