ré,coro,da,d,wa,robzépa,ra,be,w,robzép,r,rataz,rata,cri,ucri,rat,cr,ucr
,,,du,,,,,,,,,,,,,,
,,,,,,,,,,ru,,,,,,,
,,dazu,,,,,,,,,,,,,,,
,,,,wazu,,,,,,,,,,,,,
,,dahu,,,,,,,,,,,,,,,
,,,,wahu,,,,,,,,,,,,,
,,,,,,,,,,,,,cristuhu,,,,
,,,,,,,,,,,,,,ucristuhu,,,
,,,,,,,,,,,,,,,,cristuhu,
,,,,,,,,,,,,,,,,,ucristuhu
réi,,,,,,,,,,,,,,,,,
,,,,,,,,,,,,ratai,,,,,
,,,,wai,,,,,,,,,,,,,
,,,,,,,,wi,,,,,,,,,
,,,,,,rai,,,,,,,,,,,
,,,,,,,,,,ri,,,,,,,
,,dai,,,,,,,,,,,,,,,
,,,di,,,,,,,,,,,,,,
,,,da,,,,,,,,,,,,,,
,,,,,,,,,,,,,,,rata,,
,,,,,,,,wa,,,,,,,,,
,,,,,,,,,,ra,,,,,,,
,,,,,,rata,,,,,,,,,,,
,,,,,robzépata,,,,,,,,,,,,
,,,,wata,,,,,,,,,,,,,
,,,,,,,,,,rata,,,,,,,
,,,,,,,,,robzépata,,,,,,,,
,,,,,,,,wata,,,,,,,,,
,,,,wari,,,,,,,,,,,,,
,,,,,,,,,,rã,,,,,,,
,,,,,,,,,,,ratazéã,,,,,,
,,,,,,,,,,,,ratazéã,,,,,
,,,,,,,,,,,,,,,ratazéã,,
,,,,,,ratazéã,,,,,,,,,,,
,,,,,,,,,,ratazéã,,,,,,,
,,,,wab,,,,,,,,,,,,,
,,,,,,,,,,,,ratab,,,,,
,,,,,,,,,,rob,,,,,,,
,,,,,,,,,,ré,,,,,,,
,,,,,,,,,,,ratazé,,,,,,
,,daré,,,,,,,,,,,,,,,
,,,,waré,,,,,,,,,,,,,
,,,,,,razé,,,,,,,,,,,
,,,,wazé,,,,,,,,,,,,,
,,,,,,,,,,,,ratazé,,,,,
rézé,,,,,,,,,,,,,,,,,
,,,,,,,,,,razé,,,,,,,
,,,,,,,,wazé,,,,,,,,,
,,,,,,,,,,,,,,,ratazé,,
,,,,watazé,,,,,,,,,,,,,
,,,,,robzépatazé,,,,,,,,,,,,
,,,,,,ratazé,,,,,,,,,,,
,,,,,,,betazé,,,,,,,,,,
,,,,,,,,watazé,,,,,,,,,
,,,,,,,,,robzépatazé,,,,,,,,
,,,,,,,,,,ratazé,,,,,,,
,,,,,,,,,,,,ratahi,,,,,
,,,,wahi,,,,,,,,,,,,,
,,dahi,,,,,,,,,,,,,,,
réwihi,,,,,,,,,,,,,,,,,
,corowihi,,,,,,,,,,,,,,,,
,,dawihi,,,,,,,,,,,,,,,
,,,dawihi,,,,,,,,,,,,,,
,,dadu,,,,,,,,,,,,,,,
,,,,wadu,,,,,,,,,,,,,
,,,,,,,,,,rudu,,,,,,,
,,,,wahudu,,,,,,,,,,,,,
,,,duré,,,,,,,,,,,,,,
,,,,wara,,,,,,,,,,,,,
,,,,wama,,,,,,,,,,,,,
,,dama,,,,,,,,,,,,,,,
,,,,,,,,wama,,,,,,,,,
,,,dama,,,,,,,,,,,,,,
,,,,wati,,,,,,,,,,,,,
,,,,,,,,wati,,,,,,,,,
,,,,,,,,,,ro,,,,,,,
,,,,,,,,,,roho,,,,,,,
,,,,wada,,,,,,,,,,,,,
,,,,,,rada,,,,,,,,,,,
,,,,,robzépada,,,,,,,,,,,,
,,,,wawã,,,,,,,,,,,,,
,,,,,,,,wawã,,,,,,,,,
,,,,,,,,we,,,,,,,,,
,,,,,,,,,,re,,,,,,,
,,,,wahuré,,,,,,,,,,,,,
,,,,,,,,wahuré,,,,,,,,,
,,dasi,,,,,,,,,,,,,,,
,,,,,,rasi,,,,,,,,,,,
,,,,wasi,,,,,,,,,,,,,
rési,,,,,,,,,,,,,,,,,
,,,,,,,,,,risi,,,,,,,
,,,,,,,,wisi,,,,,,,,,
,,,,wazi,,,,,,,,,,,,,
,,,,,,,,,,rezi,,,,,,,
,,,,warõ,,,,,,,,,,,,,
,,,,wairõ,,,,,,,,,,,,,
,,dadihi,,,,,,,,,,,,,,,
,,,,,,,,,,ruti,,,,,,,
,,,,wasé,,,,,,,,,,,,,
,,,,,,,,,,,,ratare,,,,,
,,,,ware,,,,,,,,,,,,,
,,,,,,rare,,,,,,,,,,,
,,dare,,,,,,,,,,,,,,,
,,,,,,,bere,,,,,,,,,,
,,,,wawi,,,,,,,,,,,,,
,,dawi,,,,,,,,,,,,,,,
réwi,,,,,,,,,,,,,,,,,
,,,,,,,,wawi,,,,,,,,,
,,,dawi,,,,,,,,,,,,,,
,,,,,,,,,,râ,,,,,,,
,,,dâ,,,,,,,,,,,,,,
,,daro,,,,,,,,,,,,,,,
,,,,waro,,,,,,,,,,,,,
,,,,,,,,,,roma,,,,,,,
,,,,,,,,,,robu,,,,,,,
,,,,waza,,,,,,,,,,,,,
,,daza,,,,,,,,,,,,,,,
,,,,wapa,,,,,,,,,,,,,
,,dapa,,,,,,,,,,,,,,,
,,,,,,,,wapa,,,,,,,,,
,,,dapa,,,,,,,,,,,,,,
,,,,,,,,wada,,,,,,,,,
,,,,,,,,,,rada,,,,,,,
,,,,,,,,,robzépada,,,,,,,,
,,,dasi,,,,,,,,,,,,,,
,,,,,,,,,,rasi,,,,,,,
,,,,,,,,wasi,,,,,,,,,
,,,,,,,,wasé,,,,,,,,,
,,,,wame,,,,,,,,,,,,,
,,dame,,,,,,,,,,,,,,,
,,,,,,,,,,roi,,,,,,,
,,,,wano,,,,,,,,,,,,,
,,,,wato,,,,,,,,,,,,,
,,dato,,,,,,,,,,,,,,,
,,,,wapoto,,,,,,,,,,,,,
,,dapoto,,,,,,,,,,,,,,,
,,,,wamhã,,,,,,,,,,,,,
,,,,,,,,,,,,ratamhã,,,,,
,,,,,,,,,,,,,,,ratamhã,,
,,,,,,,,wamhã,,,,,,,,,
,,,,,,,,,,roti,,,,,,,
,,,,,,,,,,ruzé,,,,,,,
,,,,,,,,,,,,,,ucristu,,,
,,,,,,,,,,,,,cristu,,,,
,,,,,,,,,,,,,,,,,ucristu
,,,,,,,,,,,,,,,,cristu,
,,,,wana,,,,,,,,,,,,,
,,dana,,,,,,,,,,,,,,,
,,,,,,,,wana,,,,,,,,,
,,,dana,,,,,,,,,,,,,,
,,,,wamana,,,,,,,,,,,,,
,,damana,,,,,,,,,,,,,,,
,,,,wanho,,,,,,,,,,,,,
,,danho,,,,,,,,,,,,,,,
,,,,,,,,wanho,,,,,,,,,
,,,danho,,,,,,,,,,,,,,
,,,dui,,,,,,,,,,,,,,
,,,,,,,,,,rui,,,,,,,
,,,,,,,,,,reptui,,,,,,,
,,,,wane,,,,,,,,,,,,,
,,,,,,,,,,,,,,,ratahi,,
,,,dahi,,,,,,,,,,,,,,
,,,,,,,,wahi,,,,,,,,,
,,daba,,,,,,,,,,,,,,,
,,,,wawimhã,,,,,,,,,,,,,
,,,,,,,,wawimhã,,,,,,,,,
,,,,,,,,,,,ratazéb,,,,,,
rém,,,,,,,,,,,,,,,,,
,,,,wam,,,,,,,,,,,,,
,,,,,,,,,,rém,,,,,,,
,,,,,,,,,,,ratazém,,,,,,
,,,,,,razéb,,,,,,,,,,,
,,,,,,,,,,,,ratazéb,,,,,
rézéb,,,,,,,,,,,,,,,,,
,,,,wazéb,,,,,,,,,,,,,
,,datozéb,,,,,,,,,,,,,,,
,,datozé,,,,,,,,,,,,,,,
,,,,,,,,,,rutu,,,,,,,
,,,,wasutu,,,,,,,,,,,,,
,,,,wapisutu,,,,,,,,,,,,,
,,dapisutu,,,,,,,,,,,,,,,
,,,,,,,,wane,,,,,,,,,
,,,,,,,,,,rere,,,,,,,
,,dani,,,,,,,,,,,,,,,
,,,dani,,,,,,,,,,,,,,
,,,,wasã,,,,,,,,,,,,,
,,,,,,,,wasã,,,,,,,,,
,,,,,,,,,,rese,,,,,,,
,,,,,,,,wari,,,,,,,,,
,,,,wasa,,,,,,,,,,,,,
,,dasa,,,,,,,,,,,,,,,
,,,,,,,,,,rosa,,,,,,,
,,,,wasété,,,,,,,,,,,,,
,,,,,,,,wasété,,,,,,,,,
,,,,wairi,,,,,,,,,,,,,
,,dasiwi,,,,,,,,,,,,,,,
,,,,wasiwi,,,,,,,,,,,,,
,,,,,,,,wasiwi,,,,,,,,,
,,,dasiwi,,,,,,,,,,,,,,
,,,,waihu,,,,,,,,,,,,,
,,,,,,,,waihu,,,,,,,,,
,,dawa,,,,,,,,,,,,,,,
,,,,wawa,,,,,,,,,,,,,
,,,,,,,,wib,,,,,,,,,
,,,,wanhib,,,,,,,,,,,,,
,,danhib,,,,,,,,,,,,,,,
,,,danhib,,,,,,,,,,,,,,
,,,,,,,,wanhib,,,,,,,,,
,,,duri,,,,,,,,,,,,,,
,,,,,,,,,,romhuri,,,,,,,
,,,,wahâi,,,,,,,,,,,,,
,,,,,,,,,,rowi,,,,,,,
,,,,wasina,,,,,,,,,,,,,
,,dasina,,,,,,,,,,,,,,,
,,dahâtâ,,,,,,,,,,,,,,,
,,,,wahâtâ,,,,,,,,,,,,,
,,damro,,,,,,,,,,,,,,,
,,,,wamro,,,,,,,,,,,,,
,,,,wami,,,,,,,,,,,,,
,corosu,,,,,,,,,,,,,,,,
,,,,wasu,,,,,,,,,,,,,
,,,,,,,,wasu,,,,,,,,,
,,,,wawe,,,,,,,,,,,,,
,,dawe,,,,,,,,,,,,,,,
,,,,waptu,,,,,,,,,,,,,
,,,,,,,,,,reptu,,,,,,,
,,,,wahâ,,,,,,,,,,,,,
,,dahâ,,,,,,,,,,,,,,,
,,,,,,,,wahâ,,,,,,,,,
,,,dahâ,,,,,,,,,,,,,,
,,,duréihã,,,,,,,,,,,,,,
,,,dawa,,,,,,,,,,,,,,
,,,,,,,,wawa,,,,,,,,,
,,dazadawa,,,,,,,,,,,,,,,
,,,,wazadawa,,,,,,,,,,,,,
,,,,,,,,wai,,,,,,,,,
,,,,,,,,,,rai,,,,,,,
,,,,,,,,,,,,,,,ratai,,
,,,dai,,,,,,,,,,,,,,
rézém,,,,,,,,,,,,,,,,,
,,,,,,razém,,,,,,,,,,,
,,,,,,,,,,,,ratazém,,,,,
,,,,,,,,wami,,,,,,,,,
,,damrami,,,,,,,,,,,,,,,
,,,,wamrami,,,,,,,,,,,,,
,,,,waimrami,,,,,,,,,,,,,
,,,,,,,,,,rãrã,,,,,,,
,,,,waptãrã,,,,,,,,,,,,,
,,,,,,,,waptãrã,,,,,,,,,
,,,,wairé,,,,,,,,,,,,,
,,,,wasiré,,,,,,,,,,,,,
,,dasiré,,,,,,,,,,,,,,,
,,,dasiré,,,,,,,,,,,,,,
,,,,,,,,wasiré,,,,,,,,,
,,,,wawaihu,,,,,,,,,,,,,
,,dawaihu,,,,,,,,,,,,,,,
,,,,,,,,,,rowaihu,,,,,,,
,,,,waptã,,,,,,,,,,,,,
,,,,,,,,waptã,,,,,,,,,
,,,daré,,,,,,,,,,,,,,
,,,,,,,,waré,,,,,,,,,
,,,,wadâ,,,,,,,,,,,,,
,,dadâ,,,,,,,,,,,,,,,
,,,dadâ,,,,,,,,,,,,,,
,,,,,,,,wadâ,,,,,,,,,
,,,,,,,,,,rézé,,,,,,,
,,,,,,,,,,reza,,,,,,,
,,,,wapti,,,,,,,,,,,,,
,,danhipti,,,,,,,,,,,,,,,
,,,dodi,,,,,,,,,,,,,,
,,,,,,,,,,rodi,,,,,,,
,,,,wap,,,,,,,,,,,,,
,,,,,,,,,,,,ratap,,,,,
,,,,,,,,,,rip,,,,,,,
,,,,wahutu,,,,,,,,,,,,,
,,,,,,,,,,,,,,,ratare,,
,,,,,,,,,,rare,,,,,,,
,,,,,,,,ware,,,,,,,,,
,,,dare,,,,,,,,,,,,,,
,,dawata,,,,,,,,,,,,,,,
,,,,wawata,,,,,,,,,,,,,
,,,,,,,,wawata,,,,,,,,,
,,,dawata,,,,,,,,,,,,,,
,,,,wapari,,,,,,,,,,,,,
,,,,,,,,wapari,,,,,,,,,
,,,,,,,,wahutu,,,,,,,,,
,,,dame,,,,,,,,,,,,,,
,,,,,,,,wame,,,,,,,,,
,,,,wairo,,,,,,,,,,,,,
,,,dârâ,,,,,,,,,,,,,,
,,,,wahârâ,,,,,,,,,,,,,
,,dahârâ,,,,,,,,,,,,,,,
,,,,watobro,,,,,,,,,,,,,
,,,,,,,,watobro,,,,,,,,,
,,,,,,,,,,réi,,,,,,,
,,,,wape,,,,,,,,,,,,,
,,dape,,,,,,,,,,,,,,,
,,,,wapé,,,,,,,,,,,,,
,,,,wapâ,,,,,,,,,,,,,
,,dazabui,,,,,,,,,,,,,,,
,,,,warob,,,,,,,,,,,,,
,,darob,,,,,,,,,,,,,,,
,,,,wairob,,,,,,,,,,,,,
,,damori,,,,,,,,,,,,,,,
,,,,,,razâ,,,,,,,,,,,
,,,,,,,,,,razâ,,,,,,,
,,,,,,,,,,razém,,,,,,,
,,,,,,,,,,,,,,,ratazém,,
,,,,warazém,,,,,,,,,,,,,
,,,daba,,,,,,,,,,,,,,
,,,,,,,,wara,,,,,,,,,
,,,,wasisi,,,,,,,,,,,,,
,,,,,,,,,,rãtitõ,,,,,,,
,,,,,,,,,,ridawa,,,,,,,
,,,,,,,,,,rézéb,,,,,,,
,,,,wapézéb,,,,,,,,,,,,,
,,,,,,,,wapézéb,,,,,,,,,
,,,dub,,,,,,,,,,,,,,
,,daprub,,,,,,,,,,,,,,,
,,,,waprub,,,,,,,,,,,,,
,,,,waze,,,,,,,,,,,,,
,,,,,,,,waze,,,,,,,,,
,,,,,,,,wawe,,,,,,,,,
,,,dawe,,,,,,,,,,,,,,
,,,,,,,,,,rosawe,,,,,,,
,,dawasu,,,,,,,,,,,,,,,
,,,,wawasu,,,,,,,,,,,,,
,,,,,,,,,,rowasu,,,,,,,
,,,,wapré,,,,,,,,,,,,,
,,danhopré,,,,,,,,,,,,,,,
,,,,wanhopré,,,,,,,,,,,,,
,,,,,,,,wasisi,,,,,,,,,
,,dahâiba,,,,,,,,,,,,,,,
,,,,wahâiba,,,,,,,,,,,,,
,,dazari,,,,,,,,,,,,,,,
,,,,wazari,,,,,,,,,,,,,
,,,dazu,,,,,,,,,,,,,,
,,,,,,,,wazu,,,,,,,,,
,,,,wamama,,,,,,,,,,,,,
,,damama,,,,,,,,,,,,,,,
,,,,,,,,,,rowa,,,,,,,
,,,dahu,,,,,,,,,,,,,,
,,,,,,,,wahu,,,,,,,,,
,,,,,,,,,,reb,,,,,,,
,,,,,,,bereza,,,,,,,,,,
,,darireza,,,,,,,,,,,,,,,
,,,,waneb,,,,,,,,,,,,,
,,,,wasima,,,,,,,,,,,,,
,,dasima,,,,,,,,,,,,,,,
,,,,,,,,wasima,,,,,,,,,
,,,dasima,,,,,,,,,,,,,,
,,,,wahub,,,,,,,,,,,,,
,,,,,,,,wahub,,,,,,,,,
,,,,,,,,wahârâ,,,,,,,,,
,,,dahârâ,,,,,,,,,,,,,,
,,,,,,,,,,romhâ,,,,,,,
,,,,,,,,,,riti,,,,,,,
,,,,,,,,,,rom,,,,,,,
,,,,,,,,,,ropi,,,,,,,
,,,,,,,,waza,,,,,,,,,
,,,daza,,,,,,,,,,,,,,
,,dasito,,,,,,,,,,,,,,,
,,,dasito,,,,,,,,,,,,,,
,,,daro,,,,,,,,,,,,,,
,,,,,,,,waro,,,,,,,,,
,,dawasété,,,,,,,,,,,,,,,
,,,,wawasété,,,,,,,,,,,,,
,,dasiwe,,,,,,,,,,,,,,,
,,,,wasiwe,,,,,,,,,,,,,
,,,dasiwe,,,,,,,,,,,,,,
,,,,,,,,wasiwe,,,,,,,,,
,,,,,,,,,,râwi,,,,,,,
,,,,wabzuri,,,,,,,,,,,,,
,,,,,,,,wabzuri,,,,,,,,,
,,,,wanomro,,,,,,,,,,,,,
,,danomro,,,,,,,,,,,,,,,
,,dahâzé,,,,,,,,,,,,,,,
,,,,wahâzé,,,,,,,,,,,,,
,,,,wasisõ,,,,,,,,,,,,,
,,dasisõ,,,,,,,,,,,,,,,
,,,,wasédé,,,,,,,,,,,,,
,,,,,,,,wasédé,,,,,,,,,
,,dawasédé,,,,,,,,,,,,,,,
,,,,wawasédé,,,,,,,,,,,,,
,,,,,,,,wedepa,,,,,,,,,
,,,,warizéb,,,,,,,,,,,,,
,,,,,,,,wede,,,,,,,,,
,,,,,,,,wãi,,,,,,,,,
,,,,,,,,,,rãi,,,,,,,
,,,,,,rahâri,,,,,,,,,,,
,,,,wanhamra,,,,,,,,,,,,,
,,danhamra,,,,,,,,,,,,,,,
,,,,,,,,,,rei,,,,,,,
,,,,,,,,wei,,,,,,,,,
,,,,wapure,,,,,,,,,,,,,
,,,,,,,,wapure,,,,,,,,,
,,,,wapsi,,,,,,,,,,,,,
,,,,,,,,wapsi,,,,,,,,,
,,,,wapo,,,,,,,,,,,,,
,,dapo,,,,,,,,,,,,,,,
,,,,waipo,,,,,,,,,,,,,
,,,,,,,,,,ruru,,,,,,,
,,,,,,,,warizéb,,,,,,,,,
,,,,waibu,,,,,,,,,,,,,
,,,,wapire,,,,,,,,,,,,,
,,dapire,,,,,,,,,,,,,,,
,,,,,,,,,,ruzéb,,,,,,,
,,,dasina,,,,,,,,,,,,,,
,,,,,,,,wasina,,,,,,,,,
,,,,,,,,wab,,,,,,,,,
,,,,,,,,,,,,,,,ratab,,
,,,,wapu,,,,,,,,,,,,,
,,,,,,,,wapu,,,,,,,,,
,,,,,,,,wasa,,,,,,,,,
,,,dasa,,,,,,,,,,,,,,
,,date,,,,,,,,,,,,,,,
,,,,wate,,,,,,,,,,,,,
,,,,,,,,,,rãihâ,,,,,,,
,,,,wasite,,,,,,,,,,,,,
,,dasite,,,,,,,,,,,,,,,
,,,,,,,,wasite,,,,,,,,,
,,,dasite,,,,,,,,,,,,,,
,,dapara,,,,,,,,,,,,,,,
,,,,wapara,,,,,,,,,,,,,
,,datob,,,,,,,,,,,,,,,
,,,,watob,,,,,,,,,,,,,
,,,,waptob,,,,,,,,,,,,,
,,,,,,,,waptob,,,,,,,,,
,,,,,,,,,,rowe,,,,,,,
,,,dapoto,,,,,,,,,,,,,,
,,,,,,,,wapoto,,,,,,,,,
,,,,wamri,,,,,,,,,,,,,
,,,,wawãi,,,,,,,,,,,,,
,,,,,,,,wawãi,,,,,,,,,
,,,,waibui,,,,,,,,,,,,,
,,,,,,,,waibui,,,,,,,,,
,,dawaibui,,,,,,,,,,,,,,,
,,,,wawaibui,,,,,,,,,,,,,
,,,,,,,,,,ry,,,,,,,
,,,,wanari,,,,,,,,,,,,,
,,,,,,,,,,rutuzé,,,,,,,
,,,dahâzé,,,,,,,,,,,,,,
,,,,,,,,wahâzé,,,,,,,,,
,,dapese,,,,,,,,,,,,,,,
,,,,wapese,,,,,,,,,,,,,
,,,,,,,,,,rezém,,,,,,,
,,,,,,,,,,ropé,,,,,,,
,,,,wasari,,,,,,,,,,,,,
,,,,,,,,wasari,,,,,,,,,
,,,,wamnari,,,,,,,,,,,,,
,,,,,,,,wamnari,,,,,,,,,
,,,dahâiba,,,,,,,,,,,,,,
,,,,,,,,wahâiba,,,,,,,,,
,,,,,,,,wam,,,,,,,,,
,,,,wapto,,,,,,,,,,,,,
,,,,,,,,wapto,,,,,,,,,
,,,danomro,,,,,,,,,,,,,,
,,,,,,,,wanomro,,,,,,,,,
,,datõmo,,,,,,,,,,,,,,,
,,,,watõmo,,,,,,,,,,,,,
,,,,watoi,,,,,,,,,,,,,
,,datoi,,,,,,,,,,,,,,,
,,dasai,,,,,,,,,,,,,,,
,,,,wasai,,,,,,,,,,,,,
,,,dasai,,,,,,,,,,,,,,
,,,,,,,,wasai,,,,,,,,,
,,,dapara,,,,,,,,,,,,,,
,,,,,,,,wapara,,,,,,,,,
,,,,,,,,,,rahâri,,,,,,,
,,dasimani,,,,,,,,,,,,,,,
,,,,,,,,,,rinho,,,,,,,
,,,,,,,,warazém,,,,,,,,,
,,,,,,,,,,rési,,,,,,,
,,dazazé,,,,,,,,,,,,,,,
,,,dazazé,,,,,,,,,,,,,,
,,,,wapte,,,,,,,,,,,,,
,,,,,,,,wapte,,,,,,,,,
,,,,,,,,wamama,,,,,,,,,
,,,damama,,,,,,,,,,,,,,
,,,,,,,besada,,,,,,,,,,
,,dasisada,,,,,,,,,,,,,,,
,,,,wasisada,,,,,,,,,,,,,
,,,,wanhiti,,,,,,,,,,,,,
,,danhiti,,,,,,,,,,,,,,,
,,,,,,,,wanhiti,,,,,,,,,
,,,danhiti,,,,,,,,,,,,,,
,,,,wairébé,,,,,,,,,,,,,
,,,,,,,,wairébé,,,,,,,,,
,,,,,,,,,,rizé,,,,,,,
,,,,,,,,,,rotizé,,,,,,,
,,,dawaihu,,,,,,,,,,,,,,
,,,,,,,,wawaihu,,,,,,,,,
,,dapipa,,,,,,,,,,,,,,,
,,,,,,,,,,ropipa,,,,,,,
,,,,,,,,wedeza,,,,,,,,,
,,,,warizé,,,,,,,,,,,,,
,,,,wamrizé,,,,,,,,,,,,,
,,dasisô,,,,,,,,,,,,,,,
,,dasiwasu,,,,,,,,,,,,,,,
,,,,wasiwasu,,,,,,,,,,,,,
,,,,wasiwadi,,,,,,,,,,,,,
,,dasiwadi,,,,,,,,,,,,,,,
,,,,wazazei,,,,,,,,,,,,,
,,dazazei,,,,,,,,,,,,,,,
,,,dazazei,,,,,,,,,,,,,,
,,,,,,,,wazazei,,,,,,,,,
,,,damrami,,,,,,,,,,,,,,
,,,,,,,,wamrami,,,,,,,,,
,,,,,,,,,,razéb,,,,,,,
,,,,,,,,,,,,,,,ratazéb,,
,,,,,,,,wazéb,,,,,,,,,
,,dazazéb,,,,,,,,,,,,,,,
,,,dazazéb,,,,,,,,,,,,,,
,,danhere,,,,,,,,,,,,,,,
,,,danhere,,,,,,,,,,,,,,
,,,,,,,,,,rãmi,,,,,,,
,,,,,,,,,,rãsutu,,,,,,,
,,,,,,,,wamro,,,,,,,,,
,,,damro,,,,,,,,,,,,,,
,,,,,,,,,,rotizém,,,,,,,
,,dasisiti,,,,,,,,,,,,,,,
,,dawada,,,,,,,,,,,,,,,
,,,,wawada,,,,,,,,,,,,,
,,,,,,,,watõmo,,,,,,,,,
,,,datõmo,,,,,,,,,,,,,,
,,,,wawab,,,,,,,,,,,,,
,,,,,,,,waprub,,,,,,,,,
,,,daprub,,,,,,,,,,,,,,
,,,,,,,,,,rãmimhã,,,,,,,
,,dawapte,,,,,,,,,,,,,,,
,,,,,,,,,,ruzém,,,,,,,
,,,,wamari,,,,,,,,,,,,,
,,,,wawapari,,,,,,,,,,,,,
,,dawapari,,,,,,,,,,,,,,,
,,,,wamreme,,,,,,,,,,,,,
,,damreme,,,,,,,,,,,,,,,
,,,,wazawi,,,,,,,,,,,,,
,,dazawi,,,,,,,,,,,,,,,
,,,,warazé,,,,,,,,,,,,,
,,,dazawi,,,,,,,,,,,,,,
,,,,,,,,wazawi,,,,,,,,,
,,,,,,,,wasisõ,,,,,,,,,
,,,dasisõ,,,,,,,,,,,,,,
,,,,waptâ,,,,,,,,,,,,,
,,,,,,,,waptâ,,,,,,,,,
,,,,,,,,,,rowaptâ,,,,,,,
,,dawasi,,,,,,,,,,,,,,,
,,,,,,,,,,rowapte,,,,,,,
,,dawari,,,,,,,,,,,,,,,
,,,,,,,,wahâi,,,,,,,,,
,,,,,,,,,,remhã,,,,,,,
,,,,,,,,wato,,,,,,,,,
,,,dato,,,,,,,,,,,,,,
,,,datob,,,,,,,,,,,,,,
,,,,,,,,watob,,,,,,,,,
,,,,,,,,,,robra,,,,,,,
,,,dahâtâ,,,,,,,,,,,,,,
,,,,,,,,wahâtâ,,,,,,,,,
,,,,wasazé,,,,,,,,,,,,,
,,dasazé,,,,,,,,,,,,,,,
,,dazazém,,,,,,,,,,,,,,,
,,,,,,,,wasazé,,,,,,,,,
,,,dasazé,,,,,,,,,,,,,,
,,,,,,,,,,robzuri,,,,,,,
,,,,,,,,,,rãihâri,,,,,,,
,,,,,,,,,,robza,,,,,,,
,,,,wazâri,,,,,,,,,,,,,
,,,,,,razâri,,,,,,,,,,,
,,,,,,,,wazâri,,,,,,,,,
,,,,,,,,,,razâri,,,,,,,
,,,,wabre,,,,,,,,,,,,,
,,,,wazere,,,,,,,,,,,,,
,,,,,,,,wazere,,,,,,,,,
,,,,wapru,,,,,,,,,,,,,
,,,,,,,,,,ropru,,,,,,,
,,,,wapsã,,,,,,,,,,,,,
,,,,,,,,wapsã,,,,,,,,,
,,dazô,,,,,,,,,,,,,,,
,,,,wazô,,,,,,,,,,,,,
,,,dazô,,,,,,,,,,,,,,
,,,,,,,,wazô,,,,,,,,,
,,dahâzu,,,,,,,,,,,,,,,
,,,dahâzu,,,,,,,,,,,,,,
,,,,wabzéré,,,,,,,,,,,,,
,,,,,,,,wabzéré,,,,,,,,,
,,,,wawede,,,,,,,,,,,,,
,,dawede,,,,,,,,,,,,,,,
,,,,,,,,,,rowede,,,,,,,
,,,,,,,,,,ropsi,,,,,,,
,,,,wawip,,,,,,,,,,,,,
,,,,,,,,,,romanu,,,,,,,
,,,,wapéi,,,,,,,,,,,,,
,,,,,,,,wapéi,,,,,,,,,
,,darési,,,,,,,,,,,,,,,
,,,,wazatõri,,,,,,,,,,,,,
,,dazatõri,,,,,,,,,,,,,,,
,,,,wabzu,,,,,,,,,,,,,
,,,,,,,,wabzu,,,,,,,,,
,,,,wasihutu,,,,,,,,,,,,,
,,dasihutu,,,,,,,,,,,,,,,
,,,,wasitete,,,,,,,,,,,,,
,,,,,,,,wahudu,,,,,,,,,
,,,,,,,,waibu,,,,,,,,,
,,,,,,,,wate,,,,,,,,,
,,,date,,,,,,,,,,,,,,
,,,,,,,,,,roptob,,,,,,,
,,dapahi,,,,,,,,,,,,,,,
,,,,wapahi,,,,,,,,,,,,,
,,dadara,,,,,,,,,,,,,,,
,,,dadara,,,,,,,,,,,,,,
,,dapãri,,,,,,,,,,,,,,,
,,,,wapãri,,,,,,,,,,,,,
,,dapra,,,,,,,,,,,,,,,
,,,,,,,,,,rãsipra,,,,,,,
,,darom,,,,,,,,,,,,,,,
,,,,warom,,,,,,,,,,,,,
,,,darom,,,,,,,,,,,,,,
,,,,,,,,warom,,,,,,,,,
,,,,,,,,,,robzei,,,,,,,
,,,,,,,,warizé,,,,,,,,,
,,,,,,,,wape,,,,,,,,,
,,,dape,,,,,,,,,,,,,,
,,,,wahawi,,,,,,,,,,,,,
,,dahawi,,,,,,,,,,,,,,,
,,,,,,,,wahawi,,,,,,,,,
,,,dahawi,,,,,,,,,,,,,,
,,,dawede,,,,,,,,,,,,,,
,,,,,,,,wawede,,,,,,,,,
,,,,,,,,wasutu,,,,,,,,,
,,,,wawasutu,,,,,,,,,,,,,
,,,,,,,,wamri,,,,,,,,,
,,,,,,,,wamreme,,,,,,,,,
,,,damreme,,,,,,,,,,,,,,
,,,,,,ratare,,,,,,,,,,,
,,,,,,,,,,ratare,,,,,,,
,,dazahutu,,,,,,,,,,,,,,,
,,,,wawib,,,,,,,,,,,,,
,,dahãsi,,,,,,,,,,,,,,,
,,danhope,,,,,,,,,,,,,,,
,,damrozéb,,,,,,,,,,,,,,,
,,,,,,,,,,ropâ,,,,,,,
,,,,,,,,wamrizé,,,,,,,,,
,,,,,,,,,,rebâ,,,,,,,
,,,dapese,,,,,,,,,,,,,,
,,,,,,,,wapese,,,,,,,,,
,,,,wanhisi,,,,,,,,,,,,,
,,danhisi,,,,,,,,,,,,,,,
,,,,,,,,wanhisi,,,,,,,,,
,,,danhisi,,,,,,,,,,,,,,
,,,,wahâiwa,,,,,,,,,,,,,
,,dahâiwa,,,,,,,,,,,,,,,
,,,,,,,,wahâiwa,,,,,,,,,
,,,dahâiwa,,,,,,,,,,,,,,
,,,,,,,,,,robaba,,,,,,,
,,dasire,,,,,,,,,,,,,,,
,,,,,,,,wedehu,,,,,,,,,
,,,,,,,,warob,,,,,,,,,
,,,darob,,,,,,,,,,,,,,
,,,,wasisa,,,,,,,,,,,,,
,,dasisa,,,,,,,,,,,,,,,
,,,,,,,,wapru,,,,,,,,,
,,,,,,,,wapo,,,,,,,,,
,,,dapo,,,,,,,,,,,,,,
,,,domora,,,,,,,,,,,,,,
,,,,,,,,,,rebâire,,,,,,,
,,,,wazahi,,,,,,,,,,,,,
,,dazahi,,,,,,,,,,,,,,,
,,,,,,,,,,robzahi,,,,,,,
,,,,wapibui,,,,,,,,,,,,,
,,dasisõwa,,,,,,,,,,,,,,,
,,,,wasisõwa,,,,,,,,,,,,,
,,,,,,,,,,râwim,,,,,,,
,,,,,,,,wadu,,,,,,,,,
,,,dadu,,,,,,,,,,,,,,
,,,,,,,bezebu,,,,,,,,,,
,,,,waprosi,,,,,,,,,,,,,
,,,,,,,,wapé,,,,,,,,,
,,dasani,,,,,,,,,,,,,,,
,,,dasani,,,,,,,,,,,,,,
,,,,wanhitob,,,,,,,,,,,,,
,,danhitob,,,,,,,,,,,,,,,
,,,,,,,,wedepo,,,,,,,,,
,,,,wanhi,,,,,,,,,,,,,
,,danhi,,,,,,,,,,,,,,,
,,,,wazép,,,,,,,,,,,,,
,,,,,,,,wazép,,,,,,,,,
,,,,,,,,,,reptõ,,,,,,,
,,,,wawawã,,,,,,,,,,,,,
,,,,wawana,,,,,,,,,,,,,
,,dawana,,,,,,,,,,,,,,,
,,,,,,,,,,ropese,,,,,,,
,,,,,,ratazém,,,,,,,,,,,
,,,,,robzépatazém,,,,,,,,,,,,
,,,,watazém,,,,,,,,,,,,,
,,,,,,,,,,ratazém,,,,,,,
,,,,,,,,,robzépatazém,,,,,,,,
,,,,,,,,watazém,,,,,,,,,
,,dasazém,,,,,,,,,,,,,,,
,,,,wasazém,,,,,,,,,,,,,
,,,dasazém,,,,,,,,,,,,,,
,,,,,,,,wasazém,,,,,,,,,
,,,,,,,,,,rep,,,,,,,
,,,,,,,,wazi,,,,,,,,,
,,,duréi,,,,,,,,,,,,,,
,,danhipai,,,,,,,,,,,,,,,
,,,,wanhipai,,,,,,,,,,,,,
,,,,,,,,wétési,,,,,,,,,
,,dazadâ,,,,,,,,,,,,,,,
,,,dazadâ,,,,,,,,,,,,,,
,,,,warizém,,,,,,,,,,,,,
,,,,,,,,,,,,,,,ratap,,
,,,,,,,,wap,,,,,,,,,
,,dapesezé,,,,,,,,,,,,,,,
,,,,,,,,,,rehâ,,,,,,,
,,,,,,,,wairé,,,,,,,,,
,,,,,,,bezebuhu,,,,,,,,,,
,,,,wanhimi,,,,,,,,,,,,,
,,danhimi,,,,,,,,,,,,,,,
,,,,,,,,waipo,,,,,,,,,
,,,,,,,,wawasu,,,,,,,,,
,,,dawasu,,,,,,,,,,,,,,
,,,,wanhipré,,,,,,,,,,,,,
,,,dazari,,,,,,,,,,,,,,
,,,,,,,,wazari,,,,,,,,,
,,datozém,,,,,,,,,,,,,,,
,,,,watozém,,,,,,,,,,,,,
,,,,,,,,,,romhutu,,,,,,,
,,danhibro,,,,,,,,,,,,,,,
,,,,wanhibro,,,,,,,,,,,,,
,,daburu,,,,,,,,,,,,,,,
,,,,wanhotõ,,,,,,,,,,,,,
,,danhotõ,,,,,,,,,,,,,,,
,,,,,,,,wanhotõ,,,,,,,,,
,,,danhotõ,,,,,,,,,,,,,,
,,,,,,,,wano,,,,,,,,,
,,,,wapuzé,,,,,,,,,,,,,
,,,,,,,,wapuzé,,,,,,,,,
,,,dupto,,,,,,,,,,,,,,
,,,daburu,,,,,,,,,,,,,,
,,,danhope,,,,,,,,,,,,,,
,,dazani,,,,,,,,,,,,,,,
,,,,wazani,,,,,,,,,,,,,
,,,dazani,,,,,,,,,,,,,,
,,,,,,,,wazani,,,,,,,,,
,,,,watizéb,,,,,,,,,,,,,
,,,,,,,,,,rotizéb,,,,,,,
,,,,,,,,,,renho,,,,,,,
,,,,,,,,waprosi,,,,,,,,,
,,,duiroi,,,,,,,,,,,,,,
,,,,,,,,,,ropéi,,,,,,,
,,,,,,,,warõ,,,,,,,,,
,,,,,,,,wapahi,,,,,,,,,
,,,dapahi,,,,,,,,,,,,,,
,,dazadari,,,,,,,,,,,,,,,
,,,,wazadari,,,,,,,,,,,,,
,,,,wasiwawã,,,,,,,,,,,,,
,,dazéptâ,,,,,,,,,,,,,,,
,,,,wanhimro,,,,,,,,,,,,,
,,danhimro,,,,,,,,,,,,,,,
,,,,wadub,,,,,,,,,,,,,
,,dadub,,,,,,,,,,,,,,,
,,,,,,,,wadub,,,,,,,,,
,,,dadub,,,,,,,,,,,,,,
,,dasipãri,,,,,,,,,,,,,,,
,,dazarina,,,,,,,,,,,,,,,
,,,,wazarina,,,,,,,,,,,,,
,,,,,,,,,,rãte,,,,,,,
,,,,wapuzém,,,,,,,,,,,,,
,,,,,,,,wapuzém,,,,,,,,,
,,,,,,,,,,ridi,,,,,,,
,,,dumana,,,,,,,,,,,,,,
,,,,,,,,,,repudu,,,,,,,
,,,,,,,,,,reputu,,,,,,,
,,,,,,,,wabre,,,,,,,,,
,,,,wasisaze,,,,,,,,,,,,,
,,dasisaze,,,,,,,,,,,,,,,
,,,,wapawa,,,,,,,,,,,,,
,,dapawa,,,,,,,,,,,,,,,
,,,dapawa,,,,,,,,,,,,,,
,,,,,,,,wapawa,,,,,,,,,
,,,dazazém,,,,,,,,,,,,,,
,,,,,,,,,,ropoto,,,,,,,
,,,,,,,,,,rosawi,,,,,,,
,,,,wapté,,,,,,,,,,,,,
,,,,,,,,,,reptuzé,,,,,,,
,,dasipara,,,,,,,,,,,,,,,
,,,,wasipara,,,,,,,,,,,,,
,,,,,,,,wisizém,,,,,,,,,
,,,,,,,,wisizé,,,,,,,,,
,,,,wasisizé,,,,,,,,,,,,,
,,,,,,,,wawana,,,,,,,,,
,,,dawana,,,,,,,,,,,,,,
,,,,wasine,,,,,,,,,,,,,
,,dasine,,,,,,,,,,,,,,,
,,,,,,,,wawada,,,,,,,,,
,,,dawada,,,,,,,,,,,,,,
,,,,,,,,wairob,,,,,,,,,
,,,,wazada,,,,,,,,,,,,,
,,dazada,,,,,,,,,,,,,,,
,,,,,,,,wazada,,,,,,,,,
,,,dazada,,,,,,,,,,,,,,
,,,,waptoma,,,,,,,,,,,,,
,,,,,,,,waptoma,,,,,,,,,
,,,,,,,,,,repore,,,,,,,
,,,,wasihu,,,,,,,,,,,,,
,,,,,,,,wasihu,,,,,,,,,
,,,,wanem,,,,,,,,,,,,,
,,,,,,,,wanem,,,,,,,,,
,,darõno,,,,,,,,,,,,,,,
,,,darõno,,,,,,,,,,,,,,
,,,,,,,,,,romhõsi,,,,,,,
,,,,,,,betãnha,,,,,,,,,,
,,,,,,,,wamari,,,,,,,,,
,,,,,,,,,,ronomro,,,,,,,
,,,,,,,,watizéb,,,,,,,,,
,,,,,,,,,,rãsudu,,,,,,,
,,,,,,,,,,romhâpâ,,,,,,,
,,,,watazéb,,,,,,,,,,,,,
,,,,,,ratazéb,,,,,,,,,,,
,,,,,,,,watazéb,,,,,,,,,
,,,,,,,,,,ratazéb,,,,,,,
,,,,wasazéb,,,,,,,,,,,,,
,,dasazéb,,,,,,,,,,,,,,,
,,,,,,,,wasazéb,,,,,,,,,
,,,dasazéb,,,,,,,,,,,,,,
,,dawawa,,,,,,,,,,,,,,,
,,dabâsi,,,,,,,,,,,,,,,
,,,,wabâsi,,,,,,,,,,,,,
,,,dabâsi,,,,,,,,,,,,,,
,,,,,,,,wabâsi,,,,,,,,,
,,dasisawi,,,,,,,,,,,,,,,
,,,,wasisawi,,,,,,,,,,,,,
,,,,,,,,,,rézém,,,,,,,
,,danhoihi,,,,,,,,,,,,,,,
,,,dup,,,,,,,,,,,,,,
,,,,,,,,wapire,,,,,,,,,
,,,dapire,,,,,,,,,,,,,,
,,,dawapte,,,,,,,,,,,,,,
,,,,,,,,wesuirã,,,,,,,,,
,,,,,,,,warizém,,,,,,,,,
,,,,,,,,wawip,,,,,,,,,
,,,,wamrizéb,,,,,,,,,,,,,
,,,,,,,,,,rupu,,,,,,,
,,,,,,,,,,ropupu,,,,,,,
,,,dasisô,,,,,,,,,,,,,,
,,,dapra,,,,,,,,,,,,,,
,,,,,,,,wãtari,,,,,,,,,
,,,,wazaze,,,,,,,,,,,,,
,,dazaze,,,,,,,,,,,,,,,
,,,,,,,,wazaze,,,,,,,,,
,,,dazaze,,,,,,,,,,,,,,
,,,,,,,,,,robzawi,,,,,,,
,,,,,,,,wapti,,,,,,,,,
,,dazapari,,,,,,,,,,,,,,,
,,,,waptém,,,,,,,,,,,,,
,,,,wamhi,,,,,,,,,,,,,
,,danhorõ,,,,,,,,,,,,,,,
,,,datoi,,,,,,,,,,,,,,
,,,,,,,,watoi,,,,,,,,,
,,,,,,,,,,rubu,,,,,,,
,,dapibu,,,,,,,,,,,,,,,
,,,,wapibu,,,,,,,,,,,,,
,,,,wasipo,,,,,,,,,,,,,
,,dasipo,,,,,,,,,,,,,,,
,,,dasipo,,,,,,,,,,,,,,
,,,,,,,,wasipo,,,,,,,,,
,coropasihi,,,,,,,,,,,,,,,,
,,,,,,,,wazahi,,,,,,,,,
,,,dazahi,,,,,,,,,,,,,,
,,,,,,,,wedewa,,,,,,,,,
,,,duptoi,,,,,,,,,,,,,,
,,,,wanhipi,,,,,,,,,,,,,
,,danhipi,,,,,,,,,,,,,,,
,,,,,,,,wanhipi,,,,,,,,,
,,,danhipi,,,,,,,,,,,,,,
,,,dapãri,,,,,,,,,,,,,,
,,,,,,,,wapãri,,,,,,,,,
,,dawara,,,,,,,,,,,,,,,
,,,,wawara,,,,,,,,,,,,,
,,,,,,,,wawara,,,,,,,,,
,,,dawara,,,,,,,,,,,,,,
,,,,,,,,wasisa,,,,,,,,,
,,,dasisa,,,,,,,,,,,,,,
,,,,,,,,wasine,,,,,,,,,
,,,dasine,,,,,,,,,,,,,,
,,,,,,,,,,rãti,,,,,,,
,,dawapa,,,,,,,,,,,,,,,
,,,,,,,,,,ruiwapa,,,,,,,
,,,,,,,,,,reti,,,,,,,
,,,,waprui,,,,,,,,,,,,,
,,,,,,,,waprui,,,,,,,,,
,,,,wawaprui,,,,,,,,,,,,,
,,dawaprui,,,,,,,,,,,,,,,
,,,,,,,,,,rosazâ,,,,,,,
,,,dodota,,,,,,,,,,,,,,
,,,,,,,,,,rãihi,,,,,,,
,,,,wawai,,,,,,,,,,,,,
,,,,,,,,wanari,,,,,,,,,
,,,,,,,,,,rema,,,,,,,
,,,,wapsõmri,,,,,,,,,,,,,
,,,,,,,,,,reba,,,,,,,
,,,dumidu,,,,,,,,,,,,,,
,,,darési,,,,,,,,,,,,,,
,,,danhimi,,,,,,,,,,,,,,
,,,,,,,,wanhimi,,,,,,,,,
,,damrozé,,,,,,,,,,,,,,,
,,,,,,,,wawib,,,,,,,,,
,,,,,,,,waptu,,,,,,,,,
,,,,,,,,,,réwi,,,,,,,
,,,,,,,,,,réwihi,,,,,,,
,,dasimasa,,,,,,,,,,,,,,,
,,,,,,,,,,rotété,,,,,,,
,,,,,,,,,,rowim,,,,,,,
,,,,wahubzé,,,,,,,,,,,,,
,,,,,,,,wahubzé,,,,,,,,,
,,,,,,,,,,rãmib,,,,,,,
,,,,,,,,wedezém,,,,,,,,,
,,danomo,,,,,,,,,,,,,,,
,,,danomo,,,,,,,,,,,,,,
,,,,wasétére,,,,,,,,,,,,,
,,,deredu,,,,,,,,,,,,,,
,,,,,,,,,,risiza,,,,,,,
,,,,,,,,wedezai,,,,,,,,,
,,,,,,,,,,repu,,,,,,,
,,,,,,,,,,repuru,,,,,,,
,,,,wanhoto,,,,,,,,,,,,,
,,danhoto,,,,,,,,,,,,,,,
,,,,,,,,wairo,,,,,,,,,
,,damanuta,,,,,,,,,,,,,,,
,,,,,,,,,,rino,,,,,,,
,,,,wahidiba,,,,,,,,,,,,,
,,,,,,ratamhã,,,,,,,,,,,
,,,,,,,,,,ratamhã,,,,,,,
,,,,wasihui,,,,,,,,,,,,,
,,,,,,,,wasihui,,,,,,,,,
,,,,wazabu,,,,,,,,,,,,,
,,dazabu,,,,,,,,,,,,,,,
,,,,,,,,,,robzabu,,,,,,,
,,,dapipa,,,,,,,,,,,,,,
,,,,wanhowa,,,,,,,,,,,,,
,,danhowa,,,,,,,,,,,,,,,
,,,,,,,,wanhowa,,,,,,,,,
,,,danhowa,,,,,,,,,,,,,,
,,dasitob,,,,,,,,,,,,,,,
,,,,,,,,,,rãnhipa,,,,,,,
,,,dazabui,,,,,,,,,,,,,,
,,,,,,,,,,rupuhu,,,,,,,
,,,,,,,,,,rucasi,,,,,,,
,,dabrizé,,,,,,,,,,,,,,,
,,,dabrizé,,,,,,,,,,,,,,
,,,,,,,,wapté,,,,,,,,,
,,,,waptéb,,,,,,,,,,,,,
,,,,,,,,waptéb,,,,,,,,,
,,dawaptom,,,,,,,,,,,,,,,
,,,,waprédu,,,,,,,,,,,,,
,,,,,,,,warazé,,,,,,,,,
,,,,wahup,,,,,,,,,,,,,
,,,,,,,,wahup,,,,,,,,,
,,darizuhu,,,,,,,,,,,,,,,
,,,,,,,,,,roptâi,,,,,,,
,,,,,,,,,,rezaha,,,,,,,
,,,dadihi,,,,,,,,,,,,,,
,,,,,,rameti,,,,,,,,,,,
,,,,,,,,,,rameti,,,,,,,
,,,,,,rametihi,,,,,,,,,,,
,,darere,,,,,,,,,,,,,,,
,,,,warere,,,,,,,,,,,,,
,,,darere,,,,,,,,,,,,,,
,,,,,,,,warere,,,,,,,,,
,,dasipese,,,,,,,,,,,,,,,
,,,,,,,,,,robâdâ,,,,,,,
,,,dazéptâ,,,,,,,,,,,,,,
,,,,,,,,,,ropti,,,,,,,
,,,,,,,,,,ropto,,,,,,,
,,dawazari,,,,,,,,,,,,,,,
,,,,,,,,,,robze,,,,,,,
,,,,wapahâ,,,,,,,,,,,,,
,,dapahâ,,,,,,,,,,,,,,,
,,,,,,,,wawai,,,,,,,,,
,,dazaihâ,,,,,,,,,,,,,,,
,,dasiwa,,,,,,,,,,,,,,,
,,,dasitob,,,,,,,,,,,,,,
,,,,wapézé,,,,,,,,,,,,,
,,,,,,,,wapézé,,,,,,,,,
,,,,wamiri,,,,,,,,,,,,,
,,,,,,,,wamiri,,,,,,,,,
,,,,wapsa,,,,,,,,,,,,,
,,,,,,,,wapsa,,,,,,,,,
,,,,,,,,,,romhu,,,,,,,
,,,,waparizé,,,,,,,,,,,,,
,,,,,,,,,,rinhito,,,,,,,
,,,,wazarizé,,,,,,,,,,,,,
,,,,,,,,,,ruiwa,,,,,,,
,,dawapu,,,,,,,,,,,,,,,
,,,dawapu,,,,,,,,,,,,,,
,,,,,,,,,,ropsisa,,,,,,,
,,,,,,razaru,,,,,,,,,,,
,,,,,,,,,,razaru,,,,,,,
,,,,wasétézé,,,,,,,,,,,,,
,,,,wawazéb,,,,,,,,,,,,,
,,daduri,,,,,,,,,,,,,,,
,,,daduri,,,,,,,,,,,,,,
,,,,,,,,,,reptã,,,,,,,
,,,,,,,,,,robzari,,,,,,,
,,,,,,,,,,rãipo,,,,,,,
,,dawapru,,,,,,,,,,,,,,,
,,,dawapru,,,,,,,,,,,,,,
,,,,,,,,wanhi,,,,,,,,,
,,,danhi,,,,,,,,,,,,,,
,,,,,,,,wapibu,,,,,,,,,
,,,dapibu,,,,,,,,,,,,,,
,,,dawapa,,,,,,,,,,,,,,
,,,,wazuwa,,,,,,,,,,,,,
,,dazuwa,,,,,,,,,,,,,,,
,,,,,,,,wazuwa,,,,,,,,,
,,,dazuwa,,,,,,,,,,,,,,
,,,dawawa,,,,,,,,,,,,,,
,,,damori,,,,,,,,,,,,,,
réwita,,,,,,,,,,,,,,,,,
,,,,,,,,,,réwita,,,,,,,
,,,damrozé,,,,,,,,,,,,,,
,,damrozém,,,,,,,,,,,,,,,
,,dazate,,,,,,,,,,,,,,,
,,,dazate,,,,,,,,,,,,,,
,,,,,,,,,,rica,,,,,,,
,,,,,,,betezata,,,,,,,,,,
,,,,,,,,wapahâ,,,,,,,,,
,,,dapahâ,,,,,,,,,,,,,,
,,darop,,,,,,,,,,,,,,,
,,,darop,,,,,,,,,,,,,,
,,,datozéb,,,,,,,,,,,,,,
,,,,,,,,watozém,,,,,,,,,
,,,datozém,,,,,,,,,,,,,,
,,dasitõmo,,,,,,,,,,,,,,,
,,,didimo,,,,,,,,,,,,,,
,,,,,,,betanha,,,,,,,,,,
,,,,,,razaruhu,,,,,,,,,,,
,,,,wahum,,,,,,,,,,,,,
,,,,,,,,wahum,,,,,,,,,
,,dasisõi,,,,,,,,,,,,,,,
,,,dasisõi,,,,,,,,,,,,,,
,,,,,,,,,,rotizép,,,,,,,
,,,,waptép,,,,,,,,,,,,,
,,,,,,,,waptép,,,,,,,,,
,,dasipibu,,,,,,,,,,,,,,,
,,,,,,,,,,rãsitõ,,,,,,,
,,danhiwãi,,,,,,,,,,,,,,,
,,,,,,,,,,rãime,,,,,,,
,,,datozé,,,,,,,,,,,,,,
,,dabata,,,,,,,,,,,,,,,
,,,dabata,,,,,,,,,,,,,,
,,,,,,raboni,,,,,,,,,,,
,,,,,,,,,,raboni,,,,,,,
,,,,,,,,,,rãzé,,,,,,,
,,,,wawãzé,,,,,,,,,,,,,
,,,,,,,,wawãzé,,,,,,,,,
,,damarizé,,,,,,,,,,,,,,,
,,,,,,,,,,roptéb,,,,,,,
,,,,watawa,,,,,,,,,,,,,
,,,,,,,,watawa,,,,,,,,,
,,damasitu,,,,,,,,,,,,,,,
,,,,,,,,,,rida,,,,,,,
,,,,waptâp,,,,,,,,,,,,,
,,,,,,,,waptâp,,,,,,,,,
,,,docasi,,,,,,,,,,,,,,
,,darizu,,,,,,,,,,,,,,,
,,,,,,,,wairi,,,,,,,,,
,,,,,,,,,,ropodo,,,,,,,
,,,,,,,,,,robrã,,,,,,,
,,,,,,,,,,rusizu,,,,,,,
,,,,,,,,,,renem,,,,,,,
,,,,,,,,,,ridiza,,,,,,,
,,,dazaihâ,,,,,,,,,,,,,,
,,,derebi,,,,,,,,,,,,,,
,,,,,,,,,,rebzu,,,,,,,
,,,,,,,,,,robdi,,,,,,,
,,,,,,,,waneb,,,,,,,,,
,,,,,,,,,,romreme,,,,,,,
,,,,wanebzé,,,,,,,,,,,,,
,,,,,,,,wanebzé,,,,,,,,,
,,darasiza,,,,,,,,,,,,,,,
,,,,,,,,wapré,,,,,,,,,
,,damarisi,,,,,,,,,,,,,,,
,,,,,,,,,,,,,crisipu,,,,
,,,,wasipu,,,,,,,,,,,,,
,,dasipu,,,,,,,,,,,,,,,
,,,,,,,,,,,,,,,,crisipu,
,,,,,,,,wãiwab,,,,,,,,,
,,,darizu,,,,,,,,,,,,,,
,,,,,,ratab,,,,,,,,,,,
,,,,,,,,,,ratab,,,,,,,
,,,,,,,,wazabu,,,,,,,,,
,,,dazabu,,,,,,,,,,,,,,
,,,dahãsi,,,,,,,,,,,,,,
,,,,,,,,,,robzâri,,,,,,,
,,dawarõtâ,,,,,,,,,,,,,,,
,,,,waimri,,,,,,,,,,,,,
,,,,,,,,waimri,,,,,,,,,
,,,,wawaimri,,,,,,,,,,,,,
,,dawaimri,,,,,,,,,,,,,,,
,,,,,,,,,,ritéi,,,,,,,
,,,,,,,,,,rene,,,,,,,
,,,,,,,,,,ropire,,,,,,,
,,,,waprédup,,,,,,,,,,,,,
,,,dawari,,,,,,,,,,,,,,
,,,,,,,,,,reneb,,,,,,,
,,,,,,,,wapâ,,,,,,,,,
,,,,,,,,,,rodisi,,,,,,,
,,,,wasisõpe,,,,,,,,,,,,,
,,,,,,,,,,rãpari,,,,,,,
,,,dasiwa,,,,,,,,,,,,,,
,,dasimana,,,,,,,,,,,,,,,
,,,,,,,,,,romno,,,,,,,
,,,,,,,berenisi,,,,,,,,,,
,,dasimapa,,,,,,,,,,,,,,,
,,,,,,,,,,rãzadâ,,,,,,,
,,,,,,,,,,ropibu,,,,,,,
,,,,,,,,,,rowapõ,,,,,,,
,,,,,,raséza,,,,,,,,,,,
,,,,,,,,,,raséza,,,,,,,
,,,,,,,,,,ribiza,,,,,,,
,,,,,,,,,,renep,,,,,,,
,,,,,,,,,,rehaipo,,,,,,,
,,,,,,,,,,rowahâ,,,,,,,
,,,,,,ratai,,,,,,,,,,,
,,,,,,,,,,ratai,,,,,,,
,,dazawizé,,,,,,,,,,,,,,,
,,,,,,,,wanhoto,,,,,,,,,
,,,danhoto,,,,,,,,,,,,,,
,,,,,,,,,,rãmip,,,,,,,
,,,,wahubzéb,,,,,,,,,,,,,
,,,,wanheme,,,,,,,,,,,,,
,,danheme,,,,,,,,,,,,,,,
,,,,,,,,wanheme,,,,,,,,,
,,,danheme,,,,,,,,,,,,,,
,,,,,,,,,,râwimhã,,,,,,,
,,,,,,,,wawab,,,,,,,,,
,,,,,,,,,,rãnhito,,,,,,,
,,,dasire,,,,,,,,,,,,,,
,,,,,,,,,,repese,,,,,,,
,,,,,,,,,,roptede,,,,,,,
,,,,,,,,wasipu,,,,,,,,,
,,,dasipu,,,,,,,,,,,,,,
,,dasisõpa,,,,,,,,,,,,,,,
,,,,,,,,,,romnhi,,,,,,,
,,,,wasisabu,,,,,,,,,,,,,
,,,,wawapure,,,,,,,,,,,,,
,,,damana,,,,,,,,,,,,,,
,,,,,,,,wamana,,,,,,,,,
,,,,,,,,wawazéb,,,,,,,,,
,,,,,,,,waptém,,,,,,,,,
,,,,,,,,,,ropsu,,,,,,,
,,,,,,,,,,râwip,,,,,,,
,,,,wanhimhã,,,,,,,,,,,,,
,,,,,,,,,,rowazéb,,,,,,,
,,,,,,,,,,repsi,,,,,,,
,,,,,,,,,,robduma,,,,,,,
,,,,wanhiséb,,,,,,,,,,,,,
,,danhiséb,,,,,,,,,,,,,,,
,,,,wazaprõ,,,,,,,,,,,,,
,,,,,,,,wazaprõ,,,,,,,,,
,,dazâmori,,,,,,,,,,,,,,,
,,,,,,,,,,robzâ,,,,,,,
,,,,,,,,waprédu,,,,,,,,,
,,,,wapsãi,,,,,,,,,,,,,
,,,,,,,,wapsãi,,,,,,,,,
,,daprédub,,,,,,,,,,,,,,,
,,,,waprédub,,,,,,,,,,,,,
,,,,,,,,wapibui,,,,,,,,,
,,,,,,,,,,rãzaza,,,,,,,
,,,,,,,,,,ropézé,,,,,,,
,,,,wasihawi,,,,,,,,,,,,,
,,,,,,radiseza,,,,,,,,,,,
,,,danhorõ,,,,,,,,,,,,,,
,,,,wazabâdâ,,,,,,,,,,,,,
,,,,wapatâ,,,,,,,,,,,,,
,,,,,,,,wapatâ,,,,,,,,,
,,,,wasipa,,,,,,,,,,,,,
,,,,,,,,wasipa,,,,,,,,,
,,,,,,,,,,ropibui,,,,,,,
,,,,,,,,,,rebzui,,,,,,,
,,,,wairobzé,,,,,,,,,,,,,
,,,,warahu,,,,,,,,,,,,,
,,,,,,,,warahu,,,,,,,,,
,,,,wazababa,,,,,,,,,,,,,
,,,,wamhâri,,,,,,,,,,,,,
,,,,,,,,wamhâri,,,,,,,,,
,,,demasi,,,,,,,,,,,,,,
,,damasiza,,,,,,,,,,,,,,,
,,,,,,,,wawawã,,,,,,,,,
,,,,,,,,wedehâ,,,,,,,,,
,,,,wanhowab,,,,,,,,,,,,,
,,,,,,,,,,rebâi,,,,,,,
,,dazahui,,,,,,,,,,,,,,,
,,,dazahui,,,,,,,,,,,,,,
,,,,,,,,wãiwa,,,,,,,,,
,,dasiwã,,,,,,,,,,,,,,,
,,,dasiwã,,,,,,,,,,,,,,
,,,,,,,,,,rãdâ,,,,,,,
,,,,,,,,wairõ,,,,,,,,,
,,,,,,,,,,ruza,,,,,,,
,,,,,,,,,,rowazép,,,,,,,
,,,,,,,,,,rãpo,,,,,,,
,,,,,,ratap,,,,,,,,,,,
,,,,,,,,,,ratap,,,,,,,
,,,,,,,,,,rowib,,,,,,,
,,,,,,,,,,romhâi,,,,,,,
,,,,,,,,,,ridawab,,,,,,,
,,,,,,,,,,rube,,,,,,,
,,,,,,,,wamhi,,,,,,,,,
,,dahâzub,,,,,,,,,,,,,,,
,,,dahâzub,,,,,,,,,,,,,,
,,,dawasi,,,,,,,,,,,,,,
,,,,,,,,,,rowimhã,,,,,,,
,,,,,,,,,,rãiwati,,,,,,,
,,dahâpré,,,,,,,,,,,,,,,
,,,dahâpré,,,,,,,,,,,,,,
,,dasisoto,,,,,,,,,,,,,,,
,,,,,,,,,,rãire,,,,,,,
,,,,,,ratahi,,,,,,,,,,,
,,,,,,,,,,ratahi,,,,,,,
,,,,,,,,,,rebzâri,,,,,,,
